state_fips,state,year,region,division,crushed_stone_tons,crushed_stone_total_value,crushed_stone_unit_value,census_bps_time,region_code,division_code,census_bps_state_name,bldgs_1unit,units_1unit,value_1unit,bldgs_2unit,units_2unit,value_2unit,bldgs_34unit,units_34unit,value_34unit,bldgs_5punit,units_5punit,value_5punit,bldgs_1unit_rep,units_1unit_rep,value_1unit_rep,bldgs_2unit_rep,units_2unit_rep,value_2unit_rep,bldgs_34unit_rep,units_34unit_rep,value_34unit_rep,bldgs_5punit_rep,units_5punit_rep,value_5punit_rep,capital_right_of_way,capital_engineering,capital_construction_preservation,capital_outlay_total,physical_maintenance,traffic_control_operations,snow_ice_removal,other_services,toll_collection_expenses,highway_traffic_services_total,general_administration,research_planning,administration_research_total,traffic_supervision,highway_safety_driver_education,vehicle_inspection,size_weight_enforcement,law_enforcement_safety_total,construction_employment_thousands,months_reported,series_id,real_gdp,personal_income,construction_real_gdp,construction_real_gdp_unit,unit_multiplier,construction_real_gdp_growth_pct,private_nonresidential_spending_nominal_millions,state_local_construction_spending_nominal_millions,industrial_distillate_price_per_mmbtu,industrial_electricity_price_per_mmbtu,industrial_natural_gas_price_per_mmbtu,industrial_energy_price_per_mmbtu,active_stone_mines,stone_mine_employees,stone_mine_employee_hours,stone_mine_operations,lag_active_stone_mines,lag_stone_mine_employee_hours,mortgage_rate_pct,mortgage_rate_observations,cpi_index,inflation_pct,cpi_observations
01,Alabama,2015,South,East South Central,35300000,366000000,10.36,201599,3,6,Alabama,10257,10257,2094023,80,160,19716,51,190,19789,159,3447,283246,9384,9384,1934936,80,160,19716,49,184,19602,148,3368,281105,12930,50228,764600,827758,5184,24375,293,0,0,24668,187546,22885,210431,199684,39173,0,1848,240705,15.508333333333333,12,SMU01000002023700001,208950.3,187474.7,8009.1,millions_of_chained_2017_dollars,6,,2904,3569,13.63,17.68,3.98,7.74,68,659,1421475,68,,,3.850576923076923,52,237.00175,,12
01,Alabama,2016,South,East South Central,37500000,404000000,10.78,201699,3,6,Alabama,11692,11692,2341744,53,106,14961,64,232,25627,181,2971,340624,10985,10985,2214543,53,106,14961,62,225,25408,180,2962,340404,14544,26240,736635,777419,9553,20843,237,0,0,21080,189323,25292,214615,194038,35107,0,2036,231181,16.125,12,SMU01000002023700001,212862.8,190871.8,8509.7,millions_of_chained_2017_dollars,6,6.25039018116893,3090,3392,12.02,17.71,3.69,7.3,70,697,1488612,70,68,1421475,3.6540384615384616,52,240.00541666666663,1.2673605433996429,12
01,Alabama,2017,South,East South Central,37600000,410000000,10.9,201799,3,6,Alabama,12233,12233,2511065,83,166,15782,56,182,14819,88,2218,231109,11199,11199,2305461,69,138,9949,45,143,9799,54,1765,186344,14450,43927,733694,792071,10200,4804,36,0,0,4840,178291,19177,197468,193307,37206,0,2474,232987,17.05,12,SMU01000002023700001,216615.5,197963.8,8824.8,millions_of_chained_2017_dollars,6,3.7028332373644,3156,2874,14.63,18.05,4.109999999999999,7.69,69,663,1440006,69,70,1488612,3.989807692307692,52,245.121,2.131444950027195,12
01,Alabama,2018,South,East South Central,36900000,417000000,11.29,201899,3,6,Alabama,12978,12978,2753841,44,88,11251,44,160,28799,111,1598,252766,11934,11934,2550001,37,74,8293,31,113,23899,90,1293,223623,30443,1550098,25492,1606033,155632,9256,0,3777,0,13033,256726,24890,281616,63500,82607,0,2064,148171,17.241666666666667,12,SMU01000002023700001,220808.8,205674.2,9193.6,millions_of_chained_2017_dollars,6,4.179131538391823,4165,3360,17.979999999999997,17.62,4.109999999999999,7.72,74,677,1429150,74,69,1440006,4.544615384615384,52,251.0995,2.438999514525486,12
01,Alabama,2019,South,East South Central,41100000,529000000,12.86,201999,3,6,Alabama,14705,14705,3103068,75,150,19134,89,330,28860,92,2563,394209,14198,14198,3031718,75,150,19134,88,326,28735,92,2563,394209,12848,444471,930440,1387759,193070,9652,0,2172,0,11824,313911,22630,336541,123118,86227,0,2168,211513,17.575,12,SMU01000002023700001,225272.8,215151.8,9821.6,millions_of_chained_2017_dollars,6,6.8308388444135115,4844,3802,16.59,17.439999999999998,3.84,7.5,75,731,1571504,75,74,1429150,3.935769230769231,52,255.65258333333333,1.8132586219141489,12
01,Alabama,2020,South,East South Central,40700000,556000000,13.67,202099,3,6,Alabama,17551,17551,4024112,57,114,13920,52,192,18764,128,2125,301896,15339,15339,3584223,41,82,8988,12,43,9353,103,1559,207465,7144,454065,692566,1153775,46985,6675,0,6073,0,12748,516874,24764,541638,28500,124200,0,2304,155004,16.858333333333334,12,SMU01000002023700001,223025.5,230878.4,10006.9,millions_of_chained_2017_dollars,6,1.8866579783334725,5855,3936,11.53,17.21,3.44,6.88,74,740,1545264,74,75,1571504,3.111698113207547,53,258.85575,1.2529373358571627,12
01,Alabama,2021,South,East South Central,43800000,635000000,14.51,202199,3,6,Alabama,17879,17879,4323650,49,98,15617,55,199,16749,159,3924,460158,15471,15471,3807168,48,96,15579,54,195,16624,159,3924,460158,9920,323976,591614,925510,65449,36649,0,0,0,36649,440261,24871,465132,28500,113282,0,2675,144457,16.958333333333332,12,SMU01000002023700001,233951.1,255682.3,10365.4,millions_of_chained_2017_dollars,6,3.5825280556416095,5083,3025,17.74,18.54,4.71,8.11,76,752,1623449,76,74,1545264,2.9576923076923074,52,270.97341666666665,4.681242996018686,12
01,Alabama,2022,South,East South Central,43600000,687000000,15.739999999999998,202299,3,6,Alabama,15961,15961,4154464,114,228,27226,38,139,19461,111,3171,503273,13442,13442,3566341,110,220,25807,38,139,19461,101,2992,478899,14782,26029,1225238,1266049,28660,4074,1651,0,0,5725,392577,27543,420120,29700,36344,0,789,66833,18.275,12,SMU01000002023700001,239846.6,262425.8,9693.1,millions_of_chained_2017_dollars,6,-6.486001505007033,4657,3949,27.8,22.62,7.64,11.29,78,797,1709666,78,76,1623449,5.344038461538461,52,292.62641666666667,7.990820747791694,12
01,Alabama,2023,South,East South Central,43300000,757000000,17.48999999999999,202399,3,6,Alabama,16298,16298,4460009,134,268,39784,36,129,23406,150,3642,560513,14013,14013,3897032,134,268,39784,31,112,20815,146,3581,551132,5662,22643,939928,968233,31661,5285,1125,0,0,6410,377996,26580,404576,24700,70689,0,2173,97562,18.083333333333332,12,SMU01000002023700001,248313.7,279484.6,9877.3,millions_of_chained_2017_dollars,6,1.9003208467879065,7006,4841,22.42,20.82,4.4,9.36,80,831,1740619,80,78,1709666,6.806730769230769,52,304.703,4.12696279129503,12
02,Alaska,2015,West,Pacific,1040000,12100000,11.64,201599,4,9,Alaska,992,992,279454,35,70,9911,22,75,10273,19,161,24958,336,336,74740,33,66,9425,10,39,4001,2,13,1559,29169,181315,582065,792549,30975,16153,29278,0,150800,196231,63625,24852,88477,40619,3750,1565,1879,47813,,,,53681.1,41918.6,2708.7,millions_of_chained_2017_dollars,6,,475,3263,21.58,42.57,6.85,22.07,21,86,73608,21,,,3.850576923076923,52,237.00175,,12
02,Alaska,2016,West,Pacific,760000,15500000,20.39,201699,4,9,Alaska,1035,1035,301850,38,76,11849,26,88,12004,30,304,43339,303,303,73597,37,74,11617,14,51,5581,12,130,15831,26015,87346,786625,899986,58848,6472,20912,0,134800,162184,72552,27977,100529,39175,1842,1861,1755,44633,,,,53463.9,41285.5,2550.2,millions_of_chained_2017_dollars,6,-5.851515487134051,224,2618,16.37,44.6,5.05,18.73,16,64,67206,16,21,73608,3.6540384615384616,52,240.00541666666663,1.2673605433996429,12
02,Alaska,2017,West,Pacific,1050000,22300000,21.32,201799,4,9,Alaska,1127,1127,331420,48,96,14820,21,74,11374,26,242,38054,295,295,73939,47,94,14710,7,27,3209,7,70,10861,26015,87346,786625,899986,58848,6472,20912,0,134800,162184,72552,27977,100529,39175,1842,1861,1755,44633,,,,53550.9,41919.4,2445,millions_of_chained_2017_dollars,6,-4.125166653595791,236,1586,17.630000000000003,47.89,4.6899999999999995,20.16,19,74,57516,19,16,67206,3.989807692307692,52,245.121,2.131444950027195,12
02,Alaska,2018,West,Pacific,1400000,27800000,19.88,201899,4,9,Alaska,1227,1227,356698,55,110,17606,17,61,10096,29,279,44620,330,330,79013,54,108,17304,4,13,1759,10,113,18376,20918,130975,559333,711226,60423,5229,25339,0,147700,178268,68811,23498,92309,43028,4499,2014,1513,51054,,,,52479.6,43522.7,2500.5,millions_of_chained_2017_dollars,6,2.2699386503067576,352,1352,20.66,50.13,5.970000000000001,24.41,18,73,84884,18,19,57516,4.544615384615384,52,251.0995,2.438999514525486,12
02,Alaska,2019,West,Pacific,1540000,27700000,18.05,201999,4,9,Alaska,1147,1147,336955,27,54,8527,23,85,13497,41,394,53942,309,309,74441,27,54,8527,10,37,5159,21,221,26591,15819,138756,612999,767574,74236,9893,27092,0,147700,184685,22660,22645,45305,46042,4784,1947,1787,54560,,,,52377.5,44459.7,2560,millions_of_chained_2017_dollars,6,2.379524095180962,494,1494,16.630000000000003,49.66,5.95,20.89,16,83,80045,16,18,84884,3.935769230769231,52,255.65258333333333,1.8132586219141489,12
02,Alaska,2020,West,Pacific,1530000,14700000,9.59,202099,4,9,Alaska,1019,1019,310554,30,60,10477,24,86,14641,21,255,45684,286,286,83249,29,58,10171,14,50,8387,9,141,27661,21142,102828,484978,608948,78856,11190,30433,0,159970,201593,19906,31985,51891,54799,4541,2063,1898,63301,,,,50901.3,45375.8,2467.7,millions_of_chained_2017_dollars,6,-3.605468750000007,273,1232,11.61,46.56,4.91,17.979999999999997,16,73,61165,16,16,80045,3.111698113207547,53,258.85575,1.2529373358571627,12
02,Alaska,2021,West,Pacific,807000,8900000,11.03,202199,4,9,Alaska,1158,1158,353576,17,34,5555,29,103,15405,24,257,38763,284,284,77723,16,32,5249,16,54,6952,2,13,1762,16331,138946,569206,724483,83533,8757,37770,0,93500,140027,18325,24707,43032,50967,6533,1896,1965,61361,,,,51764,48327.1,2374.9,millions_of_chained_2017_dollars,6,-3.76058678121326,201,1537,17.52,49.39,5.3,16.259999999999998,17,88,66711,17,16,61165,2.9576923076923074,52,270.97341666666665,4.681242996018686,12
02,Alaska,2022,West,Pacific,541000,6040000,11.16,202299,4,9,Alaska,471,471,167385,22,44,7702,5,18,2351,5,45,7149,431,431,158560,22,44,7702,5,18,2351,5,45,7149,17533,131932,553468,702933,78875,10220,32792,0,96000,139012,18865,24809,43674,51114,7047,2513,2157,62831,,,,50509.1,50793.7,2106.8,millions_of_chained_2017_dollars,6,-11.28889637458419,659,1389,30.07,54.02,6.84,15.95,15,58,47010,15,17,66711,5.344038461538461,52,292.62641666666667,7.990820747791694,12
02,Alaska,2023,West,Pacific,589000,7150000,12.14,202399,4,9,Alaska,599,599,214342,24,48,10231,4,15,2283,13,275,35027,556,556,204594,24,48,10231,4,15,2283,13,275,35027,13212,82575,682923,778710,83130,9295,34851,0,121048,165194,20932,33205,54137,49931,7456,2540,1903,61830,,,,54183.8,53322,2224.5,millions_of_chained_2017_dollars,6,5.58667172963736,483,1949,27.21,54.809999999999995,6.54,14.739999999999998,16,68,60062,16,15,47010,6.806730769230769,52,304.703,4.12696279129503,12
04,Arizona,2015,West,Mountain,10300000,92200000,8.98,201599,4,8,Arizona,22311,22311,5952358,111,222,30101,61,225,34564,299,6152,968691,21748,21748,5797570,106,212,28955,59,217,34078,285,6039,958438,66380,81141,639113,786634,131372,20945,4174,6670,0,31789,191268,36514,227782,117429,15264,33058,2858,168609,14.858333333333334,12,SMU04000002023700001,308582.8,267474.1,12776.5,millions_of_chained_2017_dollars,6,,3498,2817,15.03,18.36,6.49,15.17,63,515,1013293,63,,,3.850576923076923,52,237.00175,,12
04,Arizona,2016,West,Mountain,9410000,91000000,9.67,201699,4,8,Arizona,24853,24853,6645128,233,484,53061,42,168,28932,290,10073,1317403,24288,24288,6462750,227,472,51780,42,168,28932,287,9963,1303783,254117,90336,710522,1054975,126446,13617,4061,3810,0,21488,151119,98685,249804,122024,17686,30786,0,170496,14.383333333333333,12,SMU04000002023700001,319008.4,279696.7,13918.7,millions_of_chained_2017_dollars,6,8.939850506789826,4006,2824,12.97,17.779999999999998,5.56,13.86,64,513,1026507,64,63,1013293,3.6540384615384616,52,240.00541666666663,1.2673605433996429,12
04,Arizona,2017,West,Mountain,9810000,91400000,9.32,201799,4,8,Arizona,28072,28072,7115946,216,432,47550,73,273,43648,452,10695,1494132,27822,27822,7046357,213,426,47550,73,273,43648,451,10687,1493360,170879,78433,746996,996308,129086,14921,6064,5561,0,26546,184341,54042,238383,118653,9836,29398,0,157887,15.391666666666666,12,SMU04000002023700001,333099,297261.5,15520.3,millions_of_chained_2017_dollars,6,11.506821757779084,3944,4253,15.45,18.91,6.1899999999999995,14.98,64,507,965443,64,64,1026507,3.989807692307692,52,245.121,2.131444950027195,12
04,Arizona,2018,West,Mountain,11800000,111000000,9.42,201899,4,8,Arizona,32127,32127,8343636,323,646,67685,76,264,45963,305,8627,1270438,31037,31037,8031825,322,644,67444,75,261,45477,278,8286,1221311,169374,88711,848157,1106242,124975,17835,3487,5261,0,26583,175253,68075,243328,123230,9917,28096,0,161243,17.116666666666667,12,SMU04000002023700001,346398.3,315459,17030.5,millions_of_chained_2017_dollars,6,9.730482013878603,5685,4169,18.72,19.19,5.75,16.2,62,505,968167,62,64,965443,4.544615384615384,52,251.0995,2.438999514525486,12
04,Arizona,2019,West,Mountain,10900000,121000000,11.05,201999,4,8,Arizona,33981,33981,9040908,438,876,112744,60,202,41261,326,11521,1655643,33683,33683,8966177,432,864,111186,60,202,41261,314,10234,1431676,64111,76949,1234567,1375627,136646,16371,3363,5073,0,24807,139975,84355,224330,40498,10268,31443,0,82209,19.225,12,SMU04000002023700001,359576.7,337257.2,18334.7,millions_of_chained_2017_dollars,6,7.658025307536476,8287,4596,17.57,18.4,3.99,15.68,61,501,990188,61,62,968167,3.935769230769231,52,255.65258333333333,1.8132586219141489,12
04,Arizona,2020,West,Mountain,11000000,120000000,10.92,202099,4,8,Arizona,42277,42277,11316498,520,1040,130229,91,311,44797,522,16714,2306834,40937,40937,10974318,492,984,123183,90,307,44547,470,14864,1998513,87508,94021,902722,1084251,129334,16428,5369,5796,0,27593,126428,128270,254698,17622,11178,29928,0,58728,20.558333333333337,12,SMU04000002023700001,366588,374282.4,19960.8,millions_of_chained_2017_dollars,6,8.868975221847087,9581,5197,12.26,17.79,3.84,13.78,57,481,933967,57,61,990188,3.111698113207547,53,258.85575,1.2529373358571627,12
04,Arizona,2021,West,Mountain,11400000,124000000,10.91,202199,4,8,Arizona,46561,46561,12666074,666,1332,160904,96,336,64318,727,17105,2431395,45197,45197,12327048,630,1260,152106,95,332,64105,652,14583,2013140,101998,88840,667115,857953,141328,4031,9110,27912,0,41053,146452,124386,270838,18293,10259,26785,0,55337,20.083333333333332,12,SMU04000002023700001,396457.5,415893.1,20707.7,millions_of_chained_2017_dollars,6,3.741833994629484,14250,4398,18.5,19.89,6.2,16.919999999999998,56,498,970020,56,57,933967,2.9576923076923074,52,270.97341666666665,4.681242996018686,12
04,Arizona,2022,West,Mountain,11200000,131000000,11.68,202299,4,8,Arizona,37288,37288,10532726,937,1874,234113,86,308,103719,701,22061,3651104,36201,36201,10268503,902,1804,225840,86,308,103719,625,19522,3229891,92347,103382,711386,907115,120512,2546,6349,20639,0,29534,139854,129671,269525,21367,13754,25761,0,60882,22.316666666666663,12,SMU04000002023700001,413798.8,435718.7,21122.8,millions_of_chained_2017_dollars,6,2.004568348971625,33105,4526,28.76,23.05,7.25,22.29,55,509,1027545,55,56,970020,5.344038461538461,52,292.62641666666667,7.990820747791694,12
04,Arizona,2023,West,Mountain,13400000,174000000,13.02,202399,4,8,Arizona,34429,34429,9959478,1037,2074,266339,88,334,61286,710,21596,3277076,32272,32272,9401011,997,1994,255453,88,334,61286,640,19380,2909818,98487,97225,849750,1045462,150329,3573,15624,23574,0,42771,309053,123412,432465,32644,14180,28468,0,75292,24.45,12,SMU04000002023700001,427644,471040.2,22526.2,millions_of_chained_2017_dollars,6,6.644005529569941,46279,4888,24.479999999999997,23.76,6.78,20.79,50,431,811905,50,55,1027545,6.806730769230769,52,304.703,4.12696279129503,12
05,Arkansas,2015,South,West South Central,27800000,236000000,8.5,201599,3,7,Arkansas,5709,5709,1162374,167,334,29420,36,131,7632,136,2326,180680,5223,5223,1095769,162,324,28785,33,122,7295,117,2132,168291,33982,95331,724009,853322,163990,7890,17201,22691,0,47782,45113,11118,56231,62881,20403,0,6841,90125,,,,121532.5,116632.4,4550.6,millions_of_chained_2017_dollars,6,,2654,1976,13.96,18.25,6.819999999999999,9.97,0,0,0,0,,,3.850576923076923,52,237.00175,,12
05,Arkansas,2016,South,West South Central,29400000,264000000,8.960000000000003,201699,3,7,Arkansas,6816,6816,1362332,269,538,53086,61,214,11452,138,1906,136012,5955,5955,1230841,232,464,48431,54,190,10416,110,1651,121678,47996,94285,785039,927320,184479,7695,4812,23350,0,35857,23957,10648,34605,63668,15920,0,6937,86525,,,,123034.9,119758.8,4698.3,millions_of_chained_2017_dollars,6,3.245725838350988,2319,2816,12.31,17.810000000000002,5.71,9.17,0,0,0,0,0,0,3.6540384615384616,52,240.00541666666663,1.2673605433996429,12
05,Arkansas,2017,South,West South Central,30900000,293000000,9.460000000000004,201799,3,7,Arkansas,7376,7376,1500229,231,462,49161,105,386,20947,145,2571,196151,6540,6540,1371527,207,414,45823,89,331,18312,113,2298,181225,57954,94565,1073072,1225591,169897,7792,3953,25635,0,37380,25199,10706,35905,64006,43236,0,7117,114359,,,,123882.6,123825.4,4819.6,millions_of_chained_2017_dollars,6,2.5817849009216243,2155,2586,14.98,17.8,6.55,9.56,0,0,0,0,0,0,3.989807692307692,52,245.121,2.131444950027195,12
05,Arkansas,2018,South,West South Central,29000000,274000000,9.47,201899,3,7,Arkansas,7354,7354,1557355,213,426,38870,96,349,28557,109,2050,204659,6088,6088,1331650,179,358,34027,68,251,23803,69,1590,175098,33612,105752,1060915,1200279,166704,7963,6572,24841,0,39376,26573,10117,36690,60563,19029,0,7728,87320,,,,126371.2,128970.8,4762.3,millions_of_chained_2017_dollars,6,-1.1888953440119532,2257,3491,18.41,16.53,6.6899999999999995,9.86,0,0,0,0,0,0,4.544615384615384,52,251.0995,2.438999514525486,12
05,Arkansas,2019,South,West South Central,29600000,282000000,9.54,201999,3,7,Arkansas,7869,7869,1716632,280,560,71276,112,415,31447,158,3879,352252,6871,6871,1535939,268,536,69550,107,396,30504,115,3381,320399,23826,93528,802429,919783,168356,9351,6020,23743,0,39114,28925,10282,39207,67395,17874,0,7907,93176,,,,127220,131394.8,4859.8,millions_of_chained_2017_dollars,6,2.0473300716040477,3345,2223,16.979999999999997,17.97,6.17,9.86,0,0,0,0,0,0,3.935769230769231,52,255.65258333333333,1.8132586219141489,12
05,Arkansas,2020,South,West South Central,31100000,299000000,9.63,202099,3,7,Arkansas,8802,8802,1967409,366,732,87187,154,528,42061,178,2431,257089,7334,7334,1724841,329,658,82066,112,374,34184,138,2026,229646,39498,106361,880060,1025919,169269,9256,3130,21131,0,33517,30855,10064,40919,56506,19265,0,8703,84474,,,,128395.6,142072.2,4970.9,millions_of_chained_2017_dollars,6,2.2861023087369814,2820,2913,11.8,17.27,6.17,9.47,0,0,0,0,0,0,3.111698113207547,53,258.85575,1.2529373358571627,12
05,Arkansas,2021,South,West South Central,34100000,342000000,10.02,202199,3,7,Arkansas,10563,10563,2510146,308,616,70596,160,567,65517,126,2452,211357,9028,9028,2245391,266,532,64869,109,391,56269,82,2009,178545,56812,112700,1153190,1322702,156728,9097,17501,20967,0,47565,52135,9676,61811,57684,19632,0,8765,86081,,,,137634.8,161493.9,5200.5,millions_of_chained_2017_dollars,6,4.618881892615034,2553,2827,18.17,19.24,7.65,11.61,0,0,0,0,0,0,2.9576923076923074,52,270.97341666666665,4.681242996018686,12
05,Arkansas,2022,South,West South Central,31800000,336000000,10.58,202299,3,7,Arkansas,9473,9473,2546336,300,600,80138,163,582,60009,178,3709,324175,8181,8181,2325170,250,500,71295,111,404,50845,123,3161,283803,37084,127462,1236278,1400824,168464,9816,20812,22856,0,53484,30474,10853,41327,62510,20259,0,9656,92425,,,,138672,163688.6,4986.8,millions_of_chained_2017_dollars,6,-4.109220267281987,3634,3145,28.459999999999997,21.630000000000003,10.3,14.77,0,0,0,0,0,0,5.344038461538461,52,292.62641666666667,7.990820747791694,12
05,Arkansas,2023,South,West South Central,33000000,359000000,10.87,202399,3,7,Arkansas,9360,9360,2383914,515,1030,163451,103,356,29688,145,2096,259538,8117,8117,2165803,458,916,153304,47,167,19954,97,1621,225161,86793,142124,1232014,1460931,159506,10156,39266,24539,0,73961,69042,11842,80884,78835,14556,0,8986,102377,,,,141968,173568.3,5243.3,millions_of_chained_2017_dollars,6,5.14357904868854,6047,4853,22.959999999999997,20.12,9.27,13.45,0,0,0,0,0,0,6.806730769230769,52,304.703,4.12696279129503,12
06,California,2015,West,Pacific,38200000,350000000,9.16,201599,4,9,California,45644,45644,14060553,721,1442,272728,401,1366,237005,1601,49736,8066888,43051,43051,13372343,692,1384,257814,375,1281,223949,1459,48208,7898785,238916,520330,2306604,3065850,1109740,134992,1,4192,111275,250460,510506,88257,598763,1790185,78772,121490,40414,2030861,80.54166666666667,12,SMU06000002023700001,2545979.5,2097049.6,97403.7,millions_of_chained_2017_dollars,6,,19908,32749,15.3,35.65,6.18,13.4,72,422,702500,72,,,3.850576923076923,52,237.00175,,12
06,California,2016,West,Pacific,37100000,338000000,9.11,201699,4,9,California,50311,50311,15201727,799,1598,293218,461,1591,299666,1544,48850,8250579,47610,47610,14484140,775,1550,279836,430,1485,285157,1401,46714,7963542,233850,392716,1585578,2212144,1195249,131883,1,2646,62216,196746,531977,89805,621782,1846258,99161,134328,42720,2122467,82.15833333333333,12,SMU06000002023700001,2623711.7,2191138,104378.3,millions_of_chained_2017_dollars,6,7.16050827637964,26305,30438,13.21,34.94,6.56,12.86,74,436,724998,74,72,702500,3.6540384615384616,52,240.00541666666663,1.2673605433996429,12
06,California,2017,West,Pacific,39700000,380000000,9.58,201799,4,9,California,57132,57132,17227303,1084,2168,415680,628,2138,385404,1874,53342,9753820,53138,53138,16039078,1001,2002,386020,577,1968,363948,1714,51441,9475674,184194,363517,1317826,1865537,1251511,135753,31600,2854,89431,259638,558072,99049,657121,1878022,117045,145065,36875,2177007,85.11666666666666,12,SMU06000002023700001,2740550.3,2295048.7,110699.1,millions_of_chained_2017_dollars,6,6.05566482688451,30230,32872,15.69,37.309999999999995,6.81,13.65,77,485,834565,77,74,724998,3.989807692307692,52,245.121,2.131444950027195,12
06,California,2018,West,Pacific,41100000,388000000,9.43,201899,4,9,California,58831,58831,17843585,1295,2590,480909,588,2050,389207,1763,50031,9130926,54713,54713,16563958,1185,2370,436007,534,1875,367343,1569,47938,8795219,277109,1186589,3114875,4578573,1522673,135148,26568,3408,70168,235292,797018,62205,859223,1952498,167616,149519,39790,2309423,90.03333333333333,12,SMU06000002023700001,2850970.3,2411055.1,116056.6,millions_of_chained_2017_dollars,6,4.8396960770232145,30416,37287,19.01,38.690000000000005,6.89,14.58,72,478,837145,72,77,834565,4.544615384615384,52,251.0995,2.438999514525486,12
06,California,2019,West,Pacific,41900000,453000000,10.81,201999,4,9,California,58575,58575,17376935,1238,2476,498041,492,1694,305526,1600,47452,8402846,56085,56085,16660377,1210,2420,480472,470,1623,291986,1512,46005,8150225,262670,1306343,2944955,4513968,2067459,145615,37801,2880,77611,263907,553819,26488,580307,2047844,153080,167726,41788,2410438,92.38333333333333,12,SMU06000002023700001,2969609,2539747.4,119243.5,millions_of_chained_2017_dollars,6,2.7459877335713756,25729,41249,17.84,39.27,7.44,14.76,73,509,856611,73,72,837145,3.935769230769231,52,255.65258333333333,1.8132586219141489,12
06,California,2020,West,Pacific,40300000,434000000,10.75,202099,4,9,California,59043,59043,16507110,1070,2140,403077,482,1677,327938,1384,43215,8184995,51537,51537,14252828,993,1986,359230,430,1506,295715,1207,39928,7675593,220578,1466897,3479383,5166858,1846050,205265,31743,0,613976,850984,405054,19523,424577,2279252,119717,169133,49404,2617506,91.65,12,SMU06000002023700001,2930654.6,2770488.8,113508.9,millions_of_chained_2017_dollars,6,-4.80915102290691,22429,44735,12.45,41.82,7.3,14.58,72,496,820983,72,73,856611,3.111698113207547,53,258.85575,1.2529373358571627,12
06,California,2021,West,Pacific,38300000,455000000,11.89,202199,4,9,California,65890,65890,18779857,1204,2408,531442,469,1631,353962,1763,49507,9059617,62562,62562,17747883,1147,2294,486570,452,1578,342837,1638,47264,8714424,189480,1411900,3973153,5574533,1640388,183553,30175,0,30657,244385,487809,23034,510843,2024002,68911,164861,43148,2300922,94.4,12,SMU06000002023700001,3151112.5,3019215.7,114963.6,millions_of_chained_2017_dollars,6,1.2815735153807406,24497,45622,18.79,43.43,9.43,17.259999999999998,68,442,746403,68,72,820983,2.9576923076923074,52,270.97341666666665,4.681242996018686,12
06,California,2022,West,Pacific,40400000,532000000,13.16,202299,4,9,California,63628,63628,18519075,1301,2602,524570,509,1778,371251,1879,52772,9606382,61268,61268,17775739,1254,2508,497562,489,1718,356652,1713,50915,9298197,239712,1574134,3673492,5487338,1918562,209107,29679,639,95792,335217,656054,21761,677815,2303403,175269,170559,46389,2695620,96.65,12,SMU06000002023700001,3147211.4,3021645.5,106070.6,millions_of_chained_2017_dollars,6,-7.735491929619465,33989,45931,29.21,50.08,13.27,23.130000000000003,66,438,778770,66,68,746403,5.344038461538461,52,292.62641666666667,7.990820747791694,12
06,California,2023,West,Pacific,41500000,608000000,14.64,202399,4,9,California,58534,58534,17917089,1229,2458,513578,423,1444,396185,2029,49324,9036498,53862,53862,16559060,1168,2336,481169,402,1379,378208,1853,47606,8742211,213190,1682019,3646092,5541301,2188111,221155,59830,530,116241,397756,741694,24363,766057,2479515,183219,202378,57431,2922543,96.90833333333332,12,SMU06000002023700001,3204016.4,3182779.3,101578.9,millions_of_chained_2017_dollars,6,-4.234632405209371,35930,46676,24.87,54.63,13.61,22.71,67,466,821652,67,66,778770,6.806730769230769,52,304.703,4.12696279129503,12
08,Colorado,2015,West,Mountain,14900000,131000000,8.729999999999999,201599,4,8,Colorado,20025,20025,5993814,167,334,61689,81,287,57871,267,11225,1419245,19415,19415,5748476,137,274,51839,69,249,52624,253,11102,1397773,8661,53045,862883,924589,213703,65000,75000,10000,76,150076,74169,36764,110933,134686,10604,10591,0,155881,22.883333333333333,12,SMU08000002023700001,330526.1,279696,18169.9,millions_of_chained_2017_dollars,6,,5821,4717,14.46,21.69,5.44,13.32,40,401,799164,40,,,3.850576923076923,52,237.00175,,12
08,Colorado,2016,West,Mountain,15400000,148000000,9.59,201699,4,8,Colorado,21577,21577,6675789,278,556,112393,68,242,39617,543,16599,2101098,20465,20465,6310714,254,508,101546,56,203,31554,523,16445,2076197,29675,63812,1037429,1130916,163778,64574,79252,10032,45447,199305,93922,39792,133714,140843,20956,11476,0,173275,21.583333333333332,12,SMU08000002023700001,337685.2,283678.7,19568.7,millions_of_chained_2017_dollars,6,7.69844633157033,7040,5323,11.63,21.54,4.619999999999999,12.16,42,432,857505,42,40,799164,3.6540384615384616,52,240.00541666666663,1.2673605433996429,12
08,Colorado,2017,West,Mountain,15500000,149000000,9.63,201799,4,8,Colorado,24338,24338,7439961,172,344,68895,116,415,62792,399,15576,1953459,23532,23532,7129788,160,320,61447,107,387,56796,379,15415,1932537,59589,102037,797582,959208,273434,69871,73840,9076,1004,153791,130227,43150,173377,0,10463,0,0,10463,22.141666666666666,12,SMU08000002023700001,350209.1,303366.7,20895.7,millions_of_chained_2017_dollars,6,6.781237384190053,7424,7190,14.35,21.99,5.2700000000000005,12.82,43,452,920517,43,42,857505,3.989807692307692,52,245.121,2.131444950027195,12
08,Colorado,2018,West,Mountain,14800000,150000000,10.13,201899,4,8,Colorado,26134,26134,7879399,187,374,77608,120,414,71288,520,15705,2202245,25050,25050,7559942,176,352,68054,101,357,54408,492,15392,2130584,46853,82098,979071,1108022,364735,71067,68625,9653,3539,152884,245595,37889,283484,0,16722,0,0,16722,24.525,12,SMU08000002023700001,365204.5,328112.7,22141.5,millions_of_chained_2017_dollars,6,5.961992180209319,6555,6807,17.97,21.89,4.930000000000001,13.63,43,426,824819,43,43,920517,4.544615384615384,52,251.0995,2.438999514525486,12
08,Colorado,2019,West,Mountain,16600000,166000000,10.04,201999,4,8,Colorado,24756,24756,7652182,176,352,58415,105,370,61816,379,13155,1865632,24412,24412,7518615,174,348,57866,99,350,58765,373,13046,1836818,29554,90291,931436,1051281,348406,71594,101983,8980,3431,185988,193667,29171,222838,0,29093,0,0,29093,27,12,SMU08000002023700001,383725.6,351476,22811.9,millions_of_chained_2017_dollars,6,3.027798477971233,6158,5663,16.110000000000003,21.68,4.970000000000001,13.14,39,391,782593,39,43,824819,3.935769230769231,52,255.65258333333333,1.8132586219141489,12
08,Colorado,2020,West,Mountain,17300000,176000000,10.15,202099,4,8,Colorado,26636,26636,8289036,364,728,112583,114,397,80111,334,12708,1784811,25467,25467,7837578,357,714,110126,101,354,72444,307,12298,1676082,28426,94671,1160356,1283453,388289,79446,101561,10353,3401,194761,197469,37331,234800,0,27916,0,0,27916,25.391666666666666,12,SMU08000002023700001,380544,374449.3,22723.7,millions_of_chained_2017_dollars,6,-0.3866403061560053,6649,7025,11.33,21.93,4.63,12.51,38,388,757622,38,39,782593,3.111698113207547,53,258.85575,1.2529373358571627,12
08,Colorado,2021,West,Mountain,17000000,189000000,11.15,202199,4,8,Colorado,30246,30246,9850482,630,1260,228796,207,736,145019,664,24282,3519593,28732,28732,9408478,629,1258,228381,192,688,134773,637,23686,3383461,27782,81781,1013283,1122846,171979,79933,95166,9400,6649,191148,111613,33078,144691,0,16513,0,0,16513,24.8,12,SMU08000002023700001,406309.2,418190.2,22994,millions_of_chained_2017_dollars,6,1.189506990498912,6287,6322,18.18,23.459999999999997,6.75,15.03,37,402,809616,37,38,757622,2.9576923076923074,52,270.97341666666665,4.681242996018686,12
08,Colorado,2022,West,Mountain,17200000,217000000,12.6,202299,4,8,Colorado,23691,23691,8442065,498,996,192297,151,536,130548,678,23118,3957209,22985,22985,8179910,492,984,189178,144,515,122200,622,22385,3810476,65463,80261,1246457,1392181,328744,174677,89468,9754,8388,282287,108983,38679,147662,465,32948,0,0,33413,25.55,12,SMU08000002023700001,422576.1,448676.8,21745.4,millions_of_chained_2017_dollars,6,-5.430112203183435,7589,6463,28.52,25.3,9.67,18.959999999999997,34,396,773204,34,37,809616,5.344038461538461,52,292.62641666666667,7.990820747791694,12
08,Colorado,2023,West,Mountain,15700000,212000000,13.46,202399,4,8,Colorado,19641,19641,7459002,298,596,129043,113,410,86460,613,18757,3369491,18663,18663,7022599,288,576,125118,104,383,81182,580,18332,3274819,13413,94538,1041627,1149578,159504,94013,110711,9128,11071,224923,194928,42369,237297,0,26538,0,0,26538,25.866666666666667,12,SMU08000002023700001,440225.2,473104.6,21178.5,millions_of_chained_2017_dollars,6,-2.6069881446190935,8338,7577,23.21,24.91,8.129999999999999,17.09,30,396,782567,30,34,773204,6.806730769230769,52,304.703,4.12696279129503,12
09,Connecticut,2015,Northeast,New England,9360000,142000000,15.17,201599,1,1,Connecticut,2436,2436,851485,39,78,10535,19,70,11232,135,3493,409056,2221,2221,809349,37,74,10111,19,70,11232,84,2890,366984,8696,90187,738400,837283,86132,1728,50268,4578,754,57328,372670,30402,403072,0,13009,4989,175,18173,,,,268869.8,239184.9,7643,millions_of_chained_2017_dollars,6,,1920,3304,15.66,37.97,6.18,16.95,0,0,0,0,,,3.850576923076923,52,237.00175,,12
09,Connecticut,2016,Northeast,New England,9480000,146000000,15.44,201699,1,1,Connecticut,2461,2461,796928,64,128,17698,21,73,8308,122,2842,374002,2205,2205,705670,62,124,17274,21,73,8308,85,2564,354307,11431,105120,923045,1039596,125956,10620,32204,5036,754,48614,341153,34424,375577,0,13477,70,6696,20243,,,,268196.2,243698.7,7726.7,millions_of_chained_2017_dollars,6,1.0951197173884486,1933,3242,12.83,37.55,5.91,15.55,0,0,0,0,0,0,3.6540384615384616,52,240.00541666666663,1.2673605433996429,12
09,Connecticut,2017,Northeast,New England,9830000,153000000,15.51,201799,1,1,Connecticut,2480,2480,888019,51,102,15295,16,53,9340,108,1912,272873,2210,2210,823118,43,86,13119,16,53,9340,63,1504,242686,15087,138898,784468,938453,165411,12623,49850,7632,74,70179,54152,30809,84961,0,23082,90,7238,30410,,,,273875.1,249451.1,7547.7,millions_of_chained_2017_dollars,6,-2.3166422923110774,2011,2398,13.96,38.4,6.3,15.85,0,0,0,0,0,0,3.989807692307692,52,245.121,2.131444950027195,12
09,Connecticut,2018,Northeast,New England,9520000,147000000,15.45,201899,1,1,Connecticut,2553,2553,854759,54,108,15692,19,59,7497,105,2095,234264,2160,2160,695273,44,88,13170,19,59,7497,54,1707,193902,14605,136957,754186,905748,192792,17625,58334,7730,65,83754,44946,34840,79786,9210,15441,104,8001,32756,,,,274582.8,260582.2,7498,millions_of_chained_2017_dollars,6,-0.6584787418683846,2325,2695,18.24,40.36,6.359999999999999,17.3,0,0,0,0,0,0,4.544615384615384,52,251.0995,2.438999514525486,12
09,Connecticut,2019,Northeast,New England,10500000,138000000,13.18,201999,1,1,Connecticut,2364,2364,764976,93,186,22462,43,151,20652,121,3153,546301,2153,2153,711804,87,174,21363,43,151,20652,78,2818,520958,13104,142546,772385,928035,196989,17139,46421,5812,65,69437,48357,31178,79535,10227,14634,158,6535,31554,,,,275225.4,267564.2,7491.8,millions_of_chained_2017_dollars,6,-0.08268871699119718,2627,2852,16.73,39.379999999999995,6.619999999999999,16.89,0,0,0,0,0,0,3.935769230769231,52,255.65258333333333,1.8132586219141489,12
09,Connecticut,2020,Northeast,New England,10300000,142000000,13.79,202099,1,1,Connecticut,2512,2512,769006,86,172,24067,32,114,20538,120,2673,248145,2055,2055,638981,69,138,20887,31,110,20052,64,2207,190418,13963,136287,793010,943260,213463,17415,32088,6975,0,56478,53521,32046,85567,10234,9374,257,5657,25522,,,,261737.1,275029.8,7141.2,millions_of_chained_2017_dollars,6,-4.6797832296644355,2838,2903,11.99,38.309999999999995,6.07,15.56,0,0,0,0,0,0,3.111698113207547,53,258.85575,1.2529373358571627,12
09,Connecticut,2021,Northeast,New England,10400000,138000000,13.31,202199,1,1,Connecticut,2941,2941,1042836,74,148,19342,21,79,9901,116,1483,152787,2524,2524,954218,62,124,16924,19,72,9413,49,963,116800,16698,141837,815189,973724,210677,19103,41199,7995,0,68297,56209,32166,88375,9357,13625,279,6693,29954,,,,270779.8,296291.5,7164.5,millions_of_chained_2017_dollars,6,0.32627569596146433,2048,2857,16.41,28.24,7.42,15.54,0,0,0,0,0,0,2.9576923076923074,52,270.97341666666665,4.681242996018686,12
09,Connecticut,2022,Northeast,New England,10400000,147000000,14.07,202299,1,1,Connecticut,2468,2468,1014258,118,236,22336,11,40,4039,113,3182,561607,2124,2124,933973,115,230,21728,11,40,4039,80,2899,543601,16027,153031,854618,1023676,220445,19587,37129,7782,0,64498,48957,32401,81358,8397,17835,272,6555,33059,,,,279348.5,309011.4,6732.5,millions_of_chained_2017_dollars,6,-6.029729918347404,1895,2860,27.47,44.17,10.08,22.2,0,0,0,0,0,0,5.344038461538461,52,292.62641666666667,7.990820747791694,12
09,Connecticut,2023,Northeast,New England,11000000,167000000,15.14,202399,1,1,Connecticut,2050,2050,911392,62,124,22664,44,161,26524,145,3937,506374,1778,1778,833414,62,124,22664,44,161,26524,128,3826,497969,17092,151617,1071044,1239753,252818,22834,25718,11567,0,60119,52763,36624,89387,8222,18218,297,6195,32932,,,,283228.5,328729.9,6744.1,millions_of_chained_2017_dollars,6,0.17229855180096454,2828,3446,24.09,45.99,8.43,20.68,0,0,0,0,0,0,6.806730769230769,52,304.703,4.12696279129503,12
10,Delaware,2015,South,South Atlantic,,,,201599,3,5,Delaware,4239,4239,552884,70,140,16346,19,67,8992,68,775,63454,4213,4213,551245,70,140,16346,19,67,8992,52,677,61886,20927,49721,237943,308591,59283,2951,12847,0,160302,176100,91278,4767,96045,54472,26070,15755,731,97028,,,,76211.2,44626.3,2473.9,millions_of_chained_2017_dollars,6,,478,748,12.77,24.27,9.6,13.52,0,0,0,0,,,3.850576923076923,52,237.00175,,12
10,Delaware,2016,South,South Atlantic,,,,201699,3,5,Delaware,4687,4687,618631,94,188,19886,23,83,11115,56,846,71914,4647,4647,614921,94,188,19886,23,83,11115,41,750,70378,11067,61404,377008,449479,204802,4150,8838,0,228171,241159,296590,5853,302443,55314,25651,15755,995,97715,,,,71941.4,45928.4,2536.3,millions_of_chained_2017_dollars,6,2.5223331581713193,667,801,10.55,23.78,8.58,11.68,0,0,0,0,0,0,3.6540384615384616,52,240.00541666666663,1.2673605433996429,12
10,Delaware,2017,South,South Atlantic,,,,201799,3,5,Delaware,5218,5218,692137,111,222,26626,27,98,11945,91,1063,75761,5005,5005,674466,111,222,26626,27,98,11945,75,961,73218,15626,85586,406830,508042,181518,2262,6225,0,277823,286310,301728,6220,307948,58881,28240,15755,1074,103950,,,,69555.6,48077.1,2597,millions_of_chained_2017_dollars,6,2.393250009856862,1034,899,12.98,22.79,9.46,13.09,0,0,0,0,0,0,3.989807692307692,52,245.121,2.131444950027195,12
10,Delaware,2018,South,South Atlantic,,,,201899,3,5,Delaware,5472,5472,735935,64,128,16052,25,95,9362,36,308,27253,5271,5271,713127,64,128,16052,25,95,9362,29,235,22100,24972,91152,441119,557243,194380,826,11407,0,264755,276988,322756,6079,328835,59808,32107,10025,999,102939,,,,70856.4,51150.4,2630.4,millions_of_chained_2017_dollars,6,1.2860993453985392,1206,1067,15.239999999999998,23.3,9.65,13.88,0,0,0,0,0,0,4.544615384615384,52,251.0995,2.438999514525486,12
10,Delaware,2019,South,South Atlantic,,,,201999,3,5,Delaware,5573,5573,751985,81,162,18432,24,89,9322,73,715,69363,5553,5553,747681,81,162,18432,24,89,9322,73,715,69363,28881,94597,468307,591785,153917,1935,8356,0,286010,296301,351417,6059,357476,63166,34839,10025,986,109016,,,,74627.8,52774.4,2735.4,millions_of_chained_2017_dollars,6,3.991788321167888,1476,979,14.1,22.57,9.27,12.87,0,0,0,0,0,0,3.935769230769231,52,255.65258333333333,1.8132586219141489,12
10,Delaware,2020,South,South Atlantic,,,,202099,3,5,Delaware,7101,7101,944269,155,310,33390,19,71,9294,77,973,112424,5963,5963,830741,155,310,33390,19,71,9294,68,927,108582,12204,107322,377909,497435,151338,3482,3788,0,278456,285726,381851,6491,388342,64239,34411,10025,919,109594,,,,72728.8,55069.8,2715.6,millions_of_chained_2017_dollars,6,-0.7238429480149189,1225,776,10.07,19.65,10.35,12.75,0,0,0,0,0,0,3.111698113207547,53,258.85575,1.2529373358571627,12
10,Delaware,2021,South,South Atlantic,,,,202199,3,5,Delaware,7261,7261,1047784,152,304,33291,1,3,72,25,932,94535,7235,7235,1042192,152,304,33291,1,3,72,25,932,94535,32392,121165,306367,459924,178151,3552,4482,0,293854,301888,452351,6382,458733,66993,35165,0,1078,103236,,,,75205.5,60175.9,2769.8,millions_of_chained_2017_dollars,6,1.995875681249082,1300,929,13.84,22.27,11.14,14.47,0,0,0,0,0,0,2.9576923076923074,52,270.97341666666665,4.681242996018686,12
10,Delaware,2022,South,South Atlantic,,,,202299,3,5,Delaware,5855,5855,857464,88,176,25491,0,0,0,23,386,29916,5855,5855,857464,88,176,25491,0,0,0,23,386,29916,56624,137899,305007,499530,212026,30786,8539,78383,280525,398233,254438,93996,348434,71195,35415,0,1180,107790,,,,81111.8,65386.9,2503.5,millions_of_chained_2017_dollars,6,-9.614412592967003,1220,1253,26.88,25.77,11.67,16.91,0,0,0,0,0,0,5.344038461538461,52,292.62641666666667,7.990820747791694,12
10,Delaware,2023,South,South Atlantic,,,,202399,3,5,Delaware,4684,4684,705623,54,108,17916,0,0,0,32,973,104192,4679,4679,704473,54,108,17916,0,0,0,32,973,104192,37455,80341,425871,543667,157953,33571,3060,77236,255465,369332,249832,99464,349296,68973,33590,0,1174,103737,,,,82090.9,66943.8,2525.4,millions_of_chained_2017_dollars,6,0.8747753145596171,1297,1733,21.69,22.99,13.26,16.45,0,0,0,0,0,0,6.806730769230769,52,304.703,4.12696279129503,12
12,Florida,2015,South,South Atlantic,69100000,808000000,11.7,201599,3,5,Florida,67670,67670,18053910,258,516,73442,341,1283,210019,1347,40455,5101758,66038,66038,17600744,257,514,73425,341,1283,210019,1268,39206,4912404,454011,1100078,3994201,5548290,637372,23128,0,0,317737,340865,206735,90662,297397,19862,390049,0,6594,416505,52.983333333333334,12,SMU12000002023700001,945929,905450.5,43128.4,millions_of_chained_2017_dollars,6,,12741,12227,15.41,24.08,6.2700000000000005,10.75,0,0,0,0,,,3.850576923076923,52,237.00175,,12
12,Florida,2016,South,South Atlantic,74100000,929000000,12.53,201699,3,5,Florida,75148,75148,20334523,503,1006,140001,345,1309,220473,1236,38777,5168505,72571,72571,19584100,498,996,138220,335,1276,214814,1175,37931,5114359,448057,1088256,4562823,6099136,774613,23899,0,0,224353,248252,253480,90689,344169,20502,348622,0,34,369158,59.016666666666666,12,SMU12000002023700001,978989.7,938985.6,49139.1,millions_of_chained_2017_dollars,6,13.936756290518538,14298,12846,12.91,22.53,5.619999999999999,9.68,0,0,0,0,0,0,3.6540384615384616,52,240.00541666666663,1.2673605433996429,12
12,Florida,2017,South,South Atlantic,74700000,937000000,12.55,201799,3,5,Florida,85267,85267,22944982,628,1256,181115,260,942,188501,992,35254,4780691,81076,81076,21780026,612,1224,178350,251,911,182911,908,34187,4590571,453515,1130327,4093947,5677789,901127,21087,0,0,234519,255606,266708,91599,358307,21016,380918,0,0,401934,64.975,12,SMU12000002023700001,1014866.9,1011002.2,53428,millions_of_chained_2017_dollars,6,8.728080082866807,16886,13446,14.66,22.94,5.970000000000001,10.21,0,0,0,0,0,0,3.989807692307692,52,245.121,2.131444950027195,12
12,Florida,2018,South,South Atlantic,76800000,1010000000,13.12,201899,3,5,Florida,97055,97055,25453557,861,1722,240605,372,1342,207325,1354,44308,5642227,90494,90494,24097983,821,1642,229160,342,1232,190177,1208,41199,5243369,402711,1216129,5062567,6681407,1036580,44634,0,0,266072,310706,281204,90858,372062,21738,387687,0,0,409425,67.86666666666667,12,SMU12000002023700001,1050433.8,1078010.6,57752.4,millions_of_chained_2017_dollars,6,8.093883357041264,19746,13943,17.71,22.41,6.21,11,0,0,0,0,0,0,4.544615384615384,52,251.0995,2.438999514525486,12
12,Florida,2019,South,South Atlantic,81300000,1190000000,14.6,201999,3,5,Florida,99831,99831,25773822,1007,2014,306236,294,1118,210772,1407,51339,6919641,95516,95516,24461394,986,1972,301789,294,1118,210772,1313,48579,6670972,518373,1219169,4772194,6509736,1157945,45360,0,0,292533,337893,347976,102439,450415,22095,377725,0,0,399820,71.91666666666667,12,SMU12000002023700001,1084913.9,1145938.8,59323.5,millions_of_chained_2017_dollars,6,2.720406424668065,23824,15617,16.38,22.42,6.02,10.54,0,0,0,0,0,0,3.935769230769231,52,255.65258333333333,1.8132586219141489,12
12,Florida,2020,South,South Atlantic,83400000,1240000000,14.92,202099,3,5,Florida,115250,115250,30182836,1088,2176,314155,323,1231,199870,1354,45417,6187315,106891,106891,27975142,1063,2126,309005,319,1219,195283,1215,42377,5905788,274881,1305685,4987666,6568232,994754,44411,0,0,261817,306228,489695,125165,614860,21918,416803,0,0,438721,73.56666666666666,12,SMU12000002023700001,1072481.6,1222053.4,60376,millions_of_chained_2017_dollars,6,1.7741704383591683,23864,16546,11.64,20.97,5.41,9.47,0,0,0,0,0,0,3.111698113207547,53,258.85575,1.2529373358571627,12
12,Florida,2021,South,South Atlantic,86600000,1280000000,14.79,202199,3,5,Florida,148735,148735,39939407,1669,3338,458269,338,1272,221190,1646,60149,8707069,143075,143075,38590699,1652,3304,454053,338,1272,221190,1501,56708,8389525,343648,1305017,4663542,6312207,991957,45173,0,0,369808,414981,388344,124870,513214,23615,423928,0,0,447543,74.425,12,SMU12000002023700001,1172655.3,1367061.9,62616.5,millions_of_chained_2017_dollars,6,3.71091162051147,23031,17076,16.06,22.41,6.119999999999999,11.17,0,0,0,0,0,0,2.9576923076923074,52,270.97341666666665,4.681242996018686,12
12,Florida,2022,South,South Atlantic,91100000,1460000000,15.99,202299,3,5,Florida,132959,132959,40267682,1318,2636,431255,514,1846,267038,2496,72520,10284431,127462,127462,38858703,1303,2606,427345,512,1840,264744,2332,69620,9934457,189771,1537770,4777112,6504653,1126363,45205,0,0,265811,311016,333554,120357,453911,24095,449264,0,0,473359,77.38333333333334,12,SMU12000002023700001,1245927.6,1464251,58886.6,millions_of_chained_2017_dollars,6,-5.956736642897642,31541,18081,27.610000000000003,26.84,9.17,15.56,0,0,0,0,0,0,5.344038461538461,52,292.62641666666667,7.990820747791694,12
12,Florida,2023,South,South Atlantic,95000000,1700000000,17.87,202399,3,5,Florida,125773,125773,38625809,1349,2698,452724,331,1274,188938,2102,64043,11468973,112491,112491,34990127,1319,2638,442175,322,1247,184785,1943,61338,11142671,381524,1647532,5520768,7549824,1610566,54651,0,0,354725,409376,330159,120899,451058,24863,470210,0,0,495073,80.45833333333334,12,SMU12000002023700001,1309392.2,1604650.3,60251.7,millions_of_chained_2017_dollars,6,2.318184442640603,35729,23950,23.959999999999997,27.53,6.98,15.01,0,0,0,0,0,0,6.806730769230769,52,304.703,4.12696279129503,12
13,Georgia,2015,South,South Atlantic,48100000,641000000,13.32,201599,3,5,Georgia,32621,32621,6514461,50,100,11065,81,304,41284,366,12524,1388291,29152,29152,5854553,28,56,7996,79,298,40979,325,11774,1334913,93299,137841,937066,1168206,248592,43016,10407,35608,10601,99632,442135,39824,481959,58246,190233,0,3410,251889,26.191666666666663,12,SMU13000002023700001,540108.5,423242,21649.9,millions_of_chained_2017_dollars,6,,7782,5607,15.12,17.21,4.319999999999999,8.08,4,9,15132,4,,,3.850576923076923,52,237.00175,,12
13,Georgia,2016,South,South Atlantic,53800000,786000000,14.6,201699,3,5,Georgia,36481,36481,7684460,61,122,11874,65,241,30106,309,14831,1654237,34195,34195,7240889,53,106,10654,57,214,26771,294,14521,1623127,84547,143177,1076059,1303783,262428,37900,3296,24133,15497,80826,469420,51763,521183,61208,189838,0,15041,266087,29.475,12,SMU13000002023700001,561718.3,441039.1,24084.5,millions_of_chained_2017_dollars,6,11.245317530334995,8726,6840,12.67,17.1,4.02,7.970000000000001,5,16,15815,5,4,15132,3.6540384615384616,52,240.00541666666663,1.2673605433996429,12
13,Georgia,2017,South,South Atlantic,53100000,826000000,15.57,201799,3,5,Georgia,40311,40311,8631824,53,106,11785,67,249,37093,320,10574,1239035,36821,36821,7953950,45,90,10805,54,206,33674,282,9972,1176194,157233,159574,1312297,1629104,461568,53020,4601,54164,19081,130866,710352,57656,768008,63534,222228,0,8495,294257,31.591666666666665,12,SMU13000002023700001,583543.3,467592.5,25738.8,millions_of_chained_2017_dollars,6,6.8687330025535065,9248,6620,14.38,17.459999999999997,4.52,8.57,4,14,18053,4,5,15815,3.989807692307692,52,245.121,2.131444950027195,12
13,Georgia,2018,South,South Atlantic,53300000,881000000,16.53,201899,3,5,Georgia,42287,42287,9080368,112,224,26289,89,314,39135,491,16490,2000407,36996,36996,8075769,100,200,24813,66,237,34040,435,15853,1933775,131217,219421,1251710,1602348,535082,59728,5196,31981,4575,101480,603675,47659,651334,63746,223093,0,412,287251,32.775,12,SMU13000002023700001,600934.7,491088,27464.8,millions_of_chained_2017_dollars,6,6.705829331592761,9420,7938,17.38,17.6,4.51,8.860000000000001,5,16,25910,5,4,18053,4.544615384615384,52,251.0995,2.438999514525486,12
13,Georgia,2019,South,South Atlantic,57600000,1010000000,17.52,201999,3,5,Georgia,42939,42939,9343379,138,276,34056,108,392,46223,400,10216,1257920,39732,39732,8784425,128,256,32789,102,368,45299,395,9904,1230731,157204,261602,1145852,1564658,502141,62182,2292,45684,4575,114733,428862,55198,484060,72847,223456,0,322,296625,34.90833333333333,12,SMU13000002023700001,620744.9,516504.2,28610.5,millions_of_chained_2017_dollars,6,4.171521365529696,11115,8665,16.07,18.09,4.119999999999999,8.629999999999999,6,21,26776,6,5,25910,3.935769230769231,52,255.65258333333333,1.8132586219141489,12
13,Georgia,2020,South,South Atlantic,59300000,1110000000,18.7,202099,3,5,Georgia,47982,47982,10620135,241,482,66467,149,542,62424,342,6821,843545,42449,42449,9590359,234,468,65446,147,534,62069,329,6508,801841,247864,323276,1191483,1762623,522727,100969,883,47435,21177,170464,176311,53206,229517,64884,222697,0,250,287831,34.65833333333333,12,SMU13000002023700001,603202.5,552699.9,28903.2,millions_of_chained_2017_dollars,6,1.023050977787876,10858,7974,11.42,16.91,3.75,7.57,7,28,31854,7,6,26776,3.111698113207547,53,258.85575,1.2529373358571627,12
13,Georgia,2021,South,South Atlantic,61200000,1180000000,19.23,202199,3,5,Georgia,53419,53419,12603896,182,364,47654,170,624,86479,559,12816,1699204,46408,46408,11266426,171,342,45962,164,604,84880,529,12099,1619851,165785,412573,1187421,1765779,484133,86685,1630,51541,21091,160947,316046,48515,364561,61154,244736,0,295,306185,33.35,12,SMU13000002023700001,643748.4,607184.3,30326.8,millions_of_chained_2017_dollars,6,4.925406183398362,10320,7661,15.76,19.02,5.3,9.42,9,41,74796,9,7,31854,2.9576923076923074,52,270.97341666666665,4.681242996018686,12
13,Georgia,2022,South,South Atlantic,63400000,1380000000,21.77,202299,3,5,Georgia,47026,47026,12139618,357,714,105851,253,930,124439,921,28872,3665730,42347,42347,11209754,335,670,102859,247,912,123042,873,28405,3622364,164487,516643,1122016,1803146,468224,95851,6741,50696,23558,176846,327743,56141,383884,67460,261713,0,272,329445,33.84166666666667,12,SMU13000002023700001,670107.2,627439,29154.2,millions_of_chained_2017_dollars,6,-3.866547080470073,16901,9303,27.09,25.36,8.719999999999999,13.43,11,56,88964,11,9,74796,5.344038461538461,52,292.62641666666667,7.990820747791694,12
13,Georgia,2023,South,South Atlantic,67300000,1670000000,24.76,202399,3,5,Georgia,44405,44405,11954728,236,472,83672,205,739,108383,713,18005,2528155,37850,37850,10520669,191,382,75343,188,686,100283,664,17534,2480155,237717,414976,1437624,2090317,496140,105620,2849,58306,25191,191966,329240,62132,391372,70744,291844,0,182,362770,34.18333333333334,12,SMU13000002023700001,679447.2,663930.9,29090.3,millions_of_chained_2017_dollars,6,-0.21917939782262197,29207,11510,23.51,20.16,5.22,10.76,13,70,131603,13,11,88964,6.806730769230769,52,304.703,4.12696279129503,12
15,Hawaii,2015,West,Pacific,5150000,101000000,19.66,201599,4,9,Hawaii,2356,2356,971166,21,42,26602,8,31,14621,111,2993,570006,2356,2356,971166,21,42,26602,8,31,14621,111,2993,570006,1082,14056,305320,320458,48672,1203,0,8656,0,9859,11321,7448,18769,0,3749,1735,4643,10127,,,,83857.6,68200.8,4976.3,millions_of_chained_2017_dollars,6,,1740,2310,14.8,67.58,19.38,40.720000000000006,0,0,0,0,,,3.850576923076923,52,237.00175,,12
15,Hawaii,2016,West,Pacific,5260000,105000000,19.95,201699,4,9,Hawaii,2044,2044,820110,52,104,40257,11,43,22845,50,1178,382921,2044,2044,820110,52,104,40257,11,43,22845,50,1178,382921,1890,13050,179506,194446,49081,1077,0,9268,0,10345,10992,7708,18700,0,2307,1885,4554,8746,,,,85670.4,70744.8,5428.9,millions_of_chained_2017_dollars,6,9.09511082531196,1737,2196,12.78,60.65,18.08,38.02,0,0,0,0,0,0,3.6540384615384616,52,240.00541666666663,1.2673605433996429,12
15,Hawaii,2017,West,Pacific,5070000,111000000,21.83,201799,4,9,Hawaii,2534,2534,865046,39,78,21480,5,19,4090,69,1404,241748,2534,2534,865046,39,78,21480,5,19,4090,69,1404,241748,824,11314,281337,293475,53734,1036,0,10254,0,11290,10681,8103,18784,0,1909,1788,4463,8160,,,,87436.4,73646.4,5274.4,millions_of_chained_2017_dollars,6,-2.845880380924315,1525,2390,15.22,67.16999999999999,20.12,45.99,0,0,0,0,0,0,3.989807692307692,52,245.121,2.131444950027195,12
15,Hawaii,2018,West,Pacific,4680000,107000000,22.81,201899,4,9,Hawaii,2592,2592,935240,29,58,20348,10,40,10263,87,1969,394030,2592,2592,935240,29,58,20348,10,40,10263,87,1969,394030,1155,13566,178054,192775,48485,1205,0,10416,0,11621,10906,7858,18764,1902,6227,4537,0,12666,,,,88836.4,75266.4,5119.1,millions_of_chained_2017_dollars,6,-2.9444107386622065,1454,2972,18.43,76.5,23.51,55.73,0,0,0,0,0,0,4.544615384615384,52,251.0995,2.438999514525486,12
15,Hawaii,2019,West,Pacific,5770000,124000000,21.5,201999,4,9,Hawaii,2547,2547,964399,9,18,4434,25,92,43816,49,1436,271173,2547,2547,964399,9,18,4434,25,92,43816,49,1436,271173,1568,16072,225431,243071,48485,1205,0,10416,0,11621,10906,7858,18764,0,6319,1806,4537,12662,,,,88855.2,78586.9,5195.4,millions_of_chained_2017_dollars,6,1.4904963763161303,1021,3256,17.3,75.48,24.09,52.379999999999995,0,0,0,0,0,0,3.935769230769231,52,255.65258333333333,1.8132586219141489,12
15,Hawaii,2020,West,Pacific,5880000,141000000,24.01,202099,4,9,Hawaii,2171,2171,955776,15,30,7077,10,38,11898,24,925,195019,1882,1882,840389,15,30,7077,8,32,8000,13,528,119648,1478,14338,250204,266020,45821,1126,0,11623,0,12749,17939,9657,27596,0,4182,1922,4090,10194,,,,79696.8,82758.5,5063.8,millions_of_chained_2017_dollars,6,-2.5330099703583797,876,3113,12.07,71.66,21.58,53.96,0,0,0,0,0,0,3.111698113207547,53,258.85575,1.2529373358571627,12
15,Hawaii,2021,West,Pacific,5850000,139000000,23.76,202199,4,9,Hawaii,2445,2445,1071187,51,102,21211,4,13,39457,75,899,264185,2445,2445,1071187,51,102,21211,4,13,39457,75,899,264185,1556,16367,119049,136972,30562,1188,0,10476,0,11664,18595,10383,28978,0,6670,2015,5000,13685,,,,84532,88650.4,4922.2,millions_of_chained_2017_dollars,6,-2.796318969943523,523,2263,18.22,79.48,27.34,53.57,0,0,0,0,0,0,2.9576923076923074,52,270.97341666666665,4.681242996018686,12
15,Hawaii,2022,West,Pacific,5570000,122000000,21.87,202299,4,9,Hawaii,2033,2033,1027636,109,218,38048,0,0,0,55,2052,722244,2033,2033,1027636,109,218,38048,0,0,0,55,2052,722244,2576,14689,206275,223540,35663,1195,0,10340,0,11535,15763,9280,25043,0,8433,1814,5028,15275,,,,87491.2,91007.9,4314.2,millions_of_chained_2017_dollars,6,-12.352200235666976,598,2244,28.32,107.6,37.75,73.84,0,0,0,0,0,0,5.344038461538461,52,292.62641666666667,7.990820747791694,12
15,Hawaii,2023,West,Pacific,6260000,147000000,23.41,202399,4,9,Hawaii,2360,2360,1151618,98,196,38935,2,7,459,39,1228,414890,2052,2052,1038279,67,134,29056,2,7,459,20,493,154049,2910,15274,153769,171953,36616,1224,0,13592,0,14816,21131,11921,33052,0,8239,2060,4726,15025,,,,89642.2,96961.4,4343.3,millions_of_chained_2017_dollars,6,0.6745167122525597,956,3153,24.110000000000003,103.39,31.02,71,0,0,0,0,0,0,6.806730769230769,52,304.703,4.12696279129503,12
16,Idaho,2015,West,Mountain,5190000,34400000,6.64,201599,4,8,Idaho,7784,7784,1754497,49,98,11530,129,510,35053,100,1562,132986,7575,7575,1697653,49,98,11530,126,500,34240,100,1562,132986,6603,67370,292669,366642,108624,2940,13358,1205,0,17503,22301,7954,30255,25441,3749,8749,6783,44722,4.608333333333333,12,SMU16000002023700001,67790.5,64564.3,3581.2,millions_of_chained_2017_dollars,6,,931,662,15,19.33,5.52,11.39,32,268,337327,32,,,3.850576923076923,52,237.00175,,12
16,Idaho,2016,West,Mountain,4640000,32400000,6.98,201699,4,8,Idaho,9739,9739,2140004,69,138,16630,95,379,30956,114,1909,179964,9484,9484,2064184,69,138,16630,94,375,30654,113,1898,178548,4093,67563,228207,299863,74943,3337,17653,1466,0,22456,22098,8132,30230,30721,3930,7164,6549,48364,4.808333333333334,12,SMU16000002023700001,70442.5,67294.1,3703.6,millions_of_chained_2017_dollars,6,3.417848765776843,1394,992,11.99,19.2,4.970000000000001,10.37,33,282,313776,33,32,337327,3.6540384615384616,52,240.00541666666663,1.2673605433996429,12
16,Idaho,2017,West,Mountain,4060000,28800000,7.09,201799,4,8,Idaho,11019,11019,2466909,51,102,15481,147,577,44905,178,2485,264194,10329,10329,2326071,38,76,11864,130,517,39755,163,2338,250450,2444,70286,234401,307131,91884,4189,28268,1130,0,33587,24076,8230,32306,28122,4225,0,6502,38849,5.25,12,SMU16000002023700001,72935.1,71472.6,3842.9,millions_of_chained_2017_dollars,6,3.7612053137487944,1338,1148,15.87,19.52,4.25,10.53,31,278,284632,31,33,313776,3.989807692307692,52,245.121,2.131444950027195,12
16,Idaho,2018,West,Mountain,4600000,31500000,6.85,201899,4,8,Idaho,12176,12176,2718111,71,142,18493,143,560,55204,183,2946,307287,11046,11046,2418551,62,124,15818,125,493,50455,168,2671,275879,2194,77658,346708,426560,110514,2510,23900,921,0,27331,25584,7923,33507,28631,4113,0,7630,40374,5.55,12,SMU16000002023700001,77652.1,76529.6,3958.6,millions_of_chained_2017_dollars,6,3.010747092039856,1609,1262,19.88,18.97,3.82,11.07,30,268,315428,30,31,284632,4.544615384615384,52,251.0995,2.438999514525486,12
16,Idaho,2019,West,Mountain,4210000,29100000,6.92,201999,4,8,Idaho,12978,12978,2893095,114,228,31557,172,672,63520,226,3838,413316,12758,12758,2841487,113,226,31439,171,668,63520,226,3838,413316,8549,86750,507643,602942,83234,2839,26019,732,0,29590,24816,7635,32451,25573,5456,0,7254,38283,6.091666666666667,12,SMU16000002023700001,81144.3,82967.7,4312.1,millions_of_chained_2017_dollars,6,8.929924720860916,1664,1166,16.6,17.82,3.48,9.93,31,268,305463,31,30,315428,3.935769230769231,52,255.65258333333333,1.8132586219141489,12
16,Idaho,2020,West,Mountain,4620000,33900000,7.34,202099,4,8,Idaho,14969,14969,3471574,153,306,44097,174,674,85032,179,3181,347887,13992,13992,3264868,149,298,42542,171,664,84649,172,3039,331975,25289,96087,390183,511559,97666,3244,27410,878,0,31532,27598,7912,35510,26139,4006,0,7024,37169,6.516666666666667,12,SMU16000002023700001,82711.6,91960.1,4664.9,millions_of_chained_2017_dollars,6,8.181628440898848,1697,1358,11.67,18.26,3.57,9.54,29,220,216914,29,31,305463,3.111698113207547,53,258.85575,1.2529373358571627,12
16,Idaho,2021,West,Mountain,5370000,36100000,6.72,202199,4,8,Idaho,16154,16154,4213834,111,222,44105,267,1051,132577,255,4305,558803,15182,15182,3959171,110,220,43595,265,1043,132148,254,4289,556631,28910,95156,524037,648103,101785,3526,16665,689,0,20880,24725,7767,32492,28805,5432,0,7044,41281,6.908333333333333,12,SMU16000002023700001,88955.2,105916,5308.3,millions_of_chained_2017_dollars,6,13.7923642521812,2178,1215,18.73,18.73,3.8,11.02,31,272,319310,31,29,216914,2.9576923076923074,52,270.97341666666665,4.681242996018686,12
16,Idaho,2022,West,Mountain,5570000,40600000,7.28,202299,4,8,Idaho,11912,11912,3628011,143,286,52833,218,851,111294,290,5657,906476,11174,11174,3448171,132,264,48755,204,808,101161,274,5406,878659,40013,112763,574220,726996,101527,4921,16674,606,0,22201,27911,9133,37044,23798,5245,0,6734,35777,7.283333333333333,12,SMU16000002023700001,92792.5,110891.1,5261.6,millions_of_chained_2017_dollars,6,-0.8797543469660662,3487,1738,29.93,19.67,4.930000000000001,13.63,31,260,308494,31,31,319310,5.344038461538461,52,292.62641666666667,7.990820747791694,12
16,Idaho,2023,West,Mountain,5400000,40500000,7.5,202399,4,8,Idaho,12081,12081,3497517,138,276,50690,142,545,70501,187,5017,805716,11307,11307,3267747,123,246,46966,129,506,61728,162,4807,782698,49386,142926,549714,742026,124084,3212,12843,1111,0,17166,27325,8957,36282,19153,5349,0,6754,31256,7.516666666666667,12,SMU16000002023700001,95286.5,116692.4,5223.8,millions_of_chained_2017_dollars,6,-0.718412650144451,6242,2026,24.26,21.01,6.45,13.51,31,257,349232,31,31,308494,6.806730769230769,52,304.703,4.12696279129503,12
17,Illinois,2015,Midwest,East North Central,54500000,570000000,10.46,201599,2,3,Illinois,10076,10076,2648347,161,322,44769,168,577,84068,276,8596,1359412,9145,9145,2463510,147,294,41324,168,577,84068,237,8251,1328034,92805,515812,3809078,4417695,537950,89372,75300,1,113603,278276,183916,77805,261721,50308,46655,30000,3767,130730,29.5,12,SMU17000002023700001,825424.9,657080.2,29831.4,millions_of_chained_2017_dollars,6,,9976,10828,14.81,19.54,5.31,10.44,77,577,1162053,77,,,3.850576923076923,52,237.00175,,12
17,Illinois,2016,Midwest,East North Central,50200000,531000000,10.56,201699,2,3,Illinois,10187,10187,2719891,175,350,55844,208,712,126962,347,11354,1485781,9341,9341,2515905,167,334,53110,204,698,125850,315,11045,1460170,45474,539964,3635204,4220642,494662,86262,53987,1,115148,255398,134636,37980,172616,58316,25525,1,4485,88327,28.7,12,SMU17000002023700001,826404.7,664686.8,30121.7,millions_of_chained_2017_dollars,6,0.973135689240201,9748,9893,11.76,19.07,4.87,9.8,73,585,1210000,73,77,1162053,3.6540384615384616,52,240.00541666666663,1.2673605433996429,12
17,Illinois,2017,Midwest,East North Central,49500000,517000000,10.45,201799,2,3,Illinois,10181,10181,2695587,159,318,58170,260,875,162378,400,13618,1688552,9347,9347,2484374,149,298,56920,255,858,161191,351,13115,1653619,54628,671366,2818883,3544877,527400,91090,53987,0,121986,267063,147830,106908,254738,57722,46657,0,4566,108945,27.116666666666667,12,SMU17000002023700001,832826.8,685632.7,30646.9,millions_of_chained_2017_dollars,6,1.7435934890793092,8799,9416,14.07,18.979999999999997,5.59,10.41,74,591,1176078,74,73,1210000,3.989807692307692,52,245.121,2.131444950027195,12
17,Illinois,2018,Midwest,East North Central,48600000,506000000,10.42,201899,2,3,Illinois,10041,10041,2618789,219,438,78065,240,809,149620,383,10222,1189807,9113,9113,2413313,203,406,75719,234,788,147665,340,9907,1158630,26051,657446,2772215,3455712,502188,78212,78251,1,152997,309461,129326,62542,191868,57375,40226,30000,1,127602,28.566666666666663,12,SMU17000002023700001,851517.2,722686.6,29497.9,millions_of_chained_2017_dollars,6,-3.7491557057973246,8989,9095,17.4,19.92,5.39,11.23,71,601,1194772,71,74,1176078,4.544615384615384,52,251.0995,2.438999514525486,12
17,Illinois,2019,Midwest,East North Central,49800000,529000000,10.62,201999,2,3,Illinois,8745,8745,2349803,235,470,78312,253,855,157620,315,10454,1140722,8125,8125,2234589,234,468,78112,251,847,157007,296,10295,1131909,3849,634480,2507697,3146026,571886,87928,109699,0,159195,356822,119260,59854,179114,44807,45350,23000,1,113158,29.45,12,SMU17000002023700001,858018.3,741904.7,29319.2,millions_of_chained_2017_dollars,6,-0.6058058370256858,8761,9351,16.08,19.12,5.01,10.53,70,581,1176084,70,71,1194772,3.935769230769231,52,255.65258333333333,1.8132586219141489,12
17,Illinois,2020,Midwest,East North Central,53700000,636000000,11.84,202099,2,3,Illinois,9237,9237,2502874,235,470,73711,162,555,97068,281,7796,972645,8025,8025,2215854,230,460,72390,158,542,94786,267,7673,957233,23325,671351,3544526,4239202,567862,93426,83035,0,143824,320285,179249,53747,232996,48631,46353,23000,0,117984,28.8,12,SMU17000002023700001,810693.1,788153.3,27997.6,millions_of_chained_2017_dollars,6,-4.507626401811793,8542,12209,10.83,19.630000000000003,4.1,9.49,71,563,1205041,71,70,1176084,3.111698113207547,53,258.85575,1.2529373358571627,12
17,Illinois,2021,Midwest,East North Central,51500000,602000000,11.7,202199,2,3,Illinois,10937,10937,3208508,245,490,83237,222,736,132574,287,7495,848306,9966,9966,2978576,238,476,81549,219,726,131342,267,7374,829631,22479,592201,4148546,4763226,429380,88875,134756,1,143824,367456,262670,95111,357781,48632,39808,19000,6438,113878,29.391666666666666,12,SMU17000002023700001,857114.6,849243.1,29006.1,millions_of_chained_2017_dollars,6,3.602094465239869,8855,12497,17.19,21.38,7.33,12.47,71,564,1165985,71,71,1205041,2.9576923076923074,52,270.97341666666665,4.681242996018686,12
17,Illinois,2022,Midwest,East North Central,50700000,649000000,12.8,202299,2,3,Illinois,9765,9765,3082322,198,396,76128,258,864,164977,326,9524,1426685,9153,9153,2940070,191,382,74036,258,864,164977,287,9289,1382866,22134,583467,3547515,4153116,438195,108250,104655,1,166097,379003,278578,99865,378443,39493,39629,23000,6283,108405,30.28333333333333,12,SMU17000002023700001,872907.5,858844.4,26456.9,millions_of_chained_2017_dollars,6,-8.78849621286556,10463,12688,28.91,25.12,8.8,15.98,71,546,1108913,71,71,1165985,5.344038461538461,52,292.62641666666667,7.990820747791694,12
17,Illinois,2023,Midwest,East North Central,54200000,764000000,14.1,202399,2,3,Illinois,9554,9554,3238697,270,540,104633,225,770,137577,324,5999,1040030,8832,8832,3074527,259,518,101551,208,713,132296,263,5662,990827,46114,620883,3150537,3817534,472148,111740,90975,1,124467,327183,317076,96114,413190,40421,30762,23000,6068,100251,30.55,12,SMU17000002023700001,884965.3,907225.7,26310.8,millions_of_chained_2017_dollars,6,-0.5522188918580917,12452,14974,22.25,24.04,7.2,14.12,67,557,1247907,67,71,1108913,6.806730769230769,52,304.703,4.12696279129503,12
18,Indiana,2015,Midwest,East North Central,49500000,384000000,7.76,201599,2,3,Indiana,12646,12646,2929210,263,526,54124,79,289,31656,316,5022,722054,11964,11964,2818472,255,510,52140,76,280,30757,278,4656,694241,68029,135464,1213534,1417027,641025,12966,30814,0,0,43780,84561,7103,91664,0,12580,0,9458,22038,16.333333333333332,12,SMU18000002023700001,341205.2,279385.7,13787,millions_of_chained_2017_dollars,6,,6269,4785,13.71,20.110000000000003,6.22,9.56,1,2,3245,1,,,3.850576923076923,52,237.00175,,12
18,Indiana,2016,Midwest,East North Central,47400000,390000000,8.239999999999998,201699,2,3,Indiana,14068,14068,3417822,286,572,64063,46,163,21320,219,3910,372642,13217,13217,3257575,265,530,57788,46,163,21320,166,3373,300385,39033,128728,1187588,1355349,647342,14675,24768,0,16522,55965,95509,7194,102703,0,2892,0,9522,12414,17.141666666666666,12,SMU18000002023700001,348439.2,287275.2,14586,millions_of_chained_2017_dollars,6,5.795314426633791,5232,5625,11.58,20.44,4.819999999999999,8.58,1,2,3412,1,1,3245,3.6540384615384616,52,240.00541666666663,1.2673605433996429,12
18,Indiana,2017,Midwest,East North Central,49000000,426000000,8.700000000000001,201799,2,3,Indiana,16075,16075,4038599,222,444,62844,22,78,13000,272,5067,469056,15296,15296,3907990,198,396,56890,22,78,13000,224,4622,435372,39863,158002,1106407,1304272,652626,16132,20790,0,44952,81874,100141,6889,107030,0,14143,0,9666,23809,18.241666666666667,12,SMU18000002023700001,357535.8,297990.5,15743.6,millions_of_chained_2017_dollars,6,7.936377348142054,5824,4292,13.97,22.1,5.76,9.57,1,4,6764,1,1,3412,3.989807692307692,52,245.121,2.131444950027195,12
18,Indiana,2018,Midwest,East North Central,50300000,461000000,9.17,201899,2,3,Indiana,16416,16416,4269197,210,420,49353,12,41,6163,193,4603,555144,15504,15504,4103860,198,396,47838,11,38,5863,138,4083,514858,29383,195699,1077713,1302795,874487,15453,25432,5829,0,46714,101121,7963,109084,0,15909,0,7091,23000,17.325,12,SMU18000002023700001,368762.9,313127.2,16173.2,millions_of_chained_2017_dollars,6,2.728727864020941,5718,5037,17.27,21.630000000000003,5.83,9.67,1,2,502,1,1,6764,4.544615384615384,52,251.0995,2.438999514525486,12
18,Indiana,2019,Midwest,East North Central,51400000,484000000,9.42,201999,2,3,Indiana,16308,16308,4298385,179,358,48202,46,163,26551,226,5480,615228,15702,15702,4197275,176,352,47792,45,159,26151,194,5156,591785,78041,232355,1243694,1554090,873794,17451,27973,0,0,45424,98224,8738,106962,0,14054,0,440,14494,18.158333333333335,12,SMU18000002023700001,370507.2,326391.4,16641.4,millions_of_chained_2017_dollars,6,2.894912571414454,6452,5751,16.89,21.57,5.48,9.53,1,3,1751,1,1,502,3.935769230769231,52,255.65258333333333,1.8132586219141489,12
18,Indiana,2020,Midwest,East North Central,52400000,526000000,10.050000000000002,202099,2,3,Indiana,18979,18979,5209930,310,620,83895,51,191,25965,232,5129,552508,17520,17520,4900217,290,580,79128,50,187,25565,198,4489,494791,95723,281416,1465664,1842803,875367,17610,33176,0,0,50786,105612,8660,114272,0,13024,0,669,13693,19.225,12,SMU18000002023700001,359963.6,351576.3,16747.7,millions_of_chained_2017_dollars,6,0.6387683728532378,6511,6650,12.45,20.459999999999997,5.14,8.88,1,4,5629,1,1,1751,3.111698113207547,53,258.85575,1.2529373358571627,12
18,Indiana,2021,Midwest,East North Central,52300000,570000000,10.9,202199,2,3,Indiana,22225,22225,6692956,359,718,117031,35,134,30324,223,6783,742937,21083,21083,6477317,358,716,116872,35,134,30324,203,6416,722607,131330,337333,1815737,2284400,889375,18343,32210,0,0,50553,121193,8816,130009,0,15698,0,364,16062,20.725,12,SMU18000002023700001,386872.8,391059,17310.2,millions_of_chained_2017_dollars,6,3.3586701457513524,5656,6103,17.58,21.64,6.56,10.17,0,0,0,0,1,5629,2.9576923076923074,52,270.97341666666665,4.681242996018686,12
18,Indiana,2022,Midwest,East North Central,55100000,620000000,11.25,202299,2,3,Indiana,18728,18728,6059998,251,502,77003,38,137,14952,303,8878,1044087,17663,17663,5832725,248,496,76266,38,137,14952,279,8634,1028384,58166,317405,1621640,1997211,980419,19857,24534,0,0,44391,124179,9385,133564,0,19003,0,874,19877,21.675,12,SMU18000002023700001,393481.5,401573.6,16358.4,millions_of_chained_2017_dollars,6,-5.498492218460793,7701,6862,27.67,25.35,8.02,13.13,1,3,1161,1,0,0,5.344038461538461,52,292.62641666666667,7.990820747791694,12
18,Indiana,2023,Midwest,East North Central,55700000,713000000,12.8,202399,2,3,Indiana,17046,17046,5961199,266,532,99053,68,237,40460,327,9240,1594777,16049,16049,5746674,259,518,97270,68,237,40460,291,8703,1532188,60619,359163,1676896,2096678,1011774,20113,19805,0,0,39918,142245,10345,152590,0,18851,2,2184,21037,21.983333333333334,12,SMU18000002023700001,400369.5,422345.3,16666.3,millions_of_chained_2017_dollars,6,1.8822134194053095,11824,9036,22.39,24.16,6.49,11.51,5,12,12307,5,1,1161,6.806730769230769,52,304.703,4.12696279129503,12
19,Iowa,2015,Midwest,West North Central,36000000,380000000,10.56,201599,2,4,Iowa,7424,7424,1717172,293,586,61757,53,200,20785,154,3887,443538,7062,7062,1655993,289,578,60905,53,200,20785,151,3868,441474,55011,123466,829577,1008054,183425,13522,25236,3507,0,42265,32146,20439,52585,64585,55497,0,11718,131800,,,,185989.2,142521.2,8434.3,millions_of_chained_2017_dollars,6,,7399,4699,15.04,17.279999999999998,5.03,8.739999999999998,3,19,40591,3,,,3.850576923076923,52,237.00175,,12
19,Iowa,2016,Midwest,West North Central,38100000,408000000,10.7,201699,2,4,Iowa,8203,8203,1933857,192,384,45100,45,158,18936,178,5572,662860,7883,7883,1875533,160,320,35681,35,121,14196,167,5482,652450,26786,124804,777303,928893,127015,21071,58528,1866,0,81465,46485,17927,64412,69496,55015,0,12074,136585,,,,186729.9,143839.9,9029.5,millions_of_chained_2017_dollars,6,7.056898616364138,6193,4338,12.1,17.73,4.45,8.139999999999999,3,19,32841,3,3,40591,3.6540384615384616,52,240.00541666666663,1.2673605433996429,12
19,Iowa,2017,Midwest,West North Central,38700000,433000000,11.18,201799,2,4,Iowa,8067,8067,1883411,160,320,38664,43,154,20387,174,5407,575272,7655,7655,1805251,157,314,38069,41,146,19357,171,5384,573474,82974,129544,821843,1034361,124865,28057,58652,1914,0,88623,42318,16617,58935,64481,51469,0,11992,127942,,,,187125,147911.5,8400,millions_of_chained_2017_dollars,6,-6.971593111467966,5037,3551,14.63,18.19,4.94,8.6,3,18,32101,3,3,32841,3.989807692307692,52,245.121,2.131444950027195,12
19,Iowa,2018,Midwest,West North Central,39200000,442000000,11.29,201899,2,4,Iowa,7318,7318,1801337,246,492,62802,35,117,16810,120,3591,368151,6823,6823,1711776,246,492,62802,35,117,16810,113,3548,364759,33911,139604,928657,1102172,126883,24316,66800,4047,0,95163,41631,15357,56988,65748,68816,0,11847,146411,,,,189245.1,154686,8433.1,millions_of_chained_2017_dollars,6,0.3940476190476216,5154,3203,17.759999999999998,18.92,5.07,9.16,3,17,26790,3,3,32101,4.544615384615384,52,251.0995,2.438999514525486,12
19,Iowa,2019,Midwest,West North Central,41700000,379000000,9.11,201999,2,4,Iowa,7877,7877,1980909,173,346,51205,80,274,35804,122,3373,432577,7321,7321,1882596,170,340,50410,79,271,35564,110,3250,423999,32274,148161,830970,1011405,133508,20888,70979,1674,0,93541,53904,15043,68947,72494,61305,0,11577,145376,,,,188471.4,158156.3,8374.6,millions_of_chained_2017_dollars,6,-0.693695082472634,4155,4670,16.73,19.34,4.04,8.47,3,18,28637,3,3,26790,3.935769230769231,52,255.65258333333333,1.8132586219141489,12
19,Iowa,2020,Midwest,West North Central,39600000,374000000,9.44,202099,2,4,Iowa,8633,8633,2228464,256,512,76562,47,175,23862,114,3303,372794,7916,7916,2072710,250,500,74754,45,167,22868,95,3096,354777,24663,154499,1044858,1224020,226738,9580,28094,1530,0,39204,54248,18216,72464,74792,59327,0,12939,147058,,,,187261.7,168097.8,8332.2,millions_of_chained_2017_dollars,6,-0.5062928378668841,4793,5675,12.33,18.84,4.2,8.1,3,19,35481,3,3,28637,3.111698113207547,53,258.85575,1.2529373358571627,12
19,Iowa,2021,Midwest,West North Central,35600000,334000000,9.38,202199,2,4,Iowa,9158,9158,2552542,223,446,69429,87,298,56906,120,3784,503500,8473,8473,2399809,221,442,68634,86,294,56423,114,3542,473201,31747,136514,1110913,1279174,205540,9701,31697,1420,0,42818,54562,16200,70762,74582,54476,0,10792,139850,,,,202470.6,186318.9,8275.1,millions_of_chained_2017_dollars,6,-0.6852931998751921,4704,4745,17.419999999999998,19.44,6.63,10.64,3,18,34183,3,3,35481,2.9576923076923074,52,270.97341666666665,4.681242996018686,12
19,Iowa,2022,Midwest,West North Central,34900000,361000000,10.34,202299,2,4,Iowa,7624,7624,2341202,255,510,106884,101,354,70584,133,4216,645514,6976,6976,2183814,247,494,104025,92,326,64708,120,4136,635987,10353,135767,1061301,1207421,204531,11674,10372,3605,0,25651,115891,14572,130463,78330,57947,0,11972,148249,,,,202672.5,196040.1,7749.8,millions_of_chained_2017_dollars,6,-6.347959541274428,5797,4599,28.5,20.7,8.129999999999999,12.88,3,19,32747,3,3,34183,5.344038461538461,52,292.62641666666667,7.990820747791694,12
19,Iowa,2023,Midwest,West North Central,33500000,361000000,10.78,202399,2,4,Iowa,7421,7421,2480106,179,358,73515,110,399,78300,123,3052,479548,6822,6822,2336196,171,342,70629,108,393,77920,112,2997,472044,19951,135326,1088482,1243759,231697,7480,16851,2996,0,27327,111528,18086,129614,81552,63910,0,13814,159276,,,,201359.8,201755.9,7702,millions_of_chained_2017_dollars,6,-0.6167901107125395,5666,5819,23.47,20.25,6.6499999999999995,11.12,3,19,34310,3,3,32747,6.806730769230769,52,304.703,4.12696279129503,12
20,Kansas,2015,Midwest,West North Central,17700000,162000000,9.18,201599,2,4,Kansas,5064,5064,1270090,291,582,50480,44,158,19807,129,2840,306000,4781,4781,1215731,275,550,47549,37,136,17484,119,2717,294599,30263,86630,651270,768163,130220,3274,4473,6685,18730,33162,63132,5614,68746,70759,14149,2390,4096,91394,9.991666666666667,12,SMU20000002023700001,158602.6,136189.1,6301.6,millions_of_chained_2017_dollars,6,,2580,2723,15.06,22.3,4.1,10.18,0,0,0,0,,,3.850576923076923,52,237.00175,,12
20,Kansas,2016,Midwest,West North Central,16900000,144000000,8.52,201699,2,4,Kansas,5230,5230,1336026,215,430,38557,32,109,11065,190,4038,384304,4316,4316,1127542,100,200,19503,27,93,9471,151,3514,347336,38479,79323,662383,780185,111355,3324,2554,7301,6954,20133,63529,4560,68089,72230,14686,2606,4054,93576,9.55,12,SMU20000002023700001,164643.7,136753.6,6432.6,millions_of_chained_2017_dollars,6,2.0788371207312473,3127,3695,12.16,21.94,3.57,9.14,0,0,0,0,0,0,3.6540384615384616,52,240.00541666666663,1.2673605433996429,12
20,Kansas,2017,Midwest,West North Central,16300000,139000000,8.530000000000001,201799,2,4,Kansas,6046,6046,1479617,229,458,46466,71,257,33287,138,2223,222346,5440,5440,1346303,159,318,34834,71,257,33287,116,1970,204213,6954,39360,401937,448251,124943,3238,1991,7095,60,12384,37129,3998,41127,70968,14510,5985,4069,95532,9.125,12,SMU20000002023700001,166273.6,141311.8,6434.5,millions_of_chained_2017_dollars,6,0.02953704567358883,3044,2324,14.69,22.110000000000003,4.02,9.94,0,0,0,0,0,0,3.989807692307692,52,245.121,2.131444950027195,12
20,Kansas,2018,Midwest,West North Central,15400000,131000000,8.49,201899,2,4,Kansas,5376,5376,1382591,311,622,66046,75,267,44929,110,3213,395004,4505,4505,1224919,224,448,51513,67,241,43134,96,3042,382558,5041,52680,424101,481822,122861,3309,4664,6233,7813,22019,48408,7309,55717,75629,13075,4067,3835,96606,9.65,12,SMU20000002023700001,169796.9,147407.4,6589.1,millions_of_chained_2017_dollars,6,2.4026730903722093,3442,2350,17.84,22.27,4.22,10.67,0,0,0,0,0,0,4.544615384615384,52,251.0995,2.438999514525486,12
20,Kansas,2019,Midwest,West North Central,15100000,126000000,8.370000000000003,201999,2,4,Kansas,5089,5089,1319253,350,700,76774,60,214,34183,69,1958,252711,4136,4136,1141536,205,410,54201,56,201,33116,55,1777,239683,8700,58600,378465,445765,174314,3618,5223,6152,2541,17534,72917,7858,80775,84443,15862,3204,3502,107011,10.591666666666669,12,SMU20000002023700001,169562.3,153011.9,6752.8,millions_of_chained_2017_dollars,6,2.484406064561173,3036,2785,16.810000000000002,21.53,3.77,10.01,0,0,0,0,0,0,3.935769230769231,52,255.65258333333333,1.8132586219141489,12
20,Kansas,2020,Midwest,West North Central,17800000,145000000,8.129999999999999,202099,2,4,Kansas,5975,5975,1709731,300,600,74147,49,181,30625,59,1455,176530,5519,5519,1621111,287,574,71653,47,173,30050,59,1455,176530,10547,65624,599978,676149,170131,3211,4138,5557,14418,27324,70809,7871,78680,78044,17758,3092,3036,101930,10.458333333333334,12,SMU20000002023700001,166621.4,162277.2,6743.2,millions_of_chained_2017_dollars,6,-0.14216325079967618,3274,3760,12.39,21.39,3.27,8.850000000000001,0,0,0,0,0,0,3.111698113207547,53,258.85575,1.2529373358571627,12
20,Kansas,2021,Midwest,West North Central,19400000,158000000,8.16,202199,2,4,Kansas,6569,6569,2208827,501,1002,136185,40,135,16697,52,1832,231197,6357,6357,2161072,498,996,135256,37,123,15789,52,1832,231197,31673,112913,638830,783416,179207,3850,3723,6598,2931,17102,55678,13192,68870,88716,7737,3156,2960,102569,9.958333333333334,12,SMU20000002023700001,170401.2,173977,6729.9,millions_of_chained_2017_dollars,6,-0.19723573377624648,3768,2817,17.5,21.630000000000003,5.04,11.06,0,0,0,0,0,0,2.9576923076923074,52,270.97341666666665,4.681242996018686,12
20,Kansas,2022,Midwest,West North Central,19000000,171000000,9,202299,2,4,Kansas,5567,5567,1900614,475,950,126272,69,260,47342,89,2783,419302,5160,5160,1743560,445,890,120919,67,253,46758,89,2783,419302,32352,132724,871784,1036860,177289,4904,4124,7088,5623,21739,115902,15326,131228,96093,20400,3275,2907,122675,10.05,12,SMU20000002023700001,177776.1,181747,6103.6,millions_of_chained_2017_dollars,6,-9.306230404612249,4850,3346,28.630000000000003,24.33,8.08,15.3,0,0,0,0,0,0,5.344038461538461,52,292.62641666666667,7.990820747791694,12
20,Kansas,2023,Midwest,West North Central,18700000,178000000,9.53,202399,2,4,Kansas,4927,4927,1720550,796,1592,228261,39,148,25182,93,2837,482835,4728,4728,1667083,791,1582,227223,39,148,25182,88,2811,480188,23932,208760,1207696,1440388,174593,4776,4014,8755,18627,36172,126253,23534,149787,146965,23939,3717,3000,177621,10.825,12,SMU20000002023700001,180267.5,187457.3,6262.2,millions_of_chained_2017_dollars,6,2.598466478799377,8407,3951,23.58,22.38,5.359999999999999,12.55,0,0,0,0,0,0,6.806730769230769,52,304.703,4.12696279129503,12
21,Kentucky,2015,South,East South Central,55600000,509000000,9.14,201599,3,6,Kentucky,6606,6606,1213462,154,308,22817,106,395,24091,232,3257,207432,5569,5569,1066433,110,220,15457,91,342,20248,165,2622,167199,99151,217924,1417034,1734109,391971,0,29571,62543,0,92114,13636,15779,29415,95746,13426,0,0,109172,13.1,12,SMU21000002023700001,199487.1,172269.4,7868.3,millions_of_chained_2017_dollars,6,,3744,4195,15.04,16.07,4.28,9.46,19,251,536970,19,,,3.850576923076923,52,237.00175,,12
21,Kentucky,2016,South,East South Central,50000000,454000000,9.08,201699,3,6,Kentucky,7264,7264,1368419,146,292,20137,81,295,20040,299,4863,318417,6563,6563,1266416,114,228,15178,76,275,19540,260,4433,291375,106031,235877,1315383,1657291,375001,0,30310,61695,0,92005,13930,17089,31019,96846,10937,0,0,107783,12.175,12,SMU21000002023700001,201007.2,175275.6,7771.5,millions_of_chained_2017_dollars,6,-1.2302530406822387,4101,3633,12.1,16.610000000000003,3.73,8.860000000000001,16,251,568527,16,19,536970,3.6540384615384616,52,240.00541666666663,1.2673605433996429,12
21,Kentucky,2017,South,East South Central,50600000,471000000,9.3,201799,3,6,Kentucky,7967,7967,1613167,180,360,32634,90,335,29988,237,3968,298371,6837,6837,1444859,161,322,29953,83,309,28648,188,3222,243474,160461,217500,992711,1370672,314895,0,31744,59505,0,91249,14057,17810,31867,87677,10375,0,0,98052,11.408333333333331,12,SMU21000002023700001,203564,180836.1,7813.5,millions_of_chained_2017_dollars,6,0.540436209226014,4400,3595,14.63,16.75,4.26,9.56,19,278,646478,19,16,568527,3.989807692307692,52,245.121,2.131444950027195,12
21,Kentucky,2018,South,East South Central,49700000,470000000,9.47,201899,3,6,Kentucky,7776,7776,1692350,125,250,25453,59,212,15099,321,5588,534863,6696,6696,1542232,95,190,20972,41,154,11534,277,5058,495380,152398,178688,836463,1167549,359065,0,30853,65285,0,96138,15307,17087,32394,88597,13969,0,0,102566,11.791666666666666,12,SMU21000002023700001,205940.1,186931.1,7774.3,millions_of_chained_2017_dollars,6,-0.5016957829397817,4975,3673,17.759999999999998,16.650000000000002,4.1899999999999995,10.03,21,278,619606,21,19,646478,4.544615384615384,52,251.0995,2.438999514525486,12
21,Kentucky,2019,South,East South Central,52100000,535000000,10.27,201999,3,6,Kentucky,7467,7467,1712857,156,312,30280,57,215,19305,189,3817,373395,6903,6903,1631142,137,274,27925,46,176,16022,175,3737,369784,166584,207087,919490,1293161,383915,0,33090,69929,0,103019,15562,18843,34405,105369,14374,0,0,119743,12.625,12,SMU21000002023700001,211783.1,195518.9,8036,millions_of_chained_2017_dollars,6,3.36621946670439,6458,3258,16.73,16.330000000000002,3.87,9.55,24,325,695040,24,21,619606,3.935769230769231,52,255.65258333333333,1.8132586219141489,12
21,Kentucky,2020,South,East South Central,50000000,544000000,10.88,202099,3,6,Kentucky,8876,8876,1930009,160,320,33610,100,371,37514,92,1714,141439,7408,7408,1643786,143,286,30221,86,320,32234,63,916,64476,174670,219570,985215,1379455,385553,0,33270,65529,0,98799,15528,17576,33104,83458,13635,0,0,97093,12.15,12,SMU21000002023700001,206601.9,212278.2,7932.5,millions_of_chained_2017_dollars,6,-1.2879542060726723,5890,2454,12.33,15.57,3.3299999999999996,8.78,23,334,745559,23,24,695040,3.111698113207547,53,258.85575,1.2529373358571627,12
21,Kentucky,2021,South,East South Central,51100000,585000000,11.45,202199,3,6,Kentucky,10087,10087,2429560,135,270,36327,52,189,20069,281,4295,426515,8678,8678,2135989,114,228,32297,40,147,14874,243,3331,331806,159649,197424,940760,1297833,388088,0,32816,64806,0,97622,13274,21911,35185,78100,12192,0,0,90292,12.5,12,SMU21000002023700001,215535,234113.4,7908.3,millions_of_chained_2017_dollars,6,-0.30507406240151136,5535,2727,17.419999999999998,17.43,4.8,10.92,24,323,674752,24,23,745559,2.9576923076923074,52,270.97341666666665,4.681242996018686,12
21,Kentucky,2022,South,East South Central,53800000,672000000,12.47,202299,3,6,Kentucky,8783,8783,2246466,246,492,60664,78,282,29309,325,5521,987200,7702,7702,2015177,224,448,56742,72,264,28034,289,4420,877678,192883,223203,1100524,1516610,422093,0,34281,64083,0,98364,17316,22444,39760,56980,21519,0,0,78499,13.066666666666666,12,SMU21000002023700001,220641.8,237842.6,7570.8,millions_of_chained_2017_dollars,6,-4.267668146124959,7453,3891,28.5,21.72,7.46,14.31,24,334,676089,24,24,674752,5.344038461538461,52,292.62641666666667,7.990820747791694,12
21,Kentucky,2023,South,East South Central,55500000,778000000,14.03,202399,3,6,Kentucky,7826,7826,2099641,300,600,78511,143,534,63093,334,6455,772243,6587,6587,1829636,270,540,72503,125,478,56360,293,5444,641829,174478,250951,1257678,1683107,522030,35337,74099,0,0,109436,17975,22956,40931,59437,17892,0,0,77329,13.758333333333333,12,SMU21000002023700001,226942.4,253319.5,7795.9,millions_of_chained_2017_dollars,6,2.973265705077388,9128,4689,23.47,19.21,4.24,11.34,23,333,714322,23,24,676089,6.806730769230769,52,304.703,4.12696279129503,12
22,Louisiana,2015,South,West South Central,,,,201599,3,7,Louisiana,12322,12322,2636748,168,336,29593,30,103,6928,43,1069,103745,10693,10693,2315642,165,330,28541,21,72,3627,36,1020,94880,21159,65702,969518,1056379,361130,2796,2236,29374,10587,44993,40100,2898,42998,4412,11499,0,8241,24152,49.425,12,SMU22000002023700001,239584.1,198425.9,14504.3,millions_of_chained_2017_dollars,6,,14874,5200,13.63,15.86,3.25,6.95,2,18,28071,2,,,3.850576923076923,52,237.00175,,12
22,Louisiana,2016,South,West South Central,,,,201699,3,7,Louisiana,12518,12518,2561013,177,354,30679,46,164,16939,84,1467,158019,11182,11182,2297860,168,336,28435,34,123,12223,72,1330,141338,16418,75732,996536,1088686,363889,3017,40,32841,5471,41369,45117,3240,48357,4358,2506,0,6366,13230,46.56666666666667,12,SMU22000002023700001,235554.2,197411.9,14998.7,millions_of_chained_2017_dollars,6,3.4086443330598515,15254,3993,12.11,14.88,3.04,6.119999999999999,2,12,19257,2,2,28071,3.6540384615384616,52,240.00541666666663,1.2673605433996429,12
22,Louisiana,2017,South,West South Central,,,,201799,3,7,Louisiana,13557,13557,2800089,175,350,32285,31,107,10319,59,1210,143586,11386,11386,2356276,154,308,27650,11,38,2298,44,1067,114255,36859,72302,1041930,1151091,374178,3102,583,35164,4011,42860,44166,4185,48351,1615,13906,0,6714,22235,46.69166666666667,12,SMU22000002023700001,239830.7,203454.9,16168.8,millions_of_chained_2017_dollars,6,7.8013427830411874,15055,4265,14.77,16.06,3.57,7.53,2,9,15162,2,2,19257,3.989807692307692,52,245.121,2.131444950027195,12
22,Louisiana,2018,South,West South Central,,,,201899,3,7,Louisiana,13733,13733,2837044,154,308,27132,25,97,11059,56,1697,233173,10964,10964,2272283,125,250,21208,15,58,7443,44,1609,215684,19250,65631,775584,860465,393377,3073,2234,30647,2202,38156,49845,3122,52967,1599,11425,0,6336,19360,45.291666666666664,12,SMU22000002023700001,245220.3,212320.8,16445.6,millions_of_chained_2017_dollars,6,1.7119390430953452,13259,3958,18.110000000000003,15.69,3.4499999999999997,8.38,2,8,13678,2,2,15162,4.544615384615384,52,251.0995,2.438999514525486,12
22,Louisiana,2019,South,West South Central,,,,201999,3,7,Louisiana,14013,14013,2903602,248,496,45984,39,137,13365,52,1147,173135,12888,12888,2703832,248,496,45984,38,133,13365,52,1147,173135,15176,62083,809487,886746,392864,3102,583,35164,2202,41051,51182,2594,53776,1489,11358,0,6844,19691,42.675,12,SMU22000002023700001,246674.4,219305,15022.8,millions_of_chained_2017_dollars,6,-8.651554215109202,10750,3129,16.66,15.33,3.3,7.26,1,6,12070,1,2,13678,3.935769230769231,52,255.65258333333333,1.8132586219141489,12
22,Louisiana,2020,South,West South Central,,,,202099,3,7,Louisiana,15457,15457,3192636,251,502,64992,22,75,9886,53,1249,160260,12919,12919,2682281,172,344,50192,5,18,1364,37,965,108276,31095,51729,889121,971945,416742,2929,38,29395,9997,42359,46876,2237,49113,1648,7888,0,9674,19210,37.61666666666667,12,SMU22000002023700001,225636,233449.5,13284,millions_of_chained_2017_dollars,6,-11.574406901509704,7120,3627,11.58,14.3,2.53,5.470000000000001,1,6,8099,1,1,12070,3.111698113207547,53,258.85575,1.2529373358571627,12
22,Louisiana,2021,South,West South Central,,,,202199,3,7,Louisiana,16937,16937,3783984,240,480,43788,24,78,12335,50,1652,213954,14500,14500,3260034,80,160,9999,1,4,800,24,468,49772,32005,69614,921081,1022700,426959,3156,3546,32100,11129,49931,50983,2194,53177,2111,9649,0,7164,18924,38.95,12,SMU22000002023700001,242582.1,255091.5,13820,millions_of_chained_2017_dollars,6,4.034929238181273,5247,4336,17.82,18.21,3.97,9.11,1,1,1980,1,1,8099,2.9576923076923074,52,270.97341666666665,4.681242996018686,12
22,Louisiana,2022,South,West South Central,,,,202299,3,7,Louisiana,13557,13557,3383744,320,640,81141,15,54,8318,64,1293,157329,11260,11260,2858532,319,638,72220,15,54,8318,64,1293,157329,36069,91402,1062780,1190251,431150,3214,374,30446,11718,45752,51592,2880,54472,1343,13620,0,6600,21563,38.708333333333336,12,SMU22000002023700001,240043,254415.5,12253.1,millions_of_chained_2017_dollars,6,-11.337916063675834,6818,4996,27.92,22.1,7.05,11.25,1,1,520,1,1,1980,5.344038461538461,52,292.62641666666667,7.990820747791694,12
22,Louisiana,2023,South,West South Central,,,,202399,3,7,Louisiana,11243,11243,2789851,310,620,78456,6,18,2062,94,2366,367897,8579,8579,2167556,289,578,73982,5,15,1663,78,1868,319870,14192,80343,1185604,1280139,482810,6243,158,30254,12612,49267,53735,3678,57413,2294,14253,0,11624,28171,42.15833333333333,12,SMU22000002023700001,248949.4,270677.4,12517.2,millions_of_chained_2017_dollars,6,2.1553729260350485,8744,5797,22.52,17.23,3.82,7.71,0,0,0,0,1,520,6.806730769230769,52,304.703,4.12696279129503,12
23,Maine,2015,Northeast,New England,4330000,34300000,7.930000000000001,201599,1,1,Maine,2853,2853,588506,46,92,11271,15,58,6987,57,696,76250,2212,2212,457552,40,80,9750,15,58,6987,45,554,60524,6608,67640,331928,406176,122394,9503,35705,0,45392,90600,13951,7308,21259,16361,5465,1400,4801,28027,3.025,12,SMU23000002023700001,60563,57356.5,2170.9,millions_of_chained_2017_dollars,6,,667,647,15.53,26.53,8.68,9.04,16,80,85475,16,,,3.850576923076923,52,237.00175,,12
23,Maine,2016,Northeast,New England,4210000,30200000,7.17,201699,1,1,Maine,3265,3265,698508,63,126,15444,27,105,14605,42,514,48387,2607,2607,567200,57,114,13717,27,105,14605,42,514,48387,6699,70504,346376,423579,133943,10090,29171,0,46719,85980,13704,7034,20738,18203,6719,1414,4762,31098,3.066666666666667,12,SMU23000002023700001,62037.1,59286.8,2173.4,millions_of_chained_2017_dollars,6,0.11515961122114948,495,542,12.73,26.26,7.46,8.49,16,86,95897,16,16,85475,3.6540384615384616,52,240.00541666666663,1.2673605433996429,12
23,Maine,2017,Northeast,New England,4400000,34800000,7.92,201799,1,1,Maine,3583,3583,755783,56,112,14440,10,36,3272,46,627,54254,2801,2801,628516,51,102,13006,10,36,3272,45,590,50424,7268,75986,426604,509858,150681,8963,37320,0,58941,105224,14157,7243,21400,18944,8126,1421,5501,33992,3.1083333333333334,12,SMU23000002023700001,63000.6,61740.1,2208.6,millions_of_chained_2017_dollars,6,1.6195822214042366,609,416,13.85,26.979999999999997,7.87,8.77,16,88,106614,16,16,95897,3.989807692307692,52,245.121,2.131444950027195,12
23,Maine,2018,Northeast,New England,4040000,36700000,9.06,201899,1,1,Maine,3660,3660,844208,66,132,20547,12,42,4320,58,863,90224,2850,2850,698695,57,114,18277,12,42,4320,57,814,85153,5428,78244,356535,440207,173428,8871,43804,0,25609,78284,15699,7922,23621,19816,8224,1544,6147,35731,3.3833333333333333,12,SMU23000002023700001,64806.3,64463.2,2256.1,millions_of_chained_2017_dollars,6,2.1506836910259786,605,705,18.09,27.32,8.93,9.59,17,78,98462,17,16,106614,4.544615384615384,52,251.0995,2.438999514525486,12
23,Maine,2019,Northeast,New England,4500000,41400000,9.19,201999,1,1,Maine,3474,3474,833466,98,196,33260,8,29,3862,50,1061,134152,2647,2647,676494,95,190,32291,8,29,3862,48,983,125632,5312,79404,401574,486290,143199,8747,45888,0,53474,108109,15118,7681,22799,20124,8495,1503,6102,36224,3.475,12,SMU23000002023700001,66758.4,67852.8,2284.5,millions_of_chained_2017_dollars,6,1.2588094499357272,882,1403,16.6,27.03,8.360000000000001,8.870000000000001,17,71,99750,17,17,98462,3.935769230769231,52,255.65258333333333,1.8132586219141489,12
23,Maine,2020,Northeast,New England,4690000,42900000,9.15,202099,1,1,Maine,4180,4180,1042442,99,198,30294,20,73,7058,47,853,114344,2564,2564,664288,81,162,24719,16,61,6058,33,735,103663,4866,83395,509402,597663,148991,10274,45554,0,48270,104098,15410,8719,24129,17148,8470,1733,5125,32476,3.8166666666666664,12,SMU23000002023700001,67639.2,74137,2291.7,millions_of_chained_2017_dollars,6,0.31516743269861536,885,1505,11.89,25.979999999999997,7.55,8.59,16,73,104725,16,17,99750,3.111698113207547,53,258.85575,1.2529373358571627,12
23,Maine,2021,Northeast,New England,4700000,43600000,9.29,202199,1,1,Maine,5238,5238,1405235,120,240,44075,21,72,11699,54,980,132790,3747,3747,1070661,98,196,36855,13,48,9699,42,825,118050,6150,80603,441556,528309,153625,9050,34980,0,61665,105695,15375,8640,24015,12867,8019,1666,4658,27210,3.933333333333333,12,SMU23000002023700001,71353.5,81887.1,2402.8,millions_of_chained_2017_dollars,6,4.847929484662061,1189,1442,16.279999999999998,27.979999999999997,8.82,10.239999999999998,17,75,107628,17,16,104725,2.9576923076923074,52,270.97341666666665,4.681242996018686,12
23,Maine,2022,Northeast,New England,4480000,46600000,10.4,202299,1,1,Maine,4907,4907,1362318,113,226,39521,27,95,13555,72,1866,252318,3396,3396,1036666,100,200,36330,22,80,12358,53,1767,242573,8061,60166,465466,533693,120565,10118,43838,0,63419,117375,37283,9006,46289,20968,10350,1723,6211,39252,3.8833333333333337,12,SMU23000002023700001,72884.4,85704.2,2242.1,millions_of_chained_2017_dollars,6,-6.688030630930597,1157,1401,27.53,32.33,12.39,13.73,16,68,108906,16,17,107628,5.344038461538461,52,292.62641666666667,7.990820747791694,12
23,Maine,2023,Northeast,New England,4260000,50800000,11.93,202399,1,1,Maine,4540,4540,1381322,123,246,44792,27,90,15014,93,1307,168992,2741,2741,956400,113,226,42098,18,63,11730,54,1018,148019,3099,64734,499757,567590,119164,10261,47449,0,69758,127468,37834,10827,48661,21695,10803,1639,5802,39939,4.208333333333333,12,SMU23000002023700001,75514,91602.3,2297.6,millions_of_chained_2017_dollars,6,2.4753579233754097,935,1572,23.86,36.04,10.03,13.29,17,85,117395,17,16,108906,6.806730769230769,52,304.703,4.12696279129503,12
24,Maryland,2015,South,South Atlantic,22700000,246000000,10.84,201599,3,5,Maryland,11108,11108,2311331,57,114,13628,12,46,5435,152,5789,750226,11067,11067,2303197,57,114,13628,12,46,5435,152,5789,750226,112721,173615,1084246,1370582,173359,32272,116140,31728,92363,272503,80759,26867,107626,178538,10329,1234,352,190453,17.358333333333334,12,SMU24000002023700001,378745.9,332956.2,20262.6,millions_of_chained_2017_dollars,6,,3809,5696,14.54,25,9.19,13.33,30,224,448978,30,,,3.850576923076923,52,237.00175,,12
24,Maryland,2016,South,South Atlantic,22100000,258000000,11.66,201699,3,5,Maryland,11059,11059,2353850,85,170,18108,10,36,5398,177,5779,789489,10962,10962,2332180,85,170,18108,10,36,5398,177,5779,789489,125050,224784,1061575,1411409,175018,35306,99998,34423,132181,301908,88701,27069,115770,178760,3499,1537,361,184157,18.708333333333332,12,SMU24000002023700001,391950.9,344195.1,22535.7,millions_of_chained_2017_dollars,6,11.21820496876018,4370,5764,11.39,23.110000000000003,8.370000000000001,11.82,27,226,494326,27,30,448978,3.6540384615384616,52,240.00541666666663,1.2673605433996429,12
24,Maryland,2017,South,South Atlantic,24300000,295000000,12.12,201799,3,5,Maryland,12384,12384,2698698,45,90,9075,3,10,1113,84,3740,548448,12142,12142,2638111,45,90,9075,3,10,1113,82,3696,543644,90644,214906,1146180,1451730,187876,36725,53521,37364,90126,217736,85208,27981,113189,480919,52167,2192,329,535607,18.983333333333334,12,SMU24000002023700001,399714.5,356079,24317.1,millions_of_chained_2017_dollars,6,7.904791064843764,3569,5451,15,24.53,9.4,13.04,26,223,502363,26,27,494326,3.989807692307692,52,245.121,2.131444950027195,12
24,Maryland,2018,South,South Atlantic,22500000,275000000,12.19,201899,3,5,Maryland,12975,12975,2872292,32,64,10406,10,35,23933,103,5573,795218,12919,12919,2859247,32,64,10406,10,35,23933,103,5573,795218,96948,209812,1241685,1548445,221003,41414,86492,37040,147060,312006,82121,29628,111749,347054,9826,2134,505,359519,16.95,12,SMU24000002023700001,402480.9,367831.3,24008.9,millions_of_chained_2017_dollars,6,-1.2674208684423591,4368,5023,16.150000000000002,24.110000000000003,8.75,13.8,25,227,479666,25,26,502363,4.544615384615384,52,251.0995,2.438999514525486,12
24,Maryland,2019,South,South Atlantic,25700000,323000000,12.58,201999,3,5,Maryland,12053,12053,2733697,76,152,20783,25,95,15116,119,6191,984427,11918,11918,2707205,76,152,20783,25,95,15116,119,6191,984427,73532,186269,1260444,1520245,199630,36542,95282,29685,59765,221274,91058,27748,118806,376235,14103,2634,1016,393988,17.8,12,SMU24000002023700001,402506.2,380447.2,23976,millions_of_chained_2017_dollars,6,-0.1370325171082487,4429,5750,14.95,22.86,9.63,14.07,22,217,458975,22,25,479666,3.935769230769231,52,255.65258333333333,1.8132586219141489,12
24,Maryland,2020,South,South Atlantic,24600000,321000000,13.04,202099,3,5,Maryland,12993,12993,2992616,89,178,24504,7,23,3475,96,4788,832946,12739,12739,2938230,88,176,24260,6,20,2616,88,4674,817408,61609,204127,1324873,1590609,89238,39365,36213,32342,100510,208430,97885,29973,127858,396553,14814,2497,1532,415396,17.541666666666668,12,SMU24000002023700001,389178.6,400750,23421.7,millions_of_chained_2017_dollars,6,-2.311895228561889,4298,5579,10.67,22.89,8.5,13.43,24,217,440332,24,22,458975,3.111698113207547,53,258.85575,1.2529373358571627,12
24,Maryland,2021,South,South Atlantic,25700000,352000000,13.69,202199,3,5,Maryland,12520,12520,3201070,25,50,7295,19,70,12150,185,5856,791012,12314,12314,3170573,19,38,6275,19,70,12150,173,5794,783069,34332,123844,1075306,1233482,282305,20772,26256,39141,109705,195874,86163,34049,120212,531608,14349,10389,55771,612117,17.333333333333332,12,SMU24000002023700001,407160.1,427803.2,23262.7,millions_of_chained_2017_dollars,6,-0.67885764056409,4260,5043,14.67,24.79,8.77,15.1,25,232,466865,25,24,440332,2.9576923076923074,52,270.97341666666665,4.681242996018686,12
24,Maryland,2022,South,South Atlantic,24400000,348000000,14.26,202299,3,5,Maryland,10117,10117,2852446,45,90,14772,11,40,6101,614,12613,1739129,10084,10084,2846457,45,90,14772,11,40,6101,614,12613,1739129,20394,135945,1082897,1239236,283884,39131,45386,38858,92491,215866,88898,47242,136140,555825,15912,10731,28363,610831,17.608333333333334,12,SMU24000002023700001,412670.7,438306.4,21459.3,millions_of_chained_2017_dollars,6,-7.752324536704691,5084,5951,26.68,29.33,11.76,20.26,26,225,480819,26,25,466865,5.344038461538461,52,292.62641666666667,7.990820747791694,12
24,Maryland,2023,South,South Atlantic,23800000,377000000,15.83,202399,3,5,Maryland,10490,10490,2932201,9,18,3854,14,56,9083,152,7889,1339136,10392,10392,2909678,9,18,3854,14,56,9083,152,7889,1339136,21790,150349,1078069,1250208,290699,26325,35363,48983,181504,292175,215433,47242,262675,511863,17481,14409,31180,574933,17.166666666666668,12,SMU24000002023700001,420558,469239.6,20864.7,millions_of_chained_2017_dollars,6,-2.770826634605972,5599,6570,23.18,29.15,12.82,19.4,27,280,552146,27,26,480819,6.806730769230769,52,304.703,4.12696279129503,12
25,Massachusetts,2015,Northeast,New England,12100000,159000000,13.17,201599,1,1,Massachusetts,6922,6922,2032508,230,460,70513,99,318,50982,270,9724,1826518,5744,5744,1755716,206,412,63872,85,273,46236,160,8479,1682273,11596,165390,887053,1064039,147473,13253,69688,144,55937,139022,270170,3928,274098,159695,16813,25178,1519,203205,14.016666666666666,12,SMU25000002023700001,514398.7,422547.6,18845.6,millions_of_chained_2017_dollars,6,,8032,7346,15.64,39.7,8.96,19.86,52,346,674285,52,,,3.850576923076923,52,237.00175,,12
25,Massachusetts,2016,Northeast,New England,12600000,174000000,13.81,201699,1,1,Massachusetts,7641,7641,2376986,270,540,88942,88,301,62612,261,7806,1417907,6183,6183,1985322,227,454,74898,85,291,60400,161,6957,1293606,11596,165390,887053,1064039,147473,13253,69688,144,55937,139022,270170,3928,274098,159695,16813,25178,1519,203205,14.733333333333334,12,SMU25000002023700001,521662.8,438598.5,19845.7,millions_of_chained_2017_dollars,6,5.30680901642826,8868,6260,12.82,39.2,7.18,17.79,53,380,718808,53,52,674285,3.6540384615384616,52,240.00541666666663,1.2673605433996429,12
25,Massachusetts,2017,Northeast,New England,12900000,179000000,13.94,201799,1,1,Massachusetts,7278,7278,2292649,266,532,86988,87,288,56650,303,9630,1656129,6102,6102,1968574,213,426,70064,82,273,54348,207,8640,1521191,7871,232076,1516896,1756843,175165,9146,125856,1668,13800,150470,265685,15864,281549,148732,10634,12995,0,172361,14.275,12,SMU25000002023700001,530129.4,459778.7,20871,millions_of_chained_2017_dollars,6,5.166358455484055,11080,5891,13.95,40.690000000000005,7.79,18.14,53,366,686283,53,53,718808,3.989807692307692,52,245.121,2.131444950027195,12
25,Massachusetts,2018,Northeast,New England,13900000,192000000,13.79,201899,1,1,Massachusetts,7169,7169,2350756,327,654,108422,112,380,78289,289,8841,1620497,5846,5846,1989323,254,508,85539,109,370,77452,185,7311,1415063,7871,232076,1516896,1756843,175165,9146,125856,1668,13800,150470,265685,15864,281549,148732,10634,12995,0,172361,14.008333333333333,12,SMU25000002023700001,549262.1,483954.4,21578.9,millions_of_chained_2017_dollars,6,3.3917876479325537,11720,5985,18.22,43.64,10,20.64,51,372,712231,51,53,686283,4.544615384615384,52,251.0995,2.438999514525486,12
25,Massachusetts,2019,Northeast,New England,13400000,194000000,14.46,201999,1,1,Massachusetts,6292,6292,2094983,284,568,114782,126,419,80811,665,10086,1388625,5124,5124,1678700,259,518,107321,121,404,79619,575,8174,1096969,7174,99279,771099,877552,209829,15045,87262,870,0,103177,151329,16178,167507,139988,17156,10511,0,167655,13.916666666666666,12,SMU25000002023700001,566326.8,507884.7,22127.1,millions_of_chained_2017_dollars,6,2.540444600975933,11285,6977,16.71,43.25,9.62,19.97,53,438,828375,53,51,712231,3.935769230769231,52,255.65258333333333,1.8132586219141489,12
25,Massachusetts,2020,Northeast,New England,13000000,197000000,15.18,202099,1,1,Massachusetts,6754,6754,2209662,314,628,119617,91,304,60015,482,9339,2372192,4453,4453,1587219,265,530,97979,79,267,53919,154,6100,2014085,7174,99279,771099,877552,209829,15045,87262,870,0,103177,151329,16178,167507,139988,17156,10511,0,167655,13.783333333333331,12,SMU25000002023700001,560395.8,542032.6,20983.7,millions_of_chained_2017_dollars,6,-5.167419137618568,11310,7815,11.97,42.52,9.03,19.16,53,377,718240,53,53,828375,3.111698113207547,53,258.85575,1.2529373358571627,12
25,Massachusetts,2021,Northeast,New England,12400000,192000000,15.5,202199,1,1,Massachusetts,7231,7231,2839909,351,702,151654,100,330,64855,594,11590,1885376,5672,5672,2398092,329,658,142694,89,297,58633,201,7931,1516613,13991,100015,966839,1080845,223951,21028,76353,321,0,97702,157257,30312,187569,126214,17954,11009,0,155177,14.008333333333333,12,SMU25000002023700001,597420,588651,21832,millions_of_chained_2017_dollars,6,4.042661685022186,13288,7906,16.4,44.49,9.83,20.73,52,366,717587,52,53,718240,2.9576923076923074,52,270.97341666666665,4.681242996018686,12
25,Massachusetts,2022,Northeast,New England,12800000,210000000,16.39,202299,1,1,Massachusetts,6232,6232,2712193,317,634,140496,115,379,86510,329,9585,2289237,4931,4931,2366824,293,586,132180,109,361,82861,198,8094,2054834,20895,135849,817912,974656,227985,21186,86664,359,604454,712663,307576,32951,340527,114300,21815,10860,0,146975,14.35,12,SMU25000002023700001,607470.6,600009.6,20032.8,millions_of_chained_2017_dollars,6,-8.241113961157943,13715,8512,27.34,49.99,13.99,26.07,53,384,707301,53,52,717587,5.344038461538461,52,292.62641666666667,7.990820747791694,12
25,Massachusetts,2023,Northeast,New England,12300000,211000000,17.110000000000003,202399,1,1,Massachusetts,5075,5075,2379576,241,482,105670,107,358,105787,273,7299,1826146,4062,4062,1954055,213,426,95359,106,355,105187,192,6713,1733452,24334,160523,904146,1089003,302545,19641,92953,377,0,112971,184602,41955,226557,133065,27703,10718,0,171486,14.816666666666666,12,SMU25000002023700001,614786.1,635619.8,19434.3,millions_of_chained_2017_dollars,6,-2.987600335449858,13909,9563,24.08,52.41,12.89,25.56,49,377,696028,49,53,707301,6.806730769230769,52,304.703,4.12696279129503,12
26,Michigan,2015,Midwest,East North Central,32500000,217000000,6.659999999999999,201599,2,3,Michigan,13398,13398,3268392,177,354,49617,68,252,32287,243,4222,500174,11977,11977,2978216,142,284,41601,58,218,30539,224,3895,475976,6648,59383,1016513,1082544,209908,12737,81594,0,9320,103651,92733,27945,120678,195848,31992,0,13730,241570,15.758333333333333,12,SMU26000002023700001,490618.7,429284.9,17600,millions_of_chained_2017_dollars,6,,6498,6038,15.04,20.59,6.39,10.91,21,239,532797,21,,,3.850576923076923,52,237.00175,,12
26,Michigan,2016,Midwest,East North Central,38000000,244000000,6.41,201699,2,3,Michigan,14534,14534,3574943,266,532,58127,67,240,29388,263,5102,609349,13006,13006,3270928,232,464,50287,57,207,26388,243,4340,493944,24154,72730,921212,1018096,222789,27637,74912,0,8665,111214,117155,24419,141574,188022,23016,0,21346,232384,16.575,12,SMU26000002023700001,500159.5,441557.2,18142.1,millions_of_chained_2017_dollars,6,3.080113636363624,7188,5224,12.1,20.25,5.51,10.239999999999998,22,245,516520,22,21,532797,3.6540384615384616,52,240.00541666666663,1.2673605433996429,12
26,Michigan,2017,Midwest,East North Central,33600000,237000000,7.05,201799,2,3,Michigan,16652,16652,4122115,129,258,34923,119,438,54906,325,6275,676070,14707,14707,3726888,102,204,28197,111,408,52522,299,5865,629450,78206,72244,1085279,1235729,220865,25119,71262,0,11627,108008,59929,86460,146389,278600,38605,0,19493,336698,17,12,SMU26000002023700001,505101.5,454894.8,18720,millions_of_chained_2017_dollars,6,3.185408524922706,7417,5636,14.63,21.09,5.71,10.54,21,256,554012,21,22,516520,3.989807692307692,52,245.121,2.131444950027195,12
26,Michigan,2018,Midwest,East North Central,37400000,259000000,6.92,201899,2,3,Michigan,15633,15633,4067564,162,324,50146,106,394,53416,199,3229,398242,14229,14229,3766144,133,266,43332,93,349,49090,186,3069,380741,62441,4331,1164647,1231419,233567,27480,90980,0,12006,130466,53573,77078,130651,296068,34534,0,20199,350801,18.208333333333332,12,SMU26000002023700001,516843,474208,19043.8,millions_of_chained_2017_dollars,6,1.7297008547008552,7369,5291,17.759999999999998,20.81,5.71,10.9,25,270,565914,25,21,554012,4.544615384615384,52,251.0995,2.438999514525486,12
26,Michigan,2019,Midwest,East North Central,35400000,276000000,7.79,201999,2,3,Michigan,14623,14623,3823113,122,244,41823,152,567,86054,293,5166,629496,12933,12933,3439971,117,234,40431,137,517,81048,277,4677,571392,67932,3209,1382296,1453437,240425,30084,91199,0,17354,138637,94616,32580,127196,301086,34054,0,22865,358005,18.858333333333334,12,SMU26000002023700001,521085.1,489569.6,18405.4,millions_of_chained_2017_dollars,6,-3.3522721305621617,8981,5474,16.73,20.73,5.68,10.85,23,261,540047,23,25,565914,3.935769230769231,52,255.65258333333333,1.8132586219141489,12
26,Michigan,2020,Midwest,East North Central,32800000,254000000,7.76,202099,2,3,Michigan,15154,15154,3930533,234,468,69883,110,391,67129,175,3722,512113,12903,12903,3428722,227,454,67365,67,239,41496,122,2928,414184,34733,4094,1467112,1505939,291682,22991,81451,0,19304,123746,111430,28545,139975,206777,32405,0,24454,263636,18.975,12,SMU26000002023700001,502622.3,532019.9,17733.6,millions_of_chained_2017_dollars,6,-3.6500157562454616,8429,7499,12.33,21.23,5.52,10.44,24,249,517548,24,23,540047,3.111698113207547,53,258.85575,1.2529373358571627,12
26,Michigan,2021,Midwest,East North Central,36000000,287000000,7.970000000000001,202199,2,3,Michigan,16760,16760,4766835,212,424,81488,117,421,67505,207,4127,768513,14206,14206,4191455,201,402,79145,95,345,58250,187,3580,703279,16422,257648,1405498,1679568,305266,38715,77699,0,15125,131539,114192,29678,143870,272048,32839,0,24581,329468,19.541666666666664,12,SMU26000002023700001,528701.8,573255.7,18651.8,millions_of_chained_2017_dollars,6,5.177741688094928,6787,8170,17.419999999999998,22.54,6.33,11.63,24,269,547636,24,24,517548,2.9576923076923074,52,270.97341666666665,4.681242996018686,12
26,Michigan,2022,Midwest,East North Central,37200000,368000000,9.9,202299,2,3,Michigan,14809,14809,4676727,203,406,71647,164,599,90840,300,5966,1033491,12768,12768,4231293,190,380,69113,144,531,84028,272,5723,998969,31011,330646,1622234,1983891,334440,41758,96827,0,12817,151402,110971,33598,144569,291299,34569,31901,0,357769,20.533333333333335,12,SMU26000002023700001,539807.5,583072.1,17837.4,millions_of_chained_2017_dollars,6,-4.366334616498124,8273,7639,28.51,24.41,8.33,14.47,24,285,587003,24,24,547636,5.344038461538461,52,292.62641666666667,7.990820747791694,12
26,Michigan,2023,Midwest,East North Central,34400000,377000000,10.96,202399,2,3,Michigan,14413,14413,4483976,267,534,71303,129,482,93840,314,5163,1001414,12307,12307,3997979,252,504,65305,119,452,88584,263,4634,928167,20185,350751,2100832,2471768,331358,45229,93994,0,17178,156401,122475,28705,151180,372972,38274,30639,0,441885,21.525,12,SMU26000002023700001,554556.2,617163.2,18235.6,millions_of_chained_2017_dollars,6,2.232388128314655,12355,10357,23.459999999999997,23.9,8.08,13.8,26,315,631371,26,24,587003,6.806730769230769,52,304.703,4.12696279129503,12
27,Minnesota,2015,Midwest,West North Central,7780000,97800000,12.56,201599,2,4,Minnesota,10900,10900,2930164,49,98,13825,86,332,36613,191,8215,1154487,10309,10309,2813158,46,92,13285,81,316,35043,164,7937,1133268,58370,428186,739387,1225943,428186,33487,75302,14638,0,123427,151933,1477,153410,90928,41909,768,8663,142268,16.633333333333333,12,SMU27000002023700001,345456.2,282988,14856.8,millions_of_chained_2017_dollars,6,,4939,6806,17.5,20.58,4.6899999999999995,10.85,63,334,558203,63,,,3.850576923076923,52,237.00175,,12
27,Minnesota,2016,Midwest,West North Central,7340000,93300000,12.72,201699,2,4,Minnesota,12071,12071,3328331,62,124,18288,58,215,32332,184,9039,1214090,11347,11347,3180027,58,116,17128,46,174,27733,145,8627,1177328,44061,301768,1057875,1403704,301768,33101,61908,16012,0,111021,157135,578,157713,94258,43659,833,8160,146910,16.191666666666666,12,SMU27000002023700001,350603.6,288866.6,15526.4,millions_of_chained_2017_dollars,6,4.507027085240423,4564,7260,13.54,21.610000000000003,4.05,9.77,62,313,544709,62,63,558203,3.6540384615384616,52,240.00541666666663,1.2673605433996429,12
27,Minnesota,2017,Midwest,West North Central,7120000,96900000,13.62,201799,2,4,Minnesota,13508,13508,3604299,71,142,25768,45,174,27470,140,8129,1160880,12656,12656,3409088,70,140,25418,43,166,26818,124,7917,1144770,31626,42954,982357,1056937,348728,37497,79129,19055,0,135681,145625,440,146065,109796,47205,806,8179,165986,15.983333333333333,12,SMU27000002023700001,354721.9,301749,16350.9,millions_of_chained_2017_dollars,6,5.310310181368516,4555,6726,16.32,21.610000000000003,4.35,10.42,64,307,533124,64,62,544709,3.989807692307692,52,245.121,2.131444950027195,12
27,Minnesota,2018,Midwest,West North Central,7710000,106000000,13.71,201899,2,4,Minnesota,13574,13574,3755437,98,196,30882,52,197,35093,206,11706,1899401,12669,12669,3544814,96,192,30182,52,197,35093,194,11579,1891181,36840,117505,837081,991426,383455,33994,98946,18132,0,151072,152371,26334,178705,103016,40655,839,8161,152671,15.975,12,SMU27000002023700001,364799.7,317564.8,16449.8,millions_of_chained_2017_dollars,6,0.60485967133308,5104,6477,18.68,22.05,4.59,11.31,63,301,512108,63,64,533124,4.544615384615384,52,251.0995,2.438999514525486,12
27,Minnesota,2019,Midwest,West North Central,8010000,72100000,9,201999,2,4,Minnesota,13709,13709,3882049,93,186,35787,51,190,33807,199,14501,2196264,13206,13206,3775455,93,186,35787,50,186,33432,186,14339,2185461,28832,180157,988626,1197615,397676,36333,107880,16696,0,160909,149563,31590,181153,115107,41318,847,8971,166243,16.558333333333334,12,SMU27000002023700001,369617.4,329291.6,17004.2,millions_of_chained_2017_dollars,6,3.370253741686846,5877,8125,18.49,22.06,4.23,11.03,60,304,512949,60,63,512108,3.935769230769231,52,255.65258333333333,1.8132586219141489,12
27,Minnesota,2020,Midwest,West North Central,8580000,79000000,9.21,202099,2,4,Minnesota,14707,14707,4213115,158,316,52111,71,272,46041,216,12853,1868044,13862,13862,4030848,155,310,50711,70,268,45317,193,12609,1846609,40493,193991,1031346,1265830,413561,34858,102813,21411,0,159082,208837,23165,232002,110617,39684,885,8878,160064,16.941666666666666,12,SMU27000002023700001,357831.5,350470,16555,millions_of_chained_2017_dollars,6,-2.6417002858117433,5170,9009,14.77,22.49,3.8,10.53,60,293,505609,60,60,512949,3.111698113207547,53,258.85575,1.2529373358571627,12
27,Minnesota,2021,Midwest,West North Central,9130000,96800000,10.61,202199,2,4,Minnesota,16704,16704,5145714,177,354,72540,75,283,59111,299,16311,2448768,15414,15414,4835294,176,352,72282,71,271,56542,270,16002,2422703,34916,201604,1027207,1263727,440625,38857,95844,24701,0,159402,198858,26959,225817,121492,43950,538,8419,174399,19.358333333333334,12,SMU27000002023700001,377975.8,387015.8,17518.6,millions_of_chained_2017_dollars,6,5.820598006644517,4455,8683,17.89,24.3,5.1899999999999995,12.31,60,301,536208,60,60,505609,2.9576923076923074,52,270.97341666666665,4.681242996018686,12
27,Minnesota,2022,Midwest,West North Central,8550000,106000000,12.35,202299,2,4,Minnesota,13483,13483,4446521,127,254,51119,80,298,68976,318,17091,2983727,12706,12706,4255005,119,238,49338,79,294,68226,286,16777,2963224,45265,211861,955177,1212303,370502,34335,116742,19494,0,170571,201420,24685,226105,138441,38730,1224,9808,188203,17.691666666666666,12,SMU27000002023700001,385921.8,397877.4,15914.8,millions_of_chained_2017_dollars,6,-9.154841140273762,5662,9532,28.05,27.12,8,16.02,56,283,498837,56,60,536208,5.344038461538461,52,292.62641666666667,7.990820747791694,12
27,Minnesota,2023,Midwest,West North Central,8810000,113000000,12.82,202399,2,4,Minnesota,12770,12770,4321115,127,254,51022,63,233,54903,276,12410,2267171,12090,12090,4138775,117,234,48683,61,227,54453,228,12034,2228556,65578,283399,1084645,1433622,427168,33539,143806,17332,0,194677,215370,32973,248343,150063,48022,1215,11492,210792,18.175,12,SMU27000002023700001,389864.5,418091,16097.9,millions_of_chained_2017_dollars,6,1.1505014200618335,5716,9124,26.24,26.979999999999997,5.84,14.28,54,281,485676,54,56,498837,6.806730769230769,52,304.703,4.12696279129503,12
28,Mississippi,2015,South,East South Central,1900000,55200000,29.05,201599,3,6,Mississippi,5608,5608,988006,121,242,13866,19,65,5042,68,930,71224,4150,4150,770951,110,220,11740,2,8,60,38,696,57475,55990,93868,567067,716925,50349,1663,3633,20963,0,26259,50472,20841,71313,8646,10452,0,13401,32499,,,,109401.7,104772.2,4124.8,millions_of_chained_2017_dollars,6,,1902,1509,14.03,19.23,4.6,9,3,7,7463,3,,,3.850576923076923,52,237.00175,,12
28,Mississippi,2016,South,East South Central,2170000,64100000,29.5,201699,3,6,Mississippi,6142,6142,1063943,37,74,7448,32,115,8090,53,555,46431,4619,4619,830142,29,58,5874,12,46,4080,15,148,18873,58137,94494,572577,725208,58632,1345,614,21778,0,23737,52895,20284,73179,7281,2931,0,13899,24111,,,,109911,106355.5,3887.4,millions_of_chained_2017_dollars,6,-5.755430566330489,856,2211,12.37,16.979999999999997,4.23,8.18,2,6,12613,2,3,7463,3.6540384615384616,52,240.00541666666663,1.2673605433996429,12
28,Mississippi,2017,South,East South Central,2090000,63300000,30.36,201799,3,6,Mississippi,6531,6531,1160107,54,108,13667,29,102,10385,53,740,71105,5154,5154,964595,47,94,12339,17,61,7192,18,338,42281,63578,97049,700257,860884,58738,1355,413,20298,0,22066,47753,13044,60797,6617,15824,0,14849,37290,,,,110281.4,109132.8,3643.8,millions_of_chained_2017_dollars,6,-6.266399135669087,683,2535,15.05,17.55,4.9,8.719999999999999,3,8,18034,3,2,12613,3.989807692307692,52,245.121,2.131444950027195,12
28,Mississippi,2018,South,East South Central,2060000,64500000,31.23,201899,3,6,Mississippi,6136,6136,1135177,26,52,6228,29,110,10313,58,585,41787,4811,4811,952971,19,38,4780,18,72,6958,20,191,13866,35511,99436,575296,710243,89588,1554,2488,20708,0,24750,47454,11009,58463,4770,10775,0,14459,30004,,,,110174.8,111917.8,3644.7,millions_of_chained_2017_dollars,6,0.0246994895438668,1134,2234,18.5,17.59,4.96,9.02,3,10,13611,3,3,18034,4.544615384615384,52,251.0995,2.438999514525486,12
28,Mississippi,2019,South,East South Central,2090000,71700000,34.36,201999,3,6,Mississippi,6164,6164,1161662,36,72,9781,29,103,11423,52,613,58020,5096,5096,1002140,27,54,7499,13,51,7641,17,368,43731,25954,101676,581001,708631,97766,1706,568,24251,0,26525,44734,15707,60441,5953,10976,0,15754,32683,,,,111207.8,116213.5,3658.7,millions_of_chained_2017_dollars,6,0.38411940626115193,1243,1518,17.06,17.150000000000002,4.57,8.5,3,8,16487,3,3,13611,3.935769230769231,52,255.65258333333333,1.8132586219141489,12
28,Mississippi,2020,South,East South Central,1320000,47000000,35.58,202099,3,6,Mississippi,7190,7190,1383396,31,62,6349,26,86,6057,42,472,32729,5308,5308,1084303,28,56,5793,4,15,1245,13,275,22951,31123,99198,559242,689563,89400,1833,249,23836,0,25918,53217,12318,65535,6405,5863,0,13889,26157,,,,111195,125624.9,3626.1,millions_of_chained_2017_dollars,6,-0.8910268674665822,991,2183,11.86,16.51,3.96,7.5,3,10,15629,3,3,16487,3.111698113207547,53,258.85575,1.2529373358571627,12
28,Mississippi,2021,South,East South Central,1320000,48600000,36.73000000000001,202199,3,6,Mississippi,7384,7384,1501706,22,44,5384,28,100,9377,56,460,25056,5787,5787,1242814,16,32,4091,15,55,4861,23,212,12777,25607,113068,573422,712097,122589,2669,4684,28224,0,35577,46383,15318,61701,7861,10994,0,13280,32135,,,,116078.4,138640.2,3805.2,millions_of_chained_2017_dollars,6,4.9391908662199,976,1782,18.25,17.45,5.52,9.23,3,9,18196,3,3,15629,2.9576923076923074,52,270.97341666666665,4.681242996018686,12
28,Mississippi,2022,South,East South Central,1700000,65400000,38.52,202299,3,6,Mississippi,7001,7001,1382349,24,48,4399,15,54,5684,60,465,26163,5858,5858,1193037,22,44,3909,14,51,5553,39,337,22963,33891,107180,555791,696862,93135,2536,790,26375,0,29701,51503,11816,63319,7384,13614,0,12307,33305,,,,115700.3,138223.7,3473.5,millions_of_chained_2017_dollars,6,-8.717018816356559,1122,2341,28.6,19.66,8.08,11.96,3,10,19449,3,3,18196,5.344038461538461,52,292.62641666666667,7.990820747791694,12
28,Mississippi,2023,South,East South Central,2300000,94900000,41.290000000000006,202399,3,6,Mississippi,7145,7145,1421445,50,100,14464,5,18,3311,53,437,40215,6030,6030,1259473,46,92,13594,4,15,3180,24,256,34896,20197,119959,799520,939676,102356,2053,745,25948,0,28746,54251,13702,67953,7382,13642,0,14809,35833,,,,119454.2,146160.9,3622.8,millions_of_chained_2017_dollars,6,4.298258240967323,1700,4082,23.07,20.39,5.48,10.62,3,11,20730,3,3,19449,6.806730769230769,52,304.703,4.12696279129503,12
29,Missouri,2015,Midwest,West North Central,70800000,531000000,7.51,201599,2,4,Missouri,10339,10339,2340209,255,510,47231,137,507,46220,275,6988,712750,9657,9657,2232954,199,398,37673,122,461,42398,232,5999,669879,24054,114282,731542,869878,361810,62766,49213,0,0,111979,51889,22206,74095,202518,29399,4536,8214,244667,,,,308009.9,259350,11587.4,millions_of_chained_2017_dollars,6,,4083,3399,14.78,18.86,7.51,12.02,199,1140,2097114,199,,,3.850576923076923,52,237.00175,,12
29,Missouri,2016,Midwest,West North Central,72000000,558000000,7.74,201699,2,4,Missouri,11292,11292,2510008,247,494,44101,173,662,62893,209,6549,665701,10493,10493,2367264,211,422,38539,161,621,59519,186,6341,651426,21605,102102,635376,759083,380249,69323,27250,0,0,96573,52946,19434,72380,202248,30952,4701,8412,246313,,,,308423.3,267048.6,12615.5,millions_of_chained_2017_dollars,6,8.872568479555376,4830,3780,11.9,20.87,6.1499999999999995,11.68,203,1168,2282089,203,199,2097114,3.6540384615384616,52,240.00541666666663,1.2673605433996429,12
29,Missouri,2017,Midwest,West North Central,74600000,570000000,7.64,201799,2,4,Missouri,12109,12109,2777580,244,488,49148,154,594,61276,247,5620,564031,11002,11002,2464501,227,454,46879,150,581,60188,225,5334,531289,18170,125128,615530,758828,399445,67939,27003,0,0,94942,52068,21747,73815,209651,34860,4701,8412,257624,,,,311273.8,273774.2,13523.8,millions_of_chained_2017_dollars,6,7.199873171891724,5161,4112,14.38,21.479999999999997,6.6,12.36,206,1159,2276757,206,203,2282089,3.989807692307692,52,245.121,2.131444950027195,12
29,Missouri,2018,Midwest,West North Central,71400000,536000000,7.51,201899,2,4,Missouri,11376,11376,2663420,270,540,60142,108,388,41715,151,4571,401790,10361,10361,2457433,249,498,56214,99,360,38832,134,4452,389275,9312,151607,758946,919865,408239,71450,30932,0,0,102382,57135,22042,79177,205802,30440,4784,9305,250331,,,,314182.4,286084.3,13440.7,millions_of_chained_2017_dollars,6,-0.6144722637128508,5791,2973,17.459999999999997,21.15,6.37,12.85,205,1239,2298746,205,206,2276757,4.544615384615384,52,251.0995,2.438999514525486,12
29,Missouri,2019,Midwest,West North Central,74000000,532000000,7.1899999999999995,201999,2,4,Missouri,10955,10955,2766152,277,554,60081,116,447,53383,179,5504,508952,10275,10275,2644263,274,548,59499,113,435,52674,173,4594,478413,14686,77361,713146,805193,390912,67540,54781,0,0,122321,63310,119221,182531,209847,31480,4784,8611,254722,,,,321329.1,297492.6,13752.3,millions_of_chained_2017_dollars,6,2.318331634513071,6354,3158,16.45,20.83,6.07,12.19,207,1227,2314231,207,205,2298746,3.935769230769231,52,255.65258333333333,1.8132586219141489,12
29,Missouri,2020,Midwest,West North Central,81700000,594000000,7.28,202099,2,4,Missouri,13107,13107,3312697,287,574,63084,126,490,58509,208,5668,587606,12265,12265,3154766,281,562,61818,118,461,54894,192,5359,559904,17687,207929,801142,1026758,392370,69418,53323,0,0,122741,58695,24354,83049,217026,30661,4719,8144,260550,,,,316158.6,321316.7,14091.9,millions_of_chained_2017_dollars,6,2.469405117689405,5163,3570,12.12,20.05,5.6499999999999995,11.11,201,1213,2326324,201,207,2314231,3.111698113207547,53,258.85575,1.2529373358571627,12
29,Missouri,2021,Midwest,West North Central,85500000,643000000,7.52,202199,2,4,Missouri,13941,13941,3920894,239,478,71838,157,595,79633,238,6358,675225,13228,13228,3773469,234,468,71193,152,576,78435,236,6344,674636,38308,258696,798670,1095674,375709,65245,52718,0,0,117963,51896,25074,76970,174404,30962,4794,5615,215775,,,,331578,351191.9,14664.8,millions_of_chained_2017_dollars,6,4.065456042123494,5532,4166,17.130000000000003,20.83,6.49,12.75,200,1253,2407462,200,201,2326324,2.9576923076923074,52,270.97341666666665,4.681242996018686,12
29,Missouri,2022,Midwest,West North Central,85200000,715000000,8.39,202299,2,4,Missouri,11598,11598,3547300,296,592,84954,157,586,86928,263,8125,1117079,10791,10791,3370366,290,580,83546,147,555,85783,250,8059,1111028,29980,353526,712584,1096090,434219,70562,49460,0,0,120022,53587,27167,80754,219076,35478,4883,7694,267131,,,,337225.4,361652.1,13531.7,millions_of_chained_2017_dollars,6,-7.726665211936057,6755,5211,28.02,22.459999999999997,9.61,17.22,201,1308,2547219,201,200,2407462,5.344038461538461,52,292.62641666666667,7.990820747791694,12
29,Missouri,2023,Midwest,West North Central,86100000,764000000,8.870000000000003,202399,2,4,Missouri,11022,11022,3496122,331,662,102161,146,547,78916,191,4550,589713,10093,10093,3277445,320,640,99243,135,514,77316,177,4469,584229,20369,280600,1121636,1422605,469215,80981,38406,0,0,119387,55951,32799,88750,238904,35660,5173,7908,287645,,,,346895.3,387601.3,13764.9,millions_of_chained_2017_dollars,6,1.7233607011683638,7650,6486,23.08,23.14,9.4,15.82,201,1316,2557360,201,201,2547219,6.806730769230769,52,304.703,4.12696279129503,12
30,Montana,2015,West,Mountain,2820000,28200000,10,201599,4,8,Montana,2992,2992,641374,116,232,31822,63,231,24401,78,1371,129792,2822,2822,608237,98,196,27336,57,211,21834,73,1340,127588,11076,73912,368877,453865,87386,14877,23856,5237,0,43970,69140,10542,79682,35583,13712,45,10112,59452,5.45,12,SMU30000002023700001,47765.6,44583.3,2668.9,millions_of_chained_2017_dollars,6,,1272,873,14.06,15.59,6.29,11.59,38,178,250836,38,,,3.850576923076923,52,237.00175,,12
30,Montana,2016,West,Mountain,2800000,25700000,9.2,201699,4,8,Montana,3113,3113,596712,95,190,29220,74,279,32273,61,1199,101986,3004,3004,573181,79,158,25347,70,267,30653,59,1187,101650,12826,73900,358298,445024,78204,15927,27010,5141,0,48078,42638,11920,54558,44566,12646,47,10421,67680,5.291666666666667,12,SMU30000002023700001,47189.6,45283.3,2669.8,millions_of_chained_2017_dollars,6,0.03372175802764943,841,930,11.31,14.82,5.859999999999999,9.89,40,193,251370,40,38,250836,3.6540384615384616,52,240.00541666666663,1.2673605433996429,12
30,Montana,2017,West,Mountain,2690000,23900000,8.88,201799,4,8,Montana,3161,3161,625684,176,352,51134,98,350,46654,63,1069,123918,2467,2467,573089,150,300,44708,92,332,44224,59,885,100469,12201,73533,315532,401266,73442,13668,31457,4782,0,49907,51338,8607,59945,45072,15470,55,9541,70138,5.258333333333333,12,SMU30000002023700001,48470.5,48003.3,2677.1,millions_of_chained_2017_dollars,6,0.27342872125251105,869,1104,13.95,15.38,6.34,10.39,38,162,214803,38,40,251370,3.989807692307692,52,245.121,2.131444950027195,12
30,Montana,2018,West,Mountain,2760000,23300000,8.450000000000001,201899,4,8,Montana,3213,3213,649230,139,278,42432,115,428,60840,78,1180,117394,2485,2485,595591,104,208,33622,105,397,57366,74,1003,94900,9843,77698,358823,446364,78349,9572,37314,3929,0,50815,29570,8027,37597,36712,13290,49,8303,58354,5.55,12,SMU30000002023700001,49455,50352,2759.3,millions_of_chained_2017_dollars,6,3.0704867207052455,765,1565,17.459999999999997,15.22,6.1499999999999995,11.33,40,165,218274,40,38,214803,4.544615384615384,52,251.0995,2.438999514525486,12
30,Montana,2019,West,Mountain,2900000,24500000,8.44,201999,4,8,Montana,3014,3014,631710,164,328,53835,102,376,49940,53,1058,120260,2292,2292,579463,154,308,51726,101,372,49400,51,871,96511,7897,82466,438092,528455,81235,13284,34792,5010,0,53086,34764,9377,44141,39012,12673,48,10052,61785,5.8,12,SMU30000002023700001,50263.5,53402.3,2794.8,millions_of_chained_2017_dollars,6,1.2865581850469263,812,1257,15.66,15.98,5.57,11.68,39,156,200528,39,40,218274,3.935769230769231,52,255.65258333333333,1.8132586219141489,12
30,Montana,2020,West,Mountain,2890000,26400000,9.12,202099,4,8,Montana,3318,3318,717620,208,416,67123,142,522,77418,96,1724,189725,2564,2564,668455,204,408,66153,140,514,76381,94,1532,165294,13417,92509,479516,585442,84056,17006,31735,5380,0,54121,35144,8982,44126,39911,13185,66,9901,63063,5.525,12,SMU30000002023700001,50062.9,58241.5,2931.1,millions_of_chained_2017_dollars,6,4.876914269357369,850,1499,11.01,15.17,5.58,10,34,134,192616,34,39,200528,3.111698113207547,53,258.85575,1.2529373358571627,12
30,Montana,2021,West,Mountain,2890000,26300000,9.09,202199,4,8,Montana,3169,3169,867672,174,348,68725,73,267,40903,134,3488,433899,2733,2733,761916,133,266,53026,41,149,20929,98,2738,349220,6512,95988,414590,517090,87666,13191,28299,6449,0,47939,76623,9726,86349,44273,14540,51,10070,68934,5.541666666666667,12,SMU30000002023700001,53345.9,65539.6,3152.9,millions_of_chained_2017_dollars,6,7.567124970147732,1026,1697,17.67,18.28,6.75,12.48,34,151,207489,34,34,192616,2.9576923076923074,52,270.97341666666665,4.681242996018686,12
30,Montana,2022,West,Mountain,2880000,36500000,12.66,202299,4,8,Montana,3190,3190,848775,124,248,47471,71,264,36269,136,2758,345339,2580,2580,738265,84,168,32376,41,161,19012,102,2027,268276,6092,65285,384198,455575,90334,17029,30558,4838,0,52425,44895,11633,56528,52079,12271,40,8399,72789,6.575,12,SMU30000002023700001,55806.9,69666.5,3196.6,millions_of_chained_2017_dollars,6,1.3860255637666796,1388,1302,27.72,21.94,8.69,16.97,36,161,223478,36,34,207489,5.344038461538461,52,292.62641666666667,7.990820747791694,12
30,Montana,2023,West,Mountain,2870000,41800000,14.55,202399,4,8,Montana,2274,2274,753052,73,146,30568,57,196,38688,65,1691,212937,1804,1804,631674,39,78,17649,27,98,22610,31,1037,143572,11811,69242,504092,585145,116072,16781,40690,6366,0,63837,89128,12630,101758,45030,13913,46,10850,69839,6.216666666666667,12,SMU30000002023700001,58604.9,74870.4,3165.6,millions_of_chained_2017_dollars,6,-0.9697803916661418,1290,1866,22.56,22.86,7.46,15.75,35,150,221284,35,36,223478,6.806730769230769,52,304.703,4.12696279129503,12
31,Nebraska,2015,Midwest,West North Central,7030000,85100000,12.1,201599,2,4,Nebraska,5198,5198,1044706,77,154,18250,7,24,1839,74,2720,252520,4628,4628,927560,63,126,15800,7,24,1839,62,2257,209007,5024,58406,426724,490154,146739,40260,25916,0,0,66176,10273,10536,20809,48627,7635,18369,408,75039,6.941666666666666,12,SMU31000002023700001,119640.8,94681.7,4608.3,millions_of_chained_2017_dollars,6,,1612,2556,14.97,22.25,4.31,10.05,13,94,187626,13,,,3.850576923076923,52,237.00175,,12
31,Nebraska,2016,Midwest,West North Central,6880000,86000000,12.51,201699,2,4,Nebraska,5080,5080,1049459,86,172,21417,12,43,3670,89,2783,231649,4060,4060,836702,81,162,20517,12,43,3670,58,1573,104769,4644,63705,504521,572870,149847,44606,31759,0,0,76365,8767,10527,19294,49478,6665,19979,520,76642,7.066666666666666,12,SMU31000002023700001,121303.1,93559.7,4763.7,millions_of_chained_2017_dollars,6,3.372176290606066,2068,2645,12.04,22.54,3.82,9.26,12,92,193409,12,13,187626,3.6540384615384616,52,240.00541666666663,1.2673605433996429,12
31,Nebraska,2017,Midwest,West North Central,7060000,92800000,13.14,201799,2,4,Nebraska,5436,5436,1124302,92,184,24787,30,110,9523,96,3133,287445,4211,4211,866254,78,156,20012,30,110,9523,63,1930,161101,7156,61144,477676,545976,129621,43742,26485,0,0,70227,3689,12658,16347,50185,7531,21062,0,78778,6.816666666666666,12,SMU31000002023700001,123219.9,95823.7,5086.4,millions_of_chained_2017_dollars,6,6.774146146902615,2254,1878,14.56,22.45,4.28,10.01,10,93,198876,10,12,193409,3.989807692307692,52,245.121,2.131444950027195,12
31,Nebraska,2018,Midwest,West North Central,7060000,96200000,13.62,201899,2,4,Nebraska,4900,4900,1078249,82,164,22379,28,100,9306,73,2702,199911,4698,4698,1039993,78,156,21509,24,88,8783,72,2697,199620,14733,69348,462285,546366,125413,40800,35802,0,0,76602,6286,12977,19263,0,52430,25552,0,77982,6.825,12,SMU31000002023700001,125543.4,100067.8,5184,millions_of_chained_2017_dollars,6,1.9188424032714704,2863,1793,17.67,22.27,4.23,10.42,10,96,182671,10,10,198876,4.544615384615384,52,251.0995,2.438999514525486,12
31,Nebraska,2019,Midwest,West North Central,,,,201999,2,4,Nebraska,4672,4672,1022374,82,164,26721,21,74,11646,81,3115,264415,3613,3613,785191,69,138,23000,21,74,11646,62,2277,170444,6806,57661,419079,483546,148236,40800,35802,0,0,76602,5996,13207,19203,0,55088,33347,0,88435,6.758333333333334,12,SMU31000002023700001,127568.9,104615.9,5454.1,millions_of_chained_2017_dollars,6,5.210262345679029,2614,1626,16.650000000000002,22.43,3.99,10.1,10,94,184870,10,10,182671,3.935769230769231,52,255.65258333333333,1.8132586219141489,12
31,Nebraska,2020,Midwest,West North Central,,,,202099,2,4,Nebraska,5745,5745,1286223,150,300,44205,27,96,12855,134,3342,300505,4514,4514,1009246,133,266,39537,26,93,12375,116,2597,215953,27327,78352,532560,638239,101929,5611,40818,16123,0,62552,55998,15299,71297,44639,7225,8828,7650,68342,7.458333333333333,12,SMU31000002023700001,126711.2,111734.1,5701.9,millions_of_chained_2017_dollars,6,4.543371041968425,2536,2193,12.27,21.630000000000003,3.64,9.2,10,51,84542,10,10,184870,3.111698113207547,53,258.85575,1.2529373358571627,12
31,Nebraska,2021,Midwest,West North Central,,,,202199,2,4,Nebraska,6328,6328,1542380,59,118,16338,49,177,24376,169,4100,432907,6089,6089,1480052,59,118,16338,48,173,23931,169,4100,432907,11794,70643,513020,595457,107929,6015,38178,15616,0,59809,63605,15849,79454,38677,7949,0,12419,59045,7.566666666666666,12,SMU31000002023700001,135166.4,125057.8,5727.2,millions_of_chained_2017_dollars,6,0.44371174520774215,2485,3011,17.34,21.29,5.04,10.98,8,39,74612,8,10,84542,2.9576923076923074,52,270.97341666666665,4.681242996018686,12
31,Nebraska,2022,Midwest,West North Central,,,,202299,2,4,Nebraska,5073,5073,1332834,161,322,44358,74,282,28771,180,5438,464825,4736,4736,1250397,161,322,44358,74,282,28771,172,5397,460846,4665,67417,596603,668685,111614,6098,18615,16653,0,41366,68409,11910,80319,50079,8261,0,13016,71356,7.491666666666666,12,SMU31000002023700001,139878.1,130888.6,5455.8,millions_of_chained_2017_dollars,6,-4.7387903338454995,3399,3138,28.37,21.14,7.59,14.27,11,48,77043,11,8,74612,5.344038461538461,52,292.62641666666667,7.990820747791694,12
31,Nebraska,2023,Midwest,West North Central,,,,202399,2,4,Nebraska,4666,4666,1223512,107,214,35302,46,160,26189,170,3837,415151,4522,4522,1188610,107,214,35302,46,160,26189,169,3832,414521,11353,76087,744029,831469,111579,5920,40656,16703,0,63279,76409,15736,92145,47459,10701,0,12428,70588,7.8,12,SMU31000002023700001,147146.5,142166.5,5796.9,millions_of_chained_2017_dollars,6,6.252062025734073,4786,3305,23.36,22.37,5.79,12.43,11,45,78237,11,11,77043,6.806730769230769,52,304.703,4.12696279129503,12
32,Nevada,2015,West,Mountain,8770000,81800000,9.32,201599,4,8,Nevada,10422,10422,1822204,24,48,5452,9,33,3802,252,3580,310299,10418,10418,1821660,24,48,5452,9,33,3802,252,3580,310299,108377,105150,229598,443125,72300,11014,9489,16465,1165,38133,117090,18488,135578,11403,76626,12303,6822,107154,,,,151055.9,125088.6,8047.8,millions_of_chained_2017_dollars,6,,5830,2216,15.21,19.78,7.76,15.71,18,147,278427,18,,,3.850576923076923,52,237.00175,,12
32,Nevada,2016,West,Mountain,9420000,75800000,8.05,201699,4,8,Nevada,11374,11374,2333929,46,92,12463,25,77,9023,350,6409,516515,11346,11346,2325832,46,92,12463,25,77,9023,350,6409,516515,58140,112190,430504,600834,92388,9857,13880,12048,1102,36887,153212,18866,172078,12306,77370,4024,7296,100996,,,,156007.4,129879.1,9126.9,millions_of_chained_2017_dollars,6,13.408633415343306,6482,2649,13.13,17.23,5.67,13.38,18,156,294424,18,18,278427,3.6540384615384616,52,240.00541666666663,1.2673605433996429,12
32,Nevada,2017,West,Mountain,11900000,96500000,8.129999999999999,201799,4,8,Nevada,12766,12766,2179792,46,92,8666,58,198,32942,318,6488,624398,12758,12758,2177882,46,92,8666,58,198,32942,318,6488,624398,57088,125744,549308,732140,106016,13296,13235,16282,1448,44261,168264,14725,182989,12338,80694,4193,7450,104675,,,,163199.1,138847,10717.4,millions_of_chained_2017_dollars,6,17.42650845303444,4867,2340,15.64,18.03,4.87,14.08,17,148,299116,17,18,294424,3.989807692307692,52,245.121,2.131444950027195,12
32,Nevada,2018,West,Mountain,12200000,113000000,9.23,201899,4,8,Nevada,12997,12997,2964249,21,42,5693,15,50,5945,280,4556,424723,12988,12988,2962065,21,42,5693,15,50,5945,280,4556,424723,33923,122502,605986,762411,103971,16876,9402,19743,1448,47469,156805,16014,172819,15035,84798,4232,7424,111489,,,,168638.5,148408.1,11614.3,millions_of_chained_2017_dollars,6,8.368634183663936,4247,2949,18.94,17.89,5.159999999999999,14.97,18,162,305717,18,17,299116,4.544615384615384,52,251.0995,2.438999514525486,12
32,Nevada,2019,West,Mountain,12400000,132000000,10.71,201999,4,8,Nevada,13088,13088,2860591,29,58,5957,74,242,32909,287,6755,782379,13088,13088,2860591,29,58,5957,74,242,32909,287,6755,782379,26442,133980,530156,690578,109757,12675,14981,17653,1222,46531,168282,15619,183901,15388,83439,4343,7278,110448,,,,176029.7,159393,12886.7,millions_of_chained_2017_dollars,6,10.955460079384904,4517,4491,17.77,17.99,5.58,14.85,19,169,312081,19,18,305717,3.935769230769231,52,255.65258333333333,1.8132586219141489,12
32,Nevada,2020,West,Mountain,11200000,121000000,10.86,202099,4,8,Nevada,13706,13706,3464558,293,586,34935,194,641,74509,274,4783,483454,11610,11610,2874845,269,538,29898,178,588,67590,168,2940,252596,13420,120520,352765,486705,133783,11693,10569,17807,1222,41291,189302,19284,208586,14964,105746,4310,7573,132593,,,,165924.8,170447.5,13639.9,millions_of_chained_2017_dollars,6,5.844785709297184,5145,3683,12.4,16.45,5.79,13.07,18,155,310017,18,19,312081,3.111698113207547,53,258.85575,1.2529373358571627,12
32,Nevada,2021,West,Mountain,9960000,113000000,11.31,202199,4,8,Nevada,16295,16295,4476019,110,220,29076,199,677,96530,364,6214,691807,13995,13995,3829022,81,162,23011,176,602,86698,223,3704,374814,17260,106906,431487,555653,123054,13807,11221,17918,0,42946,198913,21459,220372,14632,111294,4628,8024,138578,,,,182618.3,192132.9,14007.6,millions_of_chained_2017_dollars,6,2.6957675642783396,5952,3080,18.72,17.64,5.4,15.32,18,164,317200,18,18,310017,2.9576923076923074,52,270.97341666666665,4.681242996018686,12
32,Nevada,2022,West,Mountain,10100000,128000000,12.7,202299,4,8,Nevada,12419,12419,3552343,114,228,34634,71,267,32739,385,7117,793453,10531,10531,3022033,88,176,29190,53,203,24355,245,4593,475427,43914,127885,477398,649197,131046,11867,10282,15839,0,37988,208400,20841,229241,15561,88935,4474,9637,118607,,,,194463.9,199226.6,13396.3,millions_of_chained_2017_dollars,6,-4.364059510551421,7073,2892,29.1,24.9,7.89,21.85,18,164,319701,18,18,317200,5.344038461538461,52,292.62641666666667,7.990820747791694,12
32,Nevada,2023,West,Mountain,10000000,129000000,12.88,202399,4,8,Nevada,13039,13039,3878726,80,160,23525,81,292,44560,230,4960,740114,11200,11200,3364415,57,114,18710,63,234,36951,101,2799,467689,25989,146240,543192,715421,153171,11201,22346,14296,0,47843,265992,21565,287557,15946,88771,4364,10089,119170,,,,201158.6,214392.7,13934.8,millions_of_chained_2017_dollars,6,4.019766651986001,8278,4165,24.77,30.36,11.239999999999998,23.42,19,176,349752,19,18,319701,6.806730769230769,52,304.703,4.12696279129503,12
33,New Hampshire,2015,Northeast,New England,5550000,51500000,9.28,201599,1,1,New Hampshire,2424,2424,567144,39,78,10894,13,45,5022,45,1216,153871,2270,2270,528497,39,78,10894,13,45,5022,40,1094,123172,5877,31601,274188,311666,115835,8326,44825,41752,26593,121496,51126,35421,86547,33622,3339,0,5513,42474,,,,79319.3,72779.6,2393.6,millions_of_chained_2017_dollars,6,,564,751,14.72,37.33,10.03,18.73,29,178,322894,29,,,3.850576923076923,52,237.00175,,12
33,New Hampshire,2016,Northeast,New England,5660000,55300000,9.78,201699,1,1,New Hampshire,2680,2680,616513,68,136,16768,21,70,6557,36,910,119688,2410,2410,558493,68,136,16768,20,67,6076,30,769,93053,6800,26511,206661,239972,53464,5640,33468,32230,30024,101362,34492,10874,45366,35314,267,0,5499,41080,,,,80736.1,75229,2463.5,millions_of_chained_2017_dollars,6,2.9202874331550888,627,871,12.07,36.16,8.34,17.279999999999998,29,189,343712,29,29,322894,3.6540384615384616,52,240.00541666666663,1.2673605433996429,12
33,New Hampshire,2017,Northeast,New England,5190000,51900000,10.01,201799,1,1,New Hampshire,2711,2711,652183,72,144,20661,14,55,8778,34,715,76673,2402,2402,584556,67,134,19209,14,55,8778,25,619,64722,5759,14707,240199,260665,59046,6396,32808,36301,29742,105247,53543,9223,62766,8748,3466,0,0,12214,,,,81179.6,78661,2561,millions_of_chained_2017_dollars,6,3.95778364116095,893,885,13.13,36.16,8.82,16.49,29,183,313325,29,29,343712,3.989807692307692,52,245.121,2.131444950027195,12
33,New Hampshire,2018,Northeast,New England,5250000,53200000,10.12,201899,1,1,New Hampshire,2710,2710,702269,98,196,27242,20,75,11406,70,1464,134326,2252,2252,601168,80,160,21953,16,59,6776,48,1212,115052,3541,28500,246996,279037,35802,5767,37182,4908,26689,74546,100400,9727,110127,8614,3782,0,0,12396,,,,82269.5,82353.7,2602.3,millions_of_chained_2017_dollars,6,1.612651308082791,713,887,17.150000000000002,39.33,9.51,19.36,27,172,320826,27,29,313325,4.544615384615384,52,251.0995,2.438999514525486,12
33,New Hampshire,2019,Northeast,New England,5430000,60700000,11.19,201999,1,1,New Hampshire,2746,2746,761471,96,192,32924,11,38,4710,73,1767,260323,2391,2391,677781,91,182,30760,11,38,4710,62,1663,251217,8649,21107,243390,273146,31771,6091,41170,4574,26689,78524,98010,11391,109401,8392,3678,0,0,12070,,,,84438.2,87724.1,2688.6,millions_of_chained_2017_dollars,6,3.316297121776879,726,624,15.73,38.36,9.16,18.99,27,172,321517,27,27,320826,3.935769230769231,52,255.65258333333333,1.8132586219141489,12
33,New Hampshire,2020,Northeast,New England,5310000,66300000,12.49,202099,1,1,New Hampshire,3033,3033,851114,85,170,26110,28,109,14205,50,1008,167962,2473,2473,698034,74,148,21264,27,106,13793,35,931,161347,10164,19284,253924,283372,33136,6480,34012,5101,20688,66281,121535,12416,133951,8501,4006,0,0,12507,,,,83682.9,93153.8,2348.9,millions_of_chained_2017_dollars,6,-12.63482853529717,630,544,11.27,38.43,8.2,17.97,25,167,315017,25,27,321517,3.111698113207547,53,258.85575,1.2529373358571627,12
33,New Hampshire,2021,Northeast,New England,5070000,69600000,13.73,202199,1,1,New Hampshire,3426,3426,1040877,66,132,23796,41,141,26778,59,1193,169117,3057,3057,943842,62,124,22046,38,130,25568,41,1086,159856,11107,20987,203724,235818,29162,6129,31979,4945,9969,53022,113949,12292,126241,8421,3987,0,0,12408,,,,90296.7,102663.3,2739.2,millions_of_chained_2017_dollars,6,16.616288475456575,886,777,15.43,40.47,9.23,20.17,26,179,318056,26,25,315017,2.9576923076923074,52,270.97341666666665,4.681242996018686,12
33,New Hampshire,2022,Northeast,New England,5150000,74100000,14.38,202299,1,1,New Hampshire,3129,3129,1102148,92,184,35294,43,154,31000,66,1316,209783,2660,2660,968140,88,176,33644,39,142,28844,39,1167,195518,4041,23665,177270,204976,30159,6705,38265,5297,33847,84114,120317,11588,131905,8144,5245,0,0,13389,,,,91702.1,105210.8,2581.5,millions_of_chained_2017_dollars,6,-5.757155373831768,1012,990,26.25,44.39,12.73,24.87,28,173,310549,28,26,318056,5.344038461538461,52,292.62641666666667,7.990820747791694,12
33,New Hampshire,2023,Northeast,New England,5130000,83800000,16.35,202399,1,1,New Hampshire,2969,2969,1073058,103,206,49107,39,134,26016,46,1246,232097,2309,2309,859945,93,186,45842,34,119,24231,40,1170,218794,5691,21454,255017,282162,31765,6988,48586,6255,17865,79694,131580,14370,145950,9452,5349,0,0,14801,,,,93645.8,111148.6,2636.7,millions_of_chained_2017_dollars,6,2.138291690877381,1322,1214,22.6,46.2,12.82,24.39,27,166,316058,27,28,310549,6.806730769230769,52,304.703,4.12696279129503,12
34,New Jersey,2015,Northeast,Middle Atlantic,17800000,161000000,9.04,201599,1,2,New Jersey,10518,10518,2296079,365,730,91420,85,269,35704,840,19043,1628793,8489,8489,1914725,315,630,80425,61,196,26570,309,9497,847050,61811,184281,2834567,3080659,333013,37000,120903,19872,188904,366679,143301,70416,213717,225968,34234,133414,2965,396581,20.441666666666663,12,SMU34000002023700001,581414.9,530303.1,21526.3,millions_of_chained_2017_dollars,6,,4340,6704,14.68,31.19,7.72,17.919999999999998,16,312,776521,16,,,3.850576923076923,52,237.00175,,12
34,New Jersey,2016,Northeast,Middle Atlantic,16600000,159000000,9.59,201699,1,2,New Jersey,9626,9626,2206420,436,872,108339,87,287,26219,714,16008,1687710,7597,7597,1826802,379,758,93903,71,239,20776,385,12987,1468086,77014,206667,2347943,2631624,441990,43402,80135,4286,173612,301435,100499,71546,172045,229541,23842,134113,2980,390476,19.466666666666665,12,SMU34000002023700001,587049.7,545301.7,21242.1,millions_of_chained_2017_dollars,6,-1.3202454671727204,4833,6940,11.49,29.78,6.31,15.88,17,331,820093,17,16,776521,3.6540384615384616,52,240.00541666666663,1.2673605433996429,12
34,New Jersey,2017,Northeast,Middle Atlantic,17200000,192000000,11.18,201799,1,2,New Jersey,10148,10148,2243830,403,806,116398,193,675,52790,772,16872,1728663,8850,8850,1999951,375,750,109409,186,652,49007,497,13944,1517326,102291,147950,2051341,2301582,462117,12070,59344,8539,194361,274314,104740,75518,180258,235285,37143,141068,3135,416631,20.1,12,SMU34000002023700001,590086.7,566237.1,21117.5,millions_of_chained_2017_dollars,6,-0.5865710075745767,6475,5135,15.12,29.65,7.6,17.41,19,351,846050,19,17,820093,3.989807692307692,52,245.121,2.131444950027195,12
34,New Jersey,2018,Northeast,Middle Atlantic,17800000,192000000,10.81,201899,1,2,New Jersey,10348,10348,2120405,453,908,119947,172,586,94582,665,16100,1885497,8889,8889,1830227,419,840,111665,149,511,88374,372,13118,1589219,132486,161547,2638862,2932895,513509,35324,22354,10768,207823,276269,113801,62940,176741,253352,39379,148432,3298,444461,20.133333333333333,12,SMU34000002023700001,606892.2,591910.4,20977.7,millions_of_chained_2017_dollars,6,-0.662010181129391,6982,5490,16.25,29.51,7.72,18.55,18,347,823251,18,19,846050,4.544615384615384,52,251.0995,2.438999514525486,12
34,New Jersey,2019,Northeast,Middle Atlantic,18400000,206000000,11.2,201999,1,2,New Jersey,11526,11526,2368948,533,1066,124485,279,932,91137,1071,22981,1869084,11427,11427,2356586,530,1060,123854,279,932,91137,1040,22818,1848497,135076,184916,2624942,2944934,434153,30852,75072,26554,175764,308242,104534,69374,173908,265451,41485,156304,3473,466713,20.05,12,SMU34000002023700001,618691,625170.3,21269.4,millions_of_chained_2017_dollars,6,1.390524223341938,6975,5918,15.04,29.77,7.33,17.02,18,375,914174,18,18,823251,3.935769230769231,52,255.65258333333333,1.8132586219141489,12
34,New Jersey,2020,Northeast,Middle Atlantic,17300000,201000000,11.6,202099,1,2,New Jersey,12289,12289,2327018,619,1238,145215,191,636,56774,995,21983,2267431,10854,10854,2021226,572,1144,133657,170,572,50162,638,18585,1910250,58252,200750,2501185,2760187,412863,31659,41132,20917,255181,348889,91251,50434,141685,266921,40713,148840,3308,459782,19.45,12,SMU34000002023700001,598481.3,653214.2,20415.5,millions_of_chained_2017_dollars,6,-4.014687767402947,6202,6627,10.739999999999998,29.33,7.24,16.110000000000003,18,399,912907,18,18,914174,3.111698113207547,53,258.85575,1.2529373358571627,12
34,New Jersey,2021,Northeast,Middle Atlantic,17700000,293000000,16.52,202199,1,2,New Jersey,13913,13913,2905710,596,1192,160591,191,645,58718,1030,21344,2109037,13857,13857,2896801,576,1152,158138,186,630,58364,984,20698,2067323,28052,249054,2188054,2465160,268007,19187,109157,12215,55880,196439,67349,42367,109716,174238,42186,160447,3565,380436,19.066666666666663,12,SMU34000002023700001,631158.3,707402.6,20846.4,millions_of_chained_2017_dollars,6,2.110651220886095,6526,5883,14.75,31.36,9.06,20.74,17,377,885975,17,18,912907,2.9576923076923074,52,270.97341666666665,4.681242996018686,12
34,New Jersey,2022,Northeast,Middle Atlantic,17800000,305000000,17.09,202299,1,2,New Jersey,13185,13185,2882444,615,1230,181512,210,693,84406,1095,21798,2984198,12848,12848,2838225,583,1166,181043,203,670,84244,1052,21484,2964561,27360,160040,1725449,1912849,235262,30319,70825,15113,62453,178710,46418,35048,81466,192150,43368,177387,3942,416847,19.291666666666668,12,SMU34000002023700001,648512.4,719848.2,19180.4,millions_of_chained_2017_dollars,6,-7.991787550848106,8086,6625,27.34,35.52,11.02,22.36,17,393,936016,17,17,885975,5.344038461538461,52,292.62641666666667,7.990820747791694,12
34,New Jersey,2023,Northeast,Middle Atlantic,18700000,362000000,19.37,202399,1,2,New Jersey,13228,13228,2899625,703,1406,184920,218,728,83543,980,17478,1992425,10933,10933,2489020,590,1180,162927,141,489,60640,503,12244,1278769,30403,187398,2756460,2974261,497568,34533,27045,33839,246563,341980,129721,38731,168452,339516,53222,200192,4449,597379,19.616666666666667,12,SMU34000002023700001,662320.1,765228.3,19374.1,millions_of_chained_2017_dollars,6,1.0098850910304158,8214,8119,23.52,34.24,8.860000000000001,19.21,16,412,988247,16,17,936016,6.806730769230769,52,304.703,4.12696279129503,12
35,New Mexico,2015,West,Mountain,5120000,45700000,8.91,201599,4,8,New Mexico,3925,3925,828540,9,18,2399,23,83,9505,40,573,31697,2941,2941,642996,3,6,700,9,31,5145,29,518,28944,4600,13560,427654,445814,42604,0,4171,0,0,4171,334711,9391,344102,0,22685,0,0,22685,,,,93503.9,79130.8,3582.3,millions_of_chained_2017_dollars,6,,1401,1584,13.78,18.56,4.45,15.58,43,252,445285,43,,,3.850576923076923,52,237.00175,,12
35,New Mexico,2016,West,Mountain,4760000,43800000,9.21,201699,4,8,New Mexico,3816,3816,812660,5,10,1175,7,28,2348,87,1009,90823,2317,2317,501828,3,6,609,0,0,0,71,872,82830,3424,14398,374618,392440,10676,0,3720,0,0,3720,282306,8155,290461,0,16065,0,0,16065,,,,93043.5,80782.3,3579.4,millions_of_chained_2017_dollars,6,-0.08095357731067176,1128,1387,12.15,17.110000000000003,4,14.04,44,259,423544,44,43,445285,3.6540384615384616,52,240.00541666666663,1.2673605433996429,12
35,New Mexico,2017,West,Mountain,4500000,40800000,9.07,201799,4,8,New Mexico,4114,4114,891700,6,12,1617,5,18,1820,58,597,46679,2462,2462,543153,4,8,1071,4,15,1568,29,316,23083,4354,13310,363798,381462,98000,0,1036,0,0,1036,267338,6689,274027,0,15765,0,0,15765,,,,93210.1,82354.1,3748.2,millions_of_chained_2017_dollars,6,4.715874168855105,1791,1282,14.79,18.04,4.859999999999999,15.4,59,284,464050,59,44,423544,3.989807692307692,52,245.121,2.131444950027195,12
35,New Mexico,2018,West,Mountain,4300000,40700000,9.460000000000004,201899,4,8,New Mexico,4394,4394,1007273,6,12,1209,7,24,3213,59,383,25859,3420,3420,780945,4,8,640,5,18,2710,37,262,18191,3413,22068,414266,439747,48327,0,312,0,0,312,253046,6723,259769,0,14904,0,0,14904,,,,96077,86179.5,3884.5,millions_of_chained_2017_dollars,6,3.636412144496038,1897,1682,18.18,17.130000000000003,3.59,15.6,62,288,497595,62,59,464050,4.544615384615384,52,251.0995,2.438999514525486,12
35,New Mexico,2019,West,Mountain,4220000,38900000,9.21,201999,4,8,New Mexico,4285,4285,1042070,7,14,1767,6,19,1523,39,702,76515,3156,3156,774094,6,12,1484,2,7,227,18,582,69191,4932,18300,412161,435393,51562,0,1176,0,0,1176,306933,7144,314077,0,16893,0,0,16893,,,,100342.2,91208.9,4130.7,millions_of_chained_2017_dollars,6,6.3380100399021755,1570,1662,16.759999999999998,16.06,3.3699999999999997,15.239999999999998,67,301,524191,67,62,497595,3.935769230769231,52,255.65258333333333,1.8132586219141489,12
35,New Mexico,2020,West,Mountain,4930000,46600000,9.45,202099,4,8,New Mexico,4418,4418,1136457,6,12,1489,9,29,2925,85,760,85110,3061,3061,819327,6,12,1489,2,8,632,62,637,77207,3296,16033,454834,474163,48037,0,1184,0,0,1184,361624,8030,369654,0,16318,0,0,16318,,,,98004,98634.3,4066.5,millions_of_chained_2017_dollars,6,-1.5542159924467946,1653,1912,11.65,16.35,2.97,13.86,53,291,502939,53,67,524191,3.111698113207547,53,258.85575,1.2529373358571627,12
35,New Mexico,2021,West,Mountain,4270000,47000000,11.01,202199,4,8,New Mexico,5465,5465,1413313,29,58,10465,7,27,2822,116,2203,195688,3525,3525,927310,27,54,9857,7,27,2822,75,1934,177079,3279,20571,640442,664292,40701,0,1185,0,0,1185,283188,5497,288685,0,14124,0,0,14124,,,,101499.2,107674.3,3984.6,millions_of_chained_2017_dollars,6,-2.0140169679085274,1573,1463,17.93,18.05,5.85,16.82,43,256,460682,43,53,502939,2.9576923076923074,52,270.97341666666665,4.681242996018686,12
35,New Mexico,2022,West,Mountain,4810000,59600000,12.4,202299,4,8,New Mexico,7155,7155,1625529,10,20,3128,8,31,4650,37,1427,147731,6790,6790,1542231,10,20,3128,8,31,4650,24,1346,140264,12225,20665,574514,607404,96139,0,1245,0,0,1245,280613,6974,287587,0,16150,0,0,16150,,,,104212.8,112280.3,3726.2,millions_of_chained_2017_dollars,6,-6.484967123425189,3045,1952,28.08,19.22,9.32,21.52,41,257,479266,41,43,460682,5.344038461538461,52,292.62641666666667,7.990820747791694,12
35,New Mexico,2023,West,Mountain,4480000,63900000,14.27,202399,4,8,New Mexico,6835,6835,2292818,43,86,15706,16,61,5750,57,1529,188520,6611,6611,2245984,43,86,15706,16,61,5750,57,1529,188520,11229,22053,676752,710034,115038,0,1296,0,0,1296,363550,8793,372343,0,16095,0,0,16095,,,,114059.2,117634.3,4030.2,millions_of_chained_2017_dollars,6,8.158445601416986,3617,2412,22.62,16.86,4.92,19.17,39,241,462578,39,41,479266,6.806730769230769,52,304.703,4.12696279129503,12
36,New York,2015,Northeast,Middle Atlantic,40700000,475000000,11.67,201599,1,2,New York,10065,10065,2911836,622,1244,161170,341,1186,131068,1434,62116,7622263,8841,8841,2656297,590,1180,152896,332,1158,126980,1326,60835,7492354,37304,397391,3861353,4296048,846253,36478,0,183156,452255,671889,357921,24319,382240,391098,35743,3501,3659,434001,29.025,12,SMU36000002023700001,1565835.2,1137082.3,48804.3,millions_of_chained_2017_dollars,6,,24596,21448,15.05,18.49,6.41,12.5,39,106,129942,39,,,3.850576923076923,52,237.00175,,12
36,New York,2016,Northeast,Middle Atlantic,38300000,468000000,12.21,201699,1,2,New York,10243,10243,3040280,628,1256,160949,300,1055,121405,797,21157,2722627,8792,8792,2742411,588,1176,151994,282,993,113654,706,20208,2588316,15648,343995,3928506,4288149,804466,37724,0,191028,484398,713150,448592,25150,473742,472636,9598,3414,4004,489652,30.21666666666667,12,SMU36000002023700001,1590567.8,1176654.7,51969.4,millions_of_chained_2017_dollars,6,6.485289206074052,30901,20434,11.28,17.67,5.74,11.06,44,131,160647,44,39,129942,3.6540384615384616,52,240.00541666666663,1.2673605433996429,12
36,New York,2017,Northeast,Middle Atlantic,37000000,464000000,12.52,201799,1,2,New York,10361,10361,3074361,696,1392,186504,274,923,112243,840,26674,3582392,8848,8848,2749344,645,1290,173500,248,833,103437,718,25228,3395628,47264,564096,3407402,4018762,878169,44014,33050,218279,449696,745039,450400,29342,479742,453587,36295,23541,1578,515001,30.6,12,SMU36000002023700001,1624800.7,1255776.7,53737.5,millions_of_chained_2017_dollars,6,3.402194368224376,27879,20392,14.71,17.36,6.98,11.85,50,140,158757,50,44,160647,3.989807692307692,52,245.121,2.131444950027195,12
36,New York,2018,Northeast,Middle Atlantic,39800000,515000000,12.94,201899,1,2,New York,10033,10033,2964345,568,1136,162455,234,795,96668,834,25814,3468914,8306,8306,2584346,490,980,144483,206,701,88863,703,24186,3256422,41042,521997,2332839,2895878,701825,41714,0,748211,733486,1523411,365439,27421,392860,461317,40447,19511,4277,525552,32.6,12,SMU36000002023700001,1665186.8,1298669,54280.3,millions_of_chained_2017_dollars,6,1.0100953710165284,31481,21217,17.330000000000002,17.64,7.58,12.92,50,147,154798,50,50,158757,4.544615384615384,52,251.0995,2.438999514525486,12
36,New York,2019,Northeast,Middle Atlantic,39100000,505000000,12.94,201999,1,2,New York,9412,9412,2938240,543,1086,165824,213,705,93155,928,34016,4549116,7895,7895,2601838,494,988,152388,187,621,82990,820,31762,4240422,41078,359187,3537715,3937980,445774,43099,0,719818,711859,1474776,436118,28733,464851,465014,37939,3283,7776,514012,32.86666666666667,12,SMU36000002023700001,1704364.3,1343851.2,54140.7,millions_of_chained_2017_dollars,6,-0.2571835454115101,32538,24578,14.67,16.45,7.46,12.5,51,137,146728,51,50,154798,3.935769230769231,52,255.65258333333333,1.8132586219141489,12
36,New York,2020,Northeast,Middle Atlantic,36700000,475000000,12.95,202099,1,2,New York,9516,9516,2947944,479,958,160029,142,489,69877,735,26367,3228560,7561,7561,2467720,434,868,147862,121,419,62200,631,23917,2987024,36934,629692,3608225,4274851,419030,43387,0,966443,694689,1704519,430363,28924,459287,497280,9916,2946,6624,516766,30.85,12,SMU36000002023700001,1667234.8,1415644.9,49029.1,millions_of_chained_2017_dollars,6,-9.441326026445909,32002,25594,10.47,16.25,6.7700000000000005,11.739999999999998,50,131,121323,50,51,146728,3.111698113207547,53,258.85575,1.2529373358571627,12
36,New York,2021,Northeast,Middle Atlantic,40600000,523000000,12.89,202199,1,2,New York,11099,11099,3935759,454,908,145096,183,618,94651,760,27510,3476678,9152,9152,3493505,417,834,133681,160,541,86204,627,24953,3149588,25981,801944,2841479,3669404,362893,37820,0,585235,825246,1448301,609272,25213,634485,150453,31827,3344,6691,192315,31.6,12,SMU36000002023700001,1750551.2,1515619.3,49583.2,millions_of_chained_2017_dollars,6,1.1301451586914757,31258,23308,14.39,18.59,8.12,13.83,57,169,146028,57,50,121323,2.9576923076923074,52,270.97341666666665,4.681242996018686,12
36,New York,2022,Northeast,Middle Atlantic,42000000,560000000,13.33,202299,1,2,New York,11174,11174,4299946,492,984,168012,152,541,80844,1030,40661,6573926,9600,9600,3910086,453,906,156758,128,462,72850,874,39037,6366578,13757,716928,2865949,3596634,195143,151,0,465347,812663,1278161,604868,100,604968,285612,41795,2873,5093,335373,32.891666666666666,12,SMU36000002023700001,1781554.1,1526280.6,44866.3,millions_of_chained_2017_dollars,6,-9.513101211700723,30554,24605,27.52,22.130000000000003,10.54,18.18,51,153,176181,51,57,146028,5.344038461538461,52,292.62641666666667,7.990820747791694,12
36,New York,2023,Northeast,Middle Atlantic,42200000,634000000,15.03,202399,1,2,New York,9677,9677,3882284,528,1056,177422,191,658,96667,834,37416,6036709,7670,7670,3299964,440,880,152657,171,592,89718,639,35933,5846376,28134,1598187,2802017,4428338,440591,40759,0,670558,1050010,1761327,701965,27172,729137,513588,48020,3236,8152,572996,33.56666666666667,12,SMU36000002023700001,1793384.5,1617130.9,43942.7,millions_of_chained_2017_dollars,6,-2.0585606568850223,31807,28212,23.130000000000003,20.130000000000003,10.08,16.17,53,170,222744,53,51,176181,6.806730769230769,52,304.703,4.12696279129503,12
37,North Carolina,2015,South,South Atlantic,50200000,787000000,15.69,201599,3,5,North Carolina,38937,38937,8310278,245,490,51513,66,260,19478,547,15070,1326662,36622,36622,7899382,229,458,49759,64,254,19208,512,14743,1290123,272667,113046,1987151,2372864,754359,43534,66715,0,19052,129301,251073,38476,289549,301839,86566,10556,709,399670,28.55,12,SMU37000002023700001,525229.1,414760.4,19604.1,millions_of_chained_2017_dollars,6,,5218,5717,15.23,19.09,6.119999999999999,11.4,124,795,1611391,124,,,3.850576923076923,52,237.00175,,12
37,North Carolina,2016,South,South Atlantic,57900000,960000000,16.57,201699,3,5,North Carolina,43675,43675,9611054,177,354,38433,24,88,14439,554,16433,1427126,40096,40096,8947503,170,340,38012,24,88,14439,496,15744,1371800,423749,107654,2145501,2676904,775455,60323,67915,0,28604,156842,228964,36487,265451,107560,53122,10105,1109,171896,30.858333333333334,12,SMU37000002023700001,536308.5,429054.9,21416.2,millions_of_chained_2017_dollars,6,9.243474579297196,7751,6823,12.76,18.5,5.25,10.42,122,809,1734701,122,124,1611391,3.6540384615384616,52,240.00541666666663,1.2673605433996429,12
37,North Carolina,2017,South,South Atlantic,55400000,944000000,17.03,201799,3,5,North Carolina,49366,49366,11015850,225,450,54740,44,159,31130,553,17072,1591877,46085,46085,10402345,219,438,53531,44,159,31130,484,15979,1493653,311013,358487,2400061,3069561,942437,73527,54516,0,42829,170872,276715,38878,315593,123457,45744,10432,291,179924,32.925,12,SMU37000002023700001,546810.1,449817.7,22761.1,millions_of_chained_2017_dollars,6,6.279825552619034,9617,6610,14.49,18.18,6.02,10.79,127,861,1837427,127,122,1734701,3.989807692307692,52,245.121,2.131444950027195,12
37,North Carolina,2018,South,South Atlantic,56100000,1000000000,17.88,201899,3,5,North Carolina,51248,51248,11588273,273,546,58492,48,185,23205,583,19712,1911988,45596,45596,10500241,236,472,48673,46,178,22760,485,17791,1734926,361299,472446,3001298,3835043,873764,64492,88677,597,29184,182950,209249,45616,254865,121532,51478,9529,607,183146,34.9,12,SMU37000002023700001,556573.7,473093.3,23781.3,millions_of_chained_2017_dollars,6,4.4822086805998085,10159,7677,17.5,18.56,6,11.45,133,860,1823388,133,127,1837427,4.544615384615384,52,251.0995,2.438999514525486,12
37,North Carolina,2019,South,South Atlantic,60700000,1130000000,18.56,201999,3,5,North Carolina,51642,51642,11742608,204,408,49008,57,212,35520,641,19045,2022535,47537,47537,10990018,202,404,47949,57,212,35520,611,18779,1992265,506572,572508,3765243,4844323,1101819,81872,64251,0,24887,171010,333378,41397,374775,125392,53202,8245,843,187682,36.31666666666667,12,SMU37000002023700001,567975,501618.1,25020.2,millions_of_chained_2017_dollars,6,5.209555406979449,10193,9745,16.19,18.47,5.6,10.99,129,879,1869104,129,133,1823388,3.935769230769231,52,255.65258333333333,1.8132586219141489,12
37,North Carolina,2020,South,South Atlantic,55900000,1080000000,19.38,202099,3,5,North Carolina,60505,60505,13869234,251,502,70354,29,100,18181,538,19367,2153825,53641,53641,12329783,247,494,69215,26,90,16506,499,18153,2061893,529395,446261,3583028,4558684,616638,97537,31286,1914,28166,158903,304566,42030,346596,121525,47930,8499,435,178389,34.93333333333334,12,SMU37000002023700001,564278.8,541462.5,25119.8,millions_of_chained_2017_dollars,6,0.39807835269101144,8389,8432,11.5,18.5,5.07,9.92,128,894,1724585,128,129,1869104,3.111698113207547,53,258.85575,1.2529373358571627,12
37,North Carolina,2021,South,South Atlantic,62300000,1250000000,20.15,202199,3,5,North Carolina,68636,68636,17262614,271,542,86487,64,238,39056,743,25458,3097697,63413,63413,16213806,263,526,84689,63,234,38429,710,24968,3042745,438513,262015,3200600,3901128,548869,92051,47306,0,37628,176985,280577,34084,314661,125958,43992,9185,177,179312,34.8,12,SMU37000002023700001,599293.8,604630.7,26119,millions_of_chained_2017_dollars,6,3.977738676263342,7892,7673,15.87,17.99,6.119999999999999,11.13,131,925,1854951,131,128,1724585,2.9576923076923074,52,270.97341666666665,4.681242996018686,12
37,North Carolina,2022,South,South Atlantic,62700000,1380000000,21.93,202299,3,5,North Carolina,65183,65183,18093711,351,702,112240,35,124,20588,769,28109,3770536,61370,61370,17328971,345,690,110521,35,124,20588,719,27793,3723293,624144,476961,3301971,4403076,818845,133090,67280,0,64892,265262,64932,58941,123873,125511,54656,8422,217,188806,36.858333333333334,12,SMU37000002023700001,620666.5,632926.5,25211.9,millions_of_chained_2017_dollars,6,-3.47295072552547,13081,8983,27.28,19.18,9,14.25,131,927,1889289,131,131,1854951,5.344038461538461,52,292.62641666666667,7.990820747791694,12
37,North Carolina,2023,South,South Atlantic,66800000,1600000000,24.01,202399,3,5,North Carolina,65860,65860,18308948,433,866,135287,59,203,51390,835,31924,4245882,60811,60811,17059893,392,784,121418,51,179,46462,750,29899,3939329,985539,631702,3197827,4815068,1059206,112029,39369,927,63689,216014,204776,32233,237009,136130,48558,8071,346,193105,39.583333333333336,12,SMU37000002023700001,643045.8,677170.4,25864,millions_of_chained_2017_dollars,6,2.5864770207719268,19078,10661,23.68,20.94,6.51,13.48,128,926,1956665,128,131,1889289,6.806730769230769,52,304.703,4.12696279129503,12
38,North Dakota,2015,Midwest,West North Central,788000,6650000,8.44,201599,2,4,North Dakota,3440,3440,678561,33,66,10077,5,19,1998,85,2731,262388,2890,2890,628241,31,62,9547,5,19,1998,84,2719,260602,6493,85213,559589,651295,12727,556,13516,3554,0,17626,23235,3521,26756,15761,11876,3077,2632,33346,9.058333333333334,12,SMU38000002023700001,58694.5,40408.2,4350.8,millions_of_chained_2017_dollars,6,,2028,3185,14.89,23.64,2.88,8.450000000000001,5,14,11269,5,,,3.850576923076923,52,237.00175,,12
38,North Dakota,2016,Midwest,West North Central,734000,6840000,9.33,201699,2,4,North Dakota,2359,2359,550030,28,56,7089,14,51,7689,53,1515,149367,2169,2169,510031,23,46,5839,13,48,7419,48,1402,135980,6662,100421,442864,549947,12477,435,11835,3872,0,16142,19724,3467,23191,14449,10857,3317,3817,32440,8.041666666666666,12,SMU38000002023700001,54756,39232,3906,millions_of_chained_2017_dollars,6,-10.223407189482405,2880,2914,11.99,23.39,2.4099999999999997,7.21,3,11,8289,3,5,11269,3.6540384615384616,52,240.00541666666663,1.2673605433996429,12
38,North Dakota,2017,Midwest,West North Central,427000,2550000,5.98,201799,2,4,North Dakota,2111,2111,488144,21,42,6925,3,10,1654,27,1248,109963,2000,2000,464107,18,36,6170,3,10,1654,26,1232,107581,7945,84618,520899,613462,8199,482,16645,3479,0,20606,19061,3054,22115,12098,10264,2595,2201,27158,6.025,12,SMU38000002023700001,56530.2,39743.7,3228.4,millions_of_chained_2017_dollars,6,-17.34767025089605,1668,2515,14.49,22.37,2.9099999999999997,8.19,2,4,5119,2,3,8289,3.989807692307692,52,245.121,2.131444950027195,12
38,North Dakota,2018,Midwest,West North Central,326000,2310000,7.1,201899,2,4,North Dakota,1905,1905,464240,25,50,9294,4,15,2672,36,1241,131692,1766,1766,430128,22,44,8539,4,15,2672,35,1228,129757,8134,51230,204518,263882,10006,620,14711,3278,0,18609,17321,3194,20515,14230,10243,4029,2515,31017,6.208333333333333,12,SMU38000002023700001,58516.4,42565.9,2993.4,millions_of_chained_2017_dollars,6,-7.279147565357458,1220,1421,17.59,23.39,3.04,9.19,2,4,2110,2,2,5119,4.544615384615384,52,251.0995,2.438999514525486,12
38,North Dakota,2019,Midwest,West North Central,337000,2200000,6.52,201999,2,4,North Dakota,1767,1767,449484,22,44,7455,1,4,568,13,680,79950,1642,1642,423030,21,42,7190,1,4,568,11,662,77581,6957,68738,300592,376287,11092,660,15752,3436,0,19848,17628,2666,20294,13635,11353,4859,1754,31601,7.283333333333333,12,SMU38000002023700001,59408.5,43997.2,3138.1,millions_of_chained_2017_dollars,6,4.8339680630720805,1461,1652,16.57,23.28,2.56,9.27,2,4,681,2,2,2110,3.935769230769231,52,255.65258333333333,1.8132586219141489,12
38,North Dakota,2020,Midwest,West North Central,411000,2580000,6.29,202099,2,4,North Dakota,2171,2171,583299,97,194,24460,8,24,2742,24,1104,116254,2090,2090,564470,96,192,24195,8,24,2742,22,1083,113501,5142,39017,328440,372599,8471,783,18203,3357,0,22343,17533,2414,19947,13975,11136,4833,1773,31717,5.833333333333333,12,SMU38000002023700001,56602.8,47122.5,2845.2,millions_of_chained_2017_dollars,6,-9.333673241770502,1282,1609,12.21,21.29,1.9,7.659999999999999,0,0,0,0,2,681,3.111698113207547,53,258.85575,1.2529373358571627,12
38,North Dakota,2021,Midwest,West North Central,321000,2400000,7.48,202199,2,4,North Dakota,2266,2266,666882,129,258,47530,2,8,2015,27,1068,149142,2137,2137,634651,128,256,47265,2,8,2015,25,1044,146005,13108,47225,321732,382065,11910,502,14127,4007,0,18636,34292,2296,36588,12674,13762,3889,2302,32627,5.133333333333333,12,SMU38000002023700001,57351.3,51468.4,2715.3,millions_of_chained_2017_dollars,6,-4.565584141712343,1310,2308,17.259999999999998,21.59,4.33,9.82,0,0,0,0,0,0,2.9576923076923074,52,270.97341666666665,4.681242996018686,12
38,North Dakota,2022,Midwest,West North Central,311000,3060000,9.85,202299,2,4,North Dakota,1961,1961,633938,66,132,24508,18,70,5564,32,1277,176020,1862,1862,610386,64,128,23763,18,70,5564,31,1270,175414,2244,55649,371041,428934,9636,644,23804,3773,0,28221,28960,2541,31501,9731,14505,4553,2401,31190,5.308333333333334,12,SMU38000002023700001,57031.1,55463.3,2466.5,millions_of_chained_2017_dollars,6,-9.162891761499658,1682,2180,28.23,21.35,6.37,12.87,0,0,0,0,0,0,5.344038461538461,52,292.62641666666667,7.990820747791694,12
38,North Dakota,2023,Midwest,West North Central,410000,4200000,10.239999999999998,202399,2,4,North Dakota,1499,1499,501369,57,114,25163,5,20,3840,12,985,159060,1399,1399,477612,57,114,25163,5,20,3840,11,980,158315,16416,82971,528629,628016,10695,887,32839,4089,0,37815,28364,2894,31258,17988,15016,4449,4118,41571,5.725,12,SMU38000002023700001,62114.7,56452.5,2593.9,millions_of_chained_2017_dollars,6,5.165213865801754,2851,2293,23.25,21.6,3.1,11.88,0,0,0,0,0,0,6.806730769230769,52,304.703,4.12696279129503,12
39,Ohio,2015,Midwest,East North Central,58400000,523000000,8.97,201599,2,3,Ohio,13529,13529,3348471,159,318,29923,178,657,72401,301,5543,532095,12397,12397,3146608,122,244,26593,168,624,69454,269,5333,524164,111623,290194,2330963,2732780,145032,28904,212805,75654,54415,371778,351067,56582,407649,266028,27397,11252,3354,308031,27.46666666666667,12,SMU39000002023700001,633274.8,511339.8,22497.8,millions_of_chained_2017_dollars,6,,7446,8804,15,20.57,5,10.53,101,664,1305005,101,,,3.850576923076923,52,237.00175,,12
39,Ohio,2016,Midwest,East North Central,61100000,621000000,10.16,201699,2,3,Ohio,15221,15221,3815422,203,406,43698,150,540,62684,355,6649,667462,13918,13918,3573239,170,340,40780,140,508,60965,326,6439,660146,53927,278189,2333164,2665280,179069,32775,127247,90234,48095,298351,110887,52736,163623,286712,9784,12934,3273,312703,27.216666666666665,12,SMU39000002023700001,638157.5,521622.5,23348.7,millions_of_chained_2017_dollars,6,3.78214758776414,8550,9430,12.07,20.45,4.48,9.82,101,668,1278726,101,101,1305005,3.6540384615384616,52,240.00541666666663,1.2673605433996429,12
39,Ohio,2017,Midwest,East North Central,60700000,671000000,11.04,201799,2,3,Ohio,16153,16153,4103529,132,264,25952,162,591,63323,367,6909,828187,15027,15027,3900413,100,200,23268,153,563,62250,355,6800,818516,60635,270340,2075466,2406441,198604,27431,120903,72513,45306,266153,34744,59945,94689,307467,29427,13125,2629,352648,33.766666666666666,12,SMU39000002023700001,652187.5,541289.4,25111.1,millions_of_chained_2017_dollars,6,7.54817184682659,8698,8515,14.59,20.27,6.25,10.87,101,714,1296357,101,101,1278726,3.989807692307692,52,245.121,2.131444950027195,12
39,Ohio,2018,Midwest,East North Central,66000000,731000000,11.06,201899,2,3,Ohio,16329,16329,4341641,222,444,57043,175,621,68738,329,6827,721917,14936,14936,4048696,205,410,55173,162,577,66879,312,6731,713231,43565,250721,1804035,2098321,196187,29789,186921,63550,48793,329053,226950,56365,283315,416023,46625,7435,10308,480391,31.958333333333332,12,SMU39000002023700001,656212,562523,25069.9,millions_of_chained_2017_dollars,6,-0.16407086905789736,9686,9044,17.71,20.55,6.159999999999999,11.17,101,737,1380183,101,101,1296357,4.544615384615384,52,251.0995,2.438999514525486,12
39,Ohio,2019,Midwest,East North Central,67900000,751000000,11.05,201999,2,3,Ohio,16078,16078,4569919,149,298,40156,157,555,67773,283,6116,743843,14949,14949,4336605,147,294,39566,144,514,65927,263,5936,730835,36449,303168,1630763,1970380,182572,28981,146745,80978,40766,297470,549021,63500,612521,333504,163446,6436,1490,504876,31.266666666666666,12,SMU39000002023700001,674063.9,582299.9,25609.4,millions_of_chained_2017_dollars,6,2.15198305537716,10145,9926,16.69,19.2,5.819999999999999,10.69,102,760,1389102,102,101,1380183,3.935769230769231,52,255.65258333333333,1.8132586219141489,12
39,Ohio,2020,Midwest,East North Central,66800000,723000000,10.82,202099,2,3,Ohio,18352,18352,5337916,233,466,59577,205,733,68871,458,10135,952115,16449,16449,4922989,219,438,56700,190,688,66292,436,9957,940057,47093,369438,1806581,2223112,200341,35228,117793,97865,54638,305524,305284,63136,368420,332879,183739,5733,1250,523601,29.008333333333333,12,SMU39000002023700001,655730.1,623575,25303.7,millions_of_chained_2017_dollars,6,-1.1937023124321544,11647,9988,12.3,18.05,5.54,9.93,98,720,1330576,98,102,1389102,3.111698113207547,53,258.85575,1.2529373358571627,12
39,Ohio,2021,Midwest,East North Central,72600000,885000000,12.18,202199,2,3,Ohio,20506,20506,6325437,188,376,52280,169,607,76992,464,8929,884745,19063,19063,6024218,179,358,51155,152,553,73835,434,8375,829313,36913,302628,1985421,2324962,150127,32174,185723,92756,70537,381190,148820,63548,212368,318827,177138,5295,1081,502341,28.658333333333335,12,SMU39000002023700001,691630,676718.3,25555.1,millions_of_chained_2017_dollars,6,0.9935305903879588,12532,10094,17.38,19.21,7.45,11.58,96,698,1300744,96,98,1330576,2.9576923076923074,52,270.97341666666665,4.681242996018686,12
39,Ohio,2022,Midwest,East North Central,75600000,925000000,12.239999999999998,202299,2,3,Ohio,17350,17350,6069499,281,562,94778,329,1198,132365,676,11733,1287990,16208,16208,5791283,277,554,93788,298,1103,116307,623,11086,1226194,24380,205667,1435424,1665471,241802,61216,216625,170710,60963,509514,218458,61115,279573,336210,182115,5730,1025,525080,29.708333333333332,12,SMU39000002023700001,694473.4,685892.1,23782.4,millions_of_chained_2017_dollars,6,-6.936775829482167,14308,9742,28.45,21.83,10.15,15.06,103,778,1360944,103,96,1300744,5.344038461538461,52,292.62641666666667,7.990820747791694,12
39,Ohio,2023,Midwest,East North Central,73900000,1030000000,13.87,202399,2,3,Ohio,16009,16009,5561664,340,680,112282,281,977,145686,402,9652,1145413,14363,14363,5065254,323,646,106867,260,914,141069,364,9245,1102271,151754,1539035,399476,2090265,186590,38809,109288,101963,58224,308284,385352,63334,448686,357042,188399,3870,1075,550386,30.733333333333334,12,SMU39000002023700001,707996.2,730013.2,23601.9,millions_of_chained_2017_dollars,6,-0.7589646124865457,31505,13269,23.4,20.610000000000003,7.22,12.89,104,742,1391431,104,103,1360944,6.806730769230769,52,304.703,4.12696279129503,12
40,Oklahoma,2015,South,West South Central,38400000,340000000,8.850000000000001,201599,3,7,Oklahoma,9571,9571,2065949,168,336,34161,34,131,11395,67,1507,104729,9049,9049,1991171,150,300,31558,30,119,10380,65,1497,104241,75087,84374,949207,1108668,562532,986,15346,20169,39065,75566,277830,15680,293510,175278,18357,0,9785,203420,15.65,12,SMU40000002023700001,193792.6,172726.3,7787.6,millions_of_chained_2017_dollars,6,,4676,5622,14.82,15.68,7.18,10.09,140,1265,2607785,140,,,3.850576923076923,52,237.00175,,12
40,Oklahoma,2016,South,West South Central,37200000,339000000,9.11,201699,3,7,Oklahoma,9170,9170,1939468,153,306,31612,41,156,15023,117,2460,168908,8170,8170,1759734,144,288,30041,37,144,14008,109,2354,161305,52339,103407,1294357,1450103,938469,17682,18121,20601,37568,93972,270361,10487,280848,176797,9806,0,8473,195076,15.616666666666667,12,SMU40000002023700001,190093.5,164709,7423,millions_of_chained_2017_dollars,6,-4.681801838820698,4035,5376,11.93,14.71,2.8,6.79,143,1276,2655696,143,140,2607785,3.6540384615384616,52,240.00541666666663,1.2673605433996429,12
40,Oklahoma,2017,South,West South Central,35800000,340000000,9.51,201799,3,7,Oklahoma,9419,9419,2028917,196,392,45293,14,47,4752,71,1234,112669,8880,8880,1933937,185,370,43629,10,34,3908,68,1219,111936,33013,91143,1469594,1593750,448238,1482,18546,19310,33361,72699,252248,16224,268472,191669,8741,0,7650,208060,17.908333333333335,12,SMU40000002023700001,192538.6,171995.4,7165.7,millions_of_chained_2017_dollars,6,-3.4662535363060742,3872,4226,14.42,15.89,3.16,7.76,145,1250,2464561,145,143,2655696,3.989807692307692,52,245.121,2.131444950027195,12
40,Oklahoma,2018,South,West South Central,36800000,339000000,9.22,201899,3,7,Oklahoma,9361,9361,2065839,184,368,43841,26,92,8808,47,681,62809,8401,8401,1888511,163,326,40238,22,80,8308,38,620,59156,4244,81927,1248318,1334489,522999,985,8837,18767,46202,74791,248428,14568,262996,194349,8898,0,9761,213008,19.25,12,SMU40000002023700001,196030.5,180824,7218.1,millions_of_chained_2017_dollars,6,0.7312614259597838,3848,3701,17.5,15.66,2.58,7.79,147,1213,2401281,147,145,2464561,4.544615384615384,52,251.0995,2.438999514525486,12
40,Oklahoma,2019,South,West South Central,38400000,314000000,8.18,201999,3,7,Oklahoma,10393,10393,2274806,217,434,42868,25,95,8060,41,1230,156871,10162,10162,2244655,209,418,41710,20,78,6962,35,1200,155407,104161,89079,1166790,1360030,617841,681,13302,19668,51611,85262,232390,14872,247262,166955,9570,0,9217,185742,19.333333333333332,12,SMU40000002023700001,200072.2,189996.8,7348.3,millions_of_chained_2017_dollars,6,1.8037987836134084,4297,4339,16.49,14.85,2.42,7.4,146,1196,2283325,146,147,2401281,3.935769230769231,52,255.65258333333333,1.8132586219141489,12
40,Oklahoma,2020,South,West South Central,38300000,329000000,8.59,202099,3,7,Oklahoma,12100,12100,2702587,209,418,41823,19,73,8026,92,1142,100083,11495,11495,2602237,200,400,40341,16,63,7183,72,1006,90746,86889,77549,1327037,1491475,677190,561,9893,20450,51611,82515,262542,18019,280561,187647,8352,0,10034,206033,16.766666666666666,12,SMU40000002023700001,191377,198234.3,7253.2,millions_of_chained_2017_dollars,6,-1.2941768844494717,3308,3767,12.16,13.51,2.22,6.03,143,1189,2306474,143,146,2283325,3.111698113207547,53,258.85575,1.2529373358571627,12
40,Oklahoma,2021,South,West South Central,41500000,358000000,8.61,202199,3,7,Oklahoma,13315,13315,3313629,243,486,45892,23,81,10553,77,851,84134,12605,12605,3198737,234,468,44528,19,69,9533,51,683,72757,78628,82702,1287790,1449120,702814,1126,21244,19055,59563,100988,253078,19575,272653,247895,11700,0,8785,268380,16.558333333333334,12,SMU40000002023700001,194991.2,217902.1,7266,millions_of_chained_2017_dollars,6,0.17647383223957647,3879,3728,17.17,16.130000000000003,4.4,8.91,144,1423,2908940,144,143,2306474,2.9576923076923074,52,270.97341666666665,4.681242996018686,12
40,Oklahoma,2022,South,West South Central,39900000,387000000,9.69,202299,3,7,Oklahoma,10926,10926,3014001,345,690,78792,54,195,18571,86,2065,287323,10508,10508,2945260,344,688,78605,49,180,17296,68,1928,276784,118803,94072,1337660,1550535,627368,1196,11882,16700,48933,78711,223415,16264,239679,235722,14109,0,10028,259859,15.95,12,SMU40000002023700001,194170.9,233182.3,6585.6,millions_of_chained_2017_dollars,6,-9.364161849710973,4529,4685,28.1,20.4,7.13,12.86,133,1434,3034499,133,144,2908940,5.344038461538461,52,292.62641666666667,7.990820747791694,12
40,Oklahoma,2023,South,West South Central,39500000,405000000,10.25,202399,3,7,Oklahoma,10325,10325,2853969,390,780,101033,92,325,59195,103,1975,202182,9622,9622,2728268,385,770,100332,86,307,57665,80,1814,188028,115592,101304,1313997,1530893,830288,1423,8650,21007,92539,123619,300224,17510,317734,263959,14591,0,13443,291993,16.55,12,SMU40000002023700001,207072.7,247300.5,6570.4,millions_of_chained_2017_dollars,6,-0.23080660835763656,4657,5460,23.14,18.35,3.29,9.44,129,1382,2975043,129,133,3034499,6.806730769230769,52,304.703,4.12696279129503,12
41,Oregon,2015,West,Pacific,18300000,132000000,7.2,201599,4,9,Oregon,10255,10255,2701797,172,344,54382,45,157,20201,229,6754,815578,9839,9839,2611936,172,344,54382,45,157,20201,226,6739,814322,33785,83883,510737,628405,193579,16455,14666,21174,0,52295,121974,21816,143790,61867,13375,0,0,75242,9.158333333333331,12,SMU41000002023700001,205581.8,177478.1,8338.2,millions_of_chained_2017_dollars,6,,3375,2429,14.23,17.49,6.74,10.9,1,3,430,1,,,3.850576923076923,52,237.00175,,12
41,Oregon,2016,West,Pacific,20300000,148000000,7.29,201699,4,9,Oregon,11006,11006,2914551,124,248,44804,57,201,25067,316,8131,959987,10260,10260,2757845,124,248,44804,57,201,25067,309,8041,951316,29343,89241,426281,544865,171677,15285,23543,18613,0,57441,111547,20808,132355,61867,13083,0,0,74950,9.283333333333331,12,SMU41000002023700001,214769.3,186105,9243.2,millions_of_chained_2017_dollars,6,10.853661461706366,3498,2793,12.28,17.74,5.35,10.09,1,2,474,1,1,430,3.6540384615384616,52,240.00541666666663,1.2673605433996429,12
41,Oregon,2017,West,Pacific,19900000,152000000,7.63,201799,4,9,Oregon,10604,10604,2853994,196,392,71141,39,143,18763,268,8914,1209809,9842,9842,2651109,196,392,71141,39,143,18763,260,8806,1195073,23214,97714,803428,924356,211682,17444,43536,19101,0,80081,137414,22533,159947,61867,16013,0,0,77880,9.608333333333333,12,SMU41000002023700001,225534.5,197262.3,10077.3,millions_of_chained_2017_dollars,6,9.023931106110416,3858,3882,14.63,17.54,4.96,10.17,1,2,328,1,1,474,3.989807692307692,52,245.121,2.131444950027195,12
41,Oregon,2018,West,Pacific,22200000,189000000,8.51,201899,4,9,Oregon,11217,11217,3010461,203,406,68644,59,212,33182,325,8297,1068607,10135,10135,2729115,188,376,63908,56,202,31858,309,8162,1050518,23214,97714,803428,924356,211682,17444,43536,19101,0,80081,137414,22533,159947,61867,16013,0,0,77880,10.141666666666667,12,SMU41000002023700001,234308.3,210044.9,10897.5,millions_of_chained_2017_dollars,6,8.139084873924563,4387,4591,17.72,17.17,4.6899999999999995,10.62,1,3,528,1,1,328,4.544615384615384,52,251.0995,2.438999514525486,12
41,Oregon,2019,West,Pacific,20700000,182000000,8.8,201999,4,9,Oregon,11586,11586,3127851,246,492,85582,66,244,37323,377,9715,1196349,11104,11104,3004844,244,488,85005,66,244,37323,368,9643,1190355,23214,97714,803428,924356,211682,17444,43536,19101,0,80081,137414,22533,159947,61867,16013,0,0,77880,10.541666666666666,12,SMU41000002023700001,239794.8,220029.4,11230.1,millions_of_chained_2017_dollars,6,3.0520761642578664,5244,4860,16.630000000000003,17.16,4.39,10.53,1,3,1061,1,1,528,3.935769230769231,52,255.65258333333333,1.8132586219141489,12
41,Oregon,2020,West,Pacific,20200000,180000000,8.89,202099,4,9,Oregon,11492,11492,3153662,262,524,83931,38,139,19804,303,6510,809604,10946,10946,3017366,249,498,78825,36,133,18354,288,5758,711565,18509,157278,1043418,1219205,258075,19897,0,23416,0,43313,128354,27864,156218,51077,19262,0,0,70339,10.233333333333334,12,SMU41000002023700001,236651.4,240450.4,11422.5,millions_of_chained_2017_dollars,6,1.71325277602159,6319,5260,11.61,16.69,4.48,9.8,1,4,1324,1,1,1061,3.111698113207547,53,258.85575,1.2529373358571627,12
41,Oregon,2021,West,Pacific,21600000,231000000,10.69,202199,4,9,Oregon,13185,13185,3748332,212,424,71989,70,250,31067,307,8057,1276930,12696,12696,3629985,212,424,71989,69,247,30857,297,7938,1260817,22091,203259,394770,620120,529790,21961,0,28640,0,50601,144947,40052,184999,54112,19414,0,0,73526,10.175,12,SMU41000002023700001,250919.9,266544.6,11668.8,millions_of_chained_2017_dollars,6,2.156270518713055,4951,5440,17.52,17.51,4.79,11.239999999999998,1,4,1590,1,1,1324,2.9576923076923074,52,270.97341666666665,4.681242996018686,12
41,Oregon,2022,West,Pacific,24900000,306000000,12.29,202299,4,9,Oregon,10312,10312,3244253,218,436,83552,54,188,28045,400,9385,1217508,10079,10079,3185442,218,436,83552,53,185,27835,400,9385,1217508,54845,201534,603733,860112,440326,20595,0,27397,0,47992,141268,44166,185434,79099,22305,0,0,101404,10.55,12,SMU41000002023700001,254237.5,270427.9,11252.5,millions_of_chained_2017_dollars,6,-3.567633347045107,5133,6395,27.28,19.959999999999997,5.91,14.25,2,7,1275,2,1,1590,5.344038461538461,52,292.62641666666667,7.990820747791694,12
41,Oregon,2023,West,Pacific,23600000,291000000,12.34,202399,4,9,Oregon,9797,9797,3346448,248,496,109015,63,230,45401,311,7174,1145242,9253,9253,3214162,246,492,108242,58,215,44423,300,7066,1129990,61449,237313,723000,1021762,325699,22592,0,28413,0,51005,176125,34458,210583,79099,25891,0,0,104990,11.05,12,SMU41000002023700001,258023.4,286979.9,10977.3,millions_of_chained_2017_dollars,6,-2.4456787380582212,4304,7195,23.2,22.04,7.430000000000001,14.13,2,6,2158,2,2,1275,6.806730769230769,52,304.703,4.12696279129503,12
42,Pennsylvania,2015,Northeast,Middle Atlantic,89300000,1100000000,12.36,201599,1,2,Pennsylvania,15420,15420,3465208,166,332,40139,199,666,84846,237,6436,816196,15085,15085,3397139,152,304,36466,197,660,84452,225,6244,796909,99201,377995,3074062,3551258,631767,153910,369460,83758,221135,828263,557471,49633,607104,767849,48635,2428,15750,834662,34.95,12,SMU42000002023700001,734145.1,635818,29052.4,millions_of_chained_2017_dollars,6,,7640,9280,14.59,21.09,8.19,11.33,248,1294,2255369,248,,,3.850576923076923,52,237.00175,,12
42,Pennsylvania,2016,Northeast,Middle Atlantic,86600000,1150000000,13.27,201699,1,2,Pennsylvania,16457,16457,3733765,235,470,65864,234,831,100009,234,5545,615922,15522,15522,3512514,207,414,58423,208,746,91093,209,4809,535615,131352,506813,4020083,4658248,536137,165938,216787,92125,515237,990087,440079,60261,500340,721388,46256,3069,16304,787017,34.2,12,SMU42000002023700001,744847.1,653328.9,29198.3,millions_of_chained_2017_dollars,6,0.5021960319973484,7138,8406,11.62,20.29,7.1,10.56,231,1251,2194297,231,248,2255369,3.6540384615384616,52,240.00541666666663,1.2673605433996429,12
42,Pennsylvania,2017,Northeast,Middle Atlantic,89500000,1200000000,13.37,201799,1,2,Pennsylvania,15703,15703,3570543,277,554,80592,224,816,104660,238,5511,678195,12903,12903,2907016,246,492,70365,192,708,93261,191,4528,565541,99087,403458,2854220,3356765,622429,159773,258341,105156,584515,1107785,488426,63113,551539,742051,51942,2840,15552,812385,39.733333333333334,12,SMU42000002023700001,754318,671702.8,30059.4,millions_of_chained_2017_dollars,6,2.9491442994968864,8245,7470,15.03,19.84,8.03,11.22,231,1204,2091283,231,231,2194297,3.989807692307692,52,245.121,2.131444950027195,12
42,Pennsylvania,2018,Northeast,Middle Atlantic,87600000,1160000000,13.28,201899,1,2,Pennsylvania,15335,15335,3593293,255,510,83605,245,866,103846,307,6614,903577,14384,14384,3366704,205,410,66798,196,695,84548,278,5880,816856,118621,476694,3531382,4126697,645103,153681,311437,98560,610627,1174305,497751,61361,559112,747148,78605,2994,20347,849094,42.291666666666664,12,SMU42000002023700001,763855.4,707043.4,30425.6,millions_of_chained_2017_dollars,6,1.2182545227116923,12638,8141,16.14,20.04,8.360000000000001,11.84,237,1196,2077812,237,231,2091283,4.544615384615384,52,251.0995,2.438999514525486,12
42,Pennsylvania,2019,Northeast,Middle Atlantic,95500000,1390000000,14.53,201999,1,2,Pennsylvania,14878,14878,3584647,306,612,97629,274,952,132915,312,7097,862292,12871,12871,3107456,298,596,94987,272,944,132602,295,6374,795381,75647,502054,3239347,3817048,621205,141030,305338,97127,630155,1173650,510022,435064,945086,721200,69990,3097,19691,813978,41.525,12,SMU42000002023700001,771852.5,729329.5,30646.4,millions_of_chained_2017_dollars,6,0.7257046697517922,13214,9698,14.95,18.78,8.2,11.37,236,1212,2115107,236,237,2077812,3.935769230769231,52,255.65258333333333,1.8132586219141489,12
42,Pennsylvania,2020,Northeast,Middle Atlantic,88500000,1290000000,14.55,202099,1,2,Pennsylvania,15846,15846,3837780,404,808,123603,322,1131,145523,310,7921,970436,12737,12737,3122060,325,650,100473,239,853,110229,226,5676,676847,95016,507469,3116874,3719359,575228,155476,223726,106003,598812,1084017,486421,118305,604726,677640,58771,3269,20781,760461,36.88333333333333,12,SMU42000002023700001,738176.1,783389.5,28088.1,millions_of_chained_2017_dollars,6,-8.347799415265754,11843,9268,10.67,18.05,7.68,10.95,241,1225,2033682,241,236,2115107,3.111698113207547,53,258.85575,1.2529373358571627,12
42,Pennsylvania,2021,Northeast,Middle Atlantic,93400000,1410000000,15.14,202199,1,2,Pennsylvania,18764,18764,4886551,559,1118,178021,419,1422,186177,663,26590,4060382,15862,15862,4225461,546,1092,174515,404,1374,177434,596,24728,3850931,81867,419657,3352825,3854349,411348,145336,327649,95702,675793,1244480,462996,97442,560438,656385,64418,3155,20200,744158,37.483333333333334,12,SMU42000002023700001,766140,833103.4,29135,millions_of_chained_2017_dollars,6,3.727201199084318,11875,8752,14.67,19.16,8.19,11.91,237,1256,2077096,237,241,2033682,2.9576923076923074,52,270.97341666666665,4.681242996018686,12
42,Pennsylvania,2022,Northeast,Middle Atlantic,91400000,1520000000,16.64,202299,1,2,Pennsylvania,18150,18150,5237550,303,606,106036,213,735,106509,353,8658,1167228,17344,17344,5057261,302,604,105586,212,732,106210,337,8578,1158539,120823,466189,2521212,3108224,579733,145406,276390,116848,627083,1165727,492959,105692,598651,464324,67378,3332,21434,556468,33.525,12,SMU42000002023700001,776824.7,845037.9,26987.4,millions_of_chained_2017_dollars,6,-7.371203020422168,11819,9860,27.92,24.07,10.76,15,245,1311,2152174,245,237,2077096,5.344038461538461,52,292.62641666666667,7.990820747791694,12
42,Pennsylvania,2023,Northeast,Middle Atlantic,88300000,1640000000,18.62,202399,1,2,Pennsylvania,15912,15912,4805012,194,388,62097,157,563,88312,319,8457,1067377,15149,15149,4595895,193,386,61547,157,563,88312,297,8325,1046366,128557,519160,3446674,4094391,602303,156737,209948,133294,644783,1144762,528593,100453,629046,461773,68358,4187,37452,571770,33.108333333333334,12,SMU42000002023700001,789918.5,885950,26731.9,millions_of_chained_2017_dollars,6,-0.946738107413092,12123,12134,23.38,22.71,11.3,13.73,233,1253,2204902,233,245,2152174,6.806730769230769,52,304.703,4.12696279129503,12
44,Rhode Island,2015,Northeast,New England,2360000,25300000,10.7,201599,1,1,Rhode Island,841,841,190734,36,72,9300,13,46,6837,3,39,4743,787,787,179173,36,72,9300,13,46,6837,3,39,4743,4737,47304,194665,246706,75553,3883,12365,378,5776,22402,36604,8590,45194,21328,5178,0,0,26506,,,,58387.9,51775.2,2077,millions_of_chained_2017_dollars,6,,500,573,15.75,40.32,9.01,16.439999999999998,10,67,101868,10,,,3.850576923076923,52,237.00175,,12
44,Rhode Island,2016,Northeast,New England,2280000,24500000,10.76,201699,1,1,Rhode Island,919,919,212363,40,80,8167,38,126,11001,8,101,4981,867,867,203850,40,80,8167,34,114,8901,8,101,4981,2011,68764,199711,270486,79623,2296,26247,0,6384,34927,42896,10377,53273,21244,6307,0,0,27551,,,,58630,52514.5,2124.2,millions_of_chained_2017_dollars,6,2.2725084256138617,530,648,12.91,39.52,8.44,14.69,10,69,118163,10,10,101868,3.6540384615384616,52,240.00541666666663,1.2673605433996429,12
44,Rhode Island,2017,Northeast,New England,2230000,24100000,10.79,201799,1,1,Rhode Island,981,981,231059,26,52,6210,6,18,2830,4,102,6849,922,922,220805,25,50,5697,6,18,2830,4,102,6849,1953,60552,124872,187377,80969,1934,23594,0,7974,33502,51732,9645,61377,29287,11149,0,0,40436,,,,58771.6,54704.3,2117.1,millions_of_chained_2017_dollars,6,-0.3342434798983107,874,553,14.05,42.690000000000005,8.229999999999999,15.38,10,65,125663,10,10,118163,3.989807692307692,52,245.121,2.131444950027195,12
44,Rhode Island,2018,Northeast,New England,1800000,19500000,10.82,201899,1,1,Rhode Island,936,936,223001,50,100,13178,18,59,5256,10,199,18839,789,789,197528,45,90,12278,18,59,5256,9,194,18464,2776,86059,169403,258238,73646,1984,25127,0,8799,35910,26542,8711,35253,23014,8352,0,0,31366,,,,58740.1,56918.9,2247.4,millions_of_chained_2017_dollars,6,6.154645505644529,1187,721,18.35,45.1,10.16,17.650000000000002,10,51,102627,10,10,125663,4.544615384615384,52,251.0995,2.438999514525486,12
44,Rhode Island,2019,Northeast,New England,1930000,21500000,11.13,201999,1,1,Rhode Island,1020,1020,249341,65,130,11565,23,87,7904,11,163,11604,992,992,247012,65,130,11565,23,87,7904,11,163,11604,854,50853,304380,356087,71292,1772,32455,124,7758,42109,31736,3917,35653,23906,8319,0,0,32225,,,,60157.6,60337,2322.7,millions_of_chained_2017_dollars,6,3.350538399928804,1517,813,16.830000000000002,45.690000000000005,9.42,17.310000000000002,10,57,109174,10,10,102627,3.935769230769231,52,255.65258333333333,1.8132586219141489,12
44,Rhode Island,2020,Northeast,New England,2030000,23300000,11.46,202099,1,1,Rhode Island,976,976,254502,104,208,22786,22,83,7808,15,107,13853,918,918,243310,104,208,22786,22,83,7808,15,107,13853,2102,55354,344717,402173,78923,1991,33523,85,5427,41026,27213,5882,33095,18233,8668,0,0,26901,,,,58132.3,64996.8,2202.3,millions_of_chained_2017_dollars,6,-5.183622508287755,1202,855,12.06,46.18,8.9,16.22,13,77,138790,13,10,109174,3.111698113207547,53,258.85575,1.2529373358571627,12
44,Rhode Island,2021,Northeast,New England,2150000,25500000,11.85,202199,1,1,Rhode Island,1033,1033,287267,74,148,21258,22,85,9011,9,126,10959,852,852,237640,66,132,19593,22,85,9011,9,126,10959,2248,48141,350293,400682,67960,2290,36620,92,2326,41328,25925,4330,30255,26757,10493,0,0,37250,,,,60660,69245.5,2233.9,millions_of_chained_2017_dollars,6,1.434863551741361,637,807,16.51,47.06,9.53,17.64,14,73,144832,14,13,138790,2.9576923076923074,52,270.97341666666665,4.681242996018686,12
44,Rhode Island,2022,Northeast,New England,2490000,31100000,12.46,202299,1,1,Rhode Island,960,960,328614,75,150,21737,16,58,9158,7,204,28318,792,792,281708,71,142,20904,16,58,9158,7,204,28318,6715,46155,312313,365183,62795,2881,40753,375,12623,56632,22343,3722,26065,26271,14008,0,0,40279,,,,61517.3,70880.1,2057,millions_of_chained_2017_dollars,6,-7.918886252741841,707,898,28.5,52.64,10.65,21.29,14,82,178663,14,14,144832,5.344038461538461,52,292.62641666666667,7.990820747791694,12
44,Rhode Island,2023,Northeast,New England,2400000,31300000,13.07,202399,1,1,Rhode Island,709,709,230171,60,120,16608,7,23,3243,13,317,32459,496,496,156958,42,84,9404,5,17,2193,12,312,31959,3580,52898,403096,459574,59340,4455,42921,596,16166,64138,23281,4280,27561,32303,14032,0,0,46335,,,,62119.3,74777.8,2073.4,millions_of_chained_2017_dollars,6,0.7972775887214345,963,974,24.130000000000003,55.64,12.42,21.47,14,87,162585,14,14,178663,6.806730769230769,52,304.703,4.12696279129503,12
45,South Carolina,2015,South,South Atlantic,23900000,275000000,11.51,201599,3,5,South Carolina,24322,24322,5661226,119,238,22210,8,31,3527,261,6439,555733,20527,20527,4956899,116,232,21748,7,28,2942,179,4526,448031,27066,87070,537199,651335,487629,19565,831,0,7129,27525,93322,19033,112355,84475,27743,0,10628,122846,15.625,12,SMU45000002023700001,213212.4,192054.7,9807.6,millions_of_chained_2017_dollars,6,,3420,2853,15.41,17.72,4.5,9.92,36,266,561828,36,,,3.850576923076923,52,237.00175,,12
45,South Carolina,2016,South,South Atlantic,28300000,338000000,11.93,201699,3,5,South Carolina,26349,26349,6233467,111,222,15244,21,77,8762,213,5517,466131,21595,21595,5211873,102,204,14450,21,77,8762,137,3816,376001,35142,263271,442701,741114,258047,15782,0,0,2369,18151,114765,4340,119105,0,0,0,0,0,18.358333333333334,12,SMU45000002023700001,220559.3,200027.4,10750.7,millions_of_chained_2017_dollars,6,9.616012072270497,5141,4559,12.91,17.85,4.07,9.27,38,322,716059,38,36,561828,3.6540384615384616,52,240.00541666666663,1.2673605433996429,12
45,South Carolina,2017,South,South Atlantic,28700000,364000000,12.66,201799,3,5,South Carolina,28851,28851,7388833,69,138,14252,18,59,6257,278,6473,629048,23416,23416,6131594,64,128,12685,18,59,6257,209,5129,549856,20042,186143,865537,1071722,283972,15476,0,0,6220,21696,132565,0,132565,0,7023,0,0,7023,18.083333333333332,12,SMU45000002023700001,224937.6,210387.6,11813.2,millions_of_chained_2017_dollars,6,9.883077381007755,5639,4989,14.66,18.130000000000003,4.71,9.67,37,327,752285,37,38,716059,3.989807692307692,52,245.121,2.131444950027195,12
45,South Carolina,2018,South,South Atlantic,27500000,366000000,13.3,201899,3,5,South Carolina,30579,30579,7737923,48,96,9450,10,38,4531,198,4774,391674,23701,23701,6106595,41,82,8266,10,38,4531,120,3218,302171,51663,182869,982493,1217025,376188,14841,0,0,6475,21316,132088,0,132088,97062,7207,0,0,104269,16.541666666666668,12,SMU45000002023700001,231663.3,219942.1,11917.2,millions_of_chained_2017_dollars,6,0.8803711102834066,6464,5231,17.71,17.88,4.8,9.94,39,354,756333,39,37,752285,4.544615384615384,52,251.0995,2.438999514525486,12
45,South Carolina,2019,South,South Atlantic,29200000,434000000,14.88,201999,3,5,South Carolina,31052,31052,7542148,134,268,32684,24,74,9046,220,4640,422770,27494,27494,6575890,131,262,32230,24,74,9046,171,3811,359962,32434,217884,1652730,1903048,368670,9735,0,0,6777,16512,126634,0,126634,0,8888,0,0,8888,17.066666666666666,12,SMU45000002023700001,239021.3,234295.4,12272.2,millions_of_chained_2017_dollars,6,2.9788876581747337,5765,4788,16.38,17.919999999999998,4.53,9.739999999999998,40,345,755798,40,39,756333,3.935769230769231,52,255.65258333333333,1.8132586219141489,12
45,South Carolina,2020,South,South Atlantic,27900000,441000000,15.79,202099,3,5,South Carolina,36226,36226,8956955,153,306,28633,28,90,7525,250,5718,512213,27957,27957,6950423,146,292,27360,20,65,5540,159,3933,394567,67592,133703,1907712,2109007,424658,9362,0,0,6394,15756,123814,1372,125186,0,7856,0,0,7856,16.35,12,SMU45000002023700001,233294.4,250250.5,12047.3,millions_of_chained_2017_dollars,6,-1.8325972523264067,3780,4636,11.64,17.52,3.8,8.860000000000001,39,344,719241,39,40,755798,3.111698113207547,53,258.85575,1.2529373358571627,12
45,South Carolina,2021,South,South Atlantic,31000000,556000000,17.92,202199,3,5,South Carolina,43264,43264,10770285,208,416,47718,12,42,8136,272,6958,826123,36753,36753,9049740,208,416,47718,11,39,7836,182,5432,689450,44248,227385,1206979,1478612,397325,8611,0,0,6551,15162,132594,4287,136881,0,7872,0,0,7872,16.008333333333333,12,SMU45000002023700001,245812,277322.6,12303.3,millions_of_chained_2017_dollars,6,2.1249574593477316,4300,3834,16.06,17.79,5.430000000000001,10.15,40,346,737977,40,39,719241,2.9576923076923074,52,270.97341666666665,4.681242996018686,12
45,South Carolina,2022,South,South Atlantic,33800000,644000000,19.03,202299,3,5,South Carolina,37906,37906,10939825,153,306,37394,138,509,76333,374,7317,861238,33117,33117,9756900,152,304,37169,137,505,75933,282,5586,715504,427646,232286,942929,1602861,528892,6208,0,0,3046,9254,134164,6795,140959,0,10424,0,0,10424,16.708333333333332,12,SMU45000002023700001,256608.5,288512.6,11822.1,millions_of_chained_2017_dollars,6,-3.911145790153847,3693,4291,27.610000000000003,20.9,8.66,13.3,40,362,820945,40,40,737977,5.344038461538461,52,292.62641666666667,7.990820747791694,12
45,South Carolina,2023,South,South Atlantic,34700000,735000000,21.17,202399,3,5,South Carolina,37163,37163,10665165,316,632,67777,177,593,47526,332,4086,501368,29467,29467,8838152,297,594,64154,177,593,47526,251,2600,372850,60328,257831,1424656,1742815,526708,16567,0,0,2990,19557,137990,7045,145035,0,16977,0,0,16977,17.408333333333335,12,SMU45000002023700001,266037.8,311235.5,11997.9,millions_of_chained_2017_dollars,6,1.4870454487781348,5327,5213,23.959999999999997,19.57,5.01,11.12,42,391,860725,42,40,820945,6.806730769230769,52,304.703,4.12696279129503,12
46,South Dakota,2015,Midwest,West North Central,6580000,47600000,7.24,201599,2,4,South Dakota,2868,2868,596971,96,192,27093,46,165,13615,74,1257,103062,2577,2577,529095,95,190,26843,39,142,13335,74,1257,103062,7868,21523,284809,314200,54573,8107,15532,123,0,23762,50830,12161,62991,30825,5639,0,0,36464,3.4416666666666664,12,SMU46000002023700001,50860.8,41160.1,1940.4,millions_of_chained_2017_dollars,6,,646,1259,14.75,21.59,5.07,9.76,18,228,437631,18,,,3.850576923076923,52,237.00175,,12
46,South Dakota,2016,Midwest,West North Central,6850000,49100000,7.159999999999999,201699,2,4,South Dakota,3195,3195,634339,39,78,8325,29,108,9256,91,2305,231778,2915,2915,568660,36,72,7683,23,88,9256,87,2269,229480,8721,18668,299033,326422,57524,8453,19056,102,0,27611,54846,12527,67373,30674,5514,0,0,36188,3.941666666666667,12,SMU46000002023700001,51264.3,41551.5,2008.4,millions_of_chained_2017_dollars,6,3.5044320758606418,959,1495,11.91,22.19,4.53,8.69,16,214,436581,16,18,437631,3.6540384615384616,52,240.00541666666663,1.2673605433996429,12
46,South Dakota,2017,Midwest,West North Central,6440000,47800000,7.42,201799,2,4,South Dakota,3386,3386,704967,47,94,14177,36,137,12447,87,1790,162743,3073,3073,633350,46,92,13927,29,114,12176,85,1780,162143,9898,17855,235840,263593,53837,7891,17394,82,0,25367,51720,13117,64837,31685,7004,0,0,38689,3.5416666666666665,12,SMU46000002023700001,51615.1,42989.3,1943.2,millions_of_chained_2017_dollars,6,-3.2463652658832887,1602,1223,14.42,22.97,4.85,9.41,18,229,434144,18,16,436581,3.989807692307692,52,245.121,2.131444950027195,12
46,South Dakota,2018,Midwest,West North Central,6520000,51200000,7.85,201899,2,4,South Dakota,2985,2985,650611,47,94,11250,36,134,9798,89,1750,182679,2611,2611,564782,43,86,9997,25,96,9379,88,1744,182319,11060,16318,190411,217789,58434,10099,20056,73,0,30228,62750,10013,72763,32786,6342,0,0,39128,3.533333333333333,12,SMU46000002023700001,51937.8,45144,2007.9,millions_of_chained_2017_dollars,6,3.3295594895018654,2304,920,17.5,22.77,4.71,10.03,17,217,420090,17,18,434144,4.544615384615384,52,251.0995,2.438999514525486,12
46,South Dakota,2019,Midwest,West North Central,6940000,52000000,7.49,201999,2,4,South Dakota,3127,3127,709345,58,116,18621,27,104,7638,56,1068,100711,2829,2829,640651,57,114,18269,20,79,7638,56,1068,100711,10223,16052,219631,245906,61376,8558,28580,88,0,37226,99637,13952,113589,32771,5186,0,0,37957,3.9916666666666663,12,SMU46000002023700001,52510.2,48013.9,2101.3,millions_of_chained_2017_dollars,6,4.651626076995874,1441,1525,16.49,22.88,4.41,9.6,15,194,395462,15,17,420090,3.935769230769231,52,255.65258333333333,1.8132586219141489,12
46,South Dakota,2020,Midwest,West North Central,8000000,62800000,7.859999999999999,202099,2,4,South Dakota,3726,3726,861766,74,148,18646,47,176,18187,104,2610,268291,3427,3427,790061,74,148,18646,37,142,18187,104,2610,268291,17754,30001,397765,445520,59052,8902,21308,85,0,30295,94150,13248,107398,34390,5350,0,0,39740,4.525,12,SMU46000002023700001,53349.2,52908.8,2184.4,millions_of_chained_2017_dollars,6,3.954694712796836,887,1950,12.16,22.83,4.09,8.98,17,199,429219,17,15,395462,3.111698113207547,53,258.85575,1.2529373358571627,12
46,South Dakota,2021,Midwest,West North Central,8300000,64700000,7.8,202199,2,4,South Dakota,4324,4324,1126573,72,144,25550,74,274,35918,172,3175,377439,3982,3982,1041732,72,144,25550,63,238,35918,172,3175,377439,16233,39374,459609,515216,58352,8855,17116,99,0,26070,86709,13699,100408,29778,5223,0,0,35001,4.291666666666667,12,SMU46000002023700001,56015.4,60221,2252,millions_of_chained_2017_dollars,6,3.0946713056216657,1076,2463,17.17,23.51,5.609999999999999,10.94,15,197,404555,15,17,429219,2.9576923076923074,52,270.97341666666665,4.681242996018686,12
46,South Dakota,2022,Midwest,West North Central,7790000,65600000,8.43,202299,2,4,South Dakota,3917,3917,1103085,54,108,18528,88,324,37486,215,5072,667613,3607,3607,1017468,53,106,18249,74,280,36114,212,5053,666275,12816,33273,444035,490124,57632,11182,22993,116,0,34291,111069,14218,125287,29184,6683,0,0,35867,4.225,12,SMU46000002023700001,55257.2,63454.7,2147.9,millions_of_chained_2017_dollars,6,-4.6225577264653595,1929,1745,28.1,23.56,6.96,13.89,17,206,399087,17,15,404555,5.344038461538461,52,292.62641666666667,7.990820747791694,12
46,South Dakota,2023,Midwest,West North Central,8150000,77200000,9.47,202399,2,4,South Dakota,3252,3252,957893,85,170,29034,78,277,31349,147,3373,437309,2769,2769,820806,83,166,28530,41,154,23357,131,3288,425772,18937,39326,548856,607119,95933,9091,33490,158,0,42739,127054,17291,144345,34430,6894,0,0,41324,4.525,12,SMU46000002023700001,57253,68097,2212.4,millions_of_chained_2017_dollars,6,3.002933097444016,1857,3004,23.110000000000003,23.479999999999997,5.67,11.95,17,223,424948,17,17,399087,6.806730769230769,52,304.703,4.12696279129503,12
47,Tennessee,2015,South,East South Central,40200000,486000000,12.08,201599,3,6,Tennessee,21636,21636,4616866,120,240,22177,43,160,13562,321,10183,943859,20083,20083,4323686,112,224,21073,40,148,12716,305,9904,925893,76634,195273,761910,1033817,276144,2653,35801,0,1185,39639,150166,18160,168326,0,35664,0,0,35664,14.583333333333334,12,SMU47000002023700001,335461.1,277356.1,11200.2,millions_of_chained_2017_dollars,6,,5271,3326,15.18,18.09,4.89,9.66,161,805,1260729,161,,,3.850576923076923,52,237.00175,,12
47,Tennessee,2016,South,East South Central,43700000,550000000,12.58,201699,3,6,Tennessee,24551,24551,5372260,139,278,26707,79,288,25739,345,11040,1155894,22543,22543,5012685,129,258,25653,78,284,25339,333,10852,1143605,74456,191185,750517,1016158,281864,3277,21755,0,1145,26177,166927,14852,181779,0,33395,0,0,33395,15.108333333333334,12,SMU47000002023700001,343544.9,286532.3,11542.8,millions_of_chained_2017_dollars,6,3.0588739486794747,5037,3367,12.22,16.650000000000002,4.2700000000000005,8.65,166,850,1385302,166,161,1260729,3.6540384615384616,52,240.00541666666663,1.2673605433996429,12
47,Tennessee,2017,South,East South Central,46000000,597000000,12.99,201799,3,6,Tennessee,27119,27119,6064974,150,300,28055,99,355,34057,370,10138,915674,24986,24986,5724408,137,274,26289,98,352,33822,358,9975,904954,88239,181802,719640,989681,269710,3473,10428,0,1256,15157,233667,15423,249090,0,40343,0,0,40343,15.941666666666666,12,SMU47000002023700001,355417.5,299307.7,12016.2,millions_of_chained_2017_dollars,6,4.101257927019453,6090,3565,14.76,17.1,4.85,9.04,172,828,1420207,172,166,1385302,3.989807692307692,52,245.121,2.131444950027195,12
47,Tennessee,2018,South,East South Central,45100000,605000000,13.41,201899,3,6,Tennessee,28021,28021,6238592,119,238,20711,88,328,28429,238,8582,760356,24896,24896,5616583,86,172,14840,74,282,23504,212,8121,717161,82639,213994,828078,1124711,361304,5279,21712,0,1172,28163,216721,24277,240998,0,36006,0,0,36006,16.233333333333334,12,SMU47000002023700001,362363.7,316176.5,12496.2,millions_of_chained_2017_dollars,6,3.994607280171758,6912,3673,17.919999999999998,16.66,4.75,8.94,182,860,1466907,182,172,1420207,4.544615384615384,52,251.0995,2.438999514525486,12
47,Tennessee,2019,South,East South Central,50400000,799000000,15.85,201999,3,6,Tennessee,29598,29598,6707848,148,296,25782,57,205,20251,305,11262,1122616,26711,26711,6141525,142,284,25156,54,193,18792,303,11172,1113735,107578,239572,825179,1172329,381982,6446,13873,0,1400,21719,215253,20043,235296,0,34839,0,0,34839,16.666666666666668,12,SMU47000002023700001,370197.4,335601.7,13204.5,millions_of_chained_2017_dollars,6,5.66812310942526,7837,5453,16.89,16.64,4.49,8.89,189,944,1613546,189,182,1466907,3.935769230769231,52,255.65258333333333,1.8132586219141489,12
47,Tennessee,2020,South,East South Central,52300000,847000000,16.170000000000005,202099,3,6,Tennessee,33030,33030,7595481,226,452,51900,169,625,75522,429,15612,1484349,29064,29064,6762119,185,370,45980,160,595,73019,393,14957,1420877,102643,264348,1002154,1369145,364502,6514,10764,0,1409,18687,237868,26188,264056,0,35586,0,0,35586,16.758333333333333,12,SMU47000002023700001,368057,360094.7,13262.2,millions_of_chained_2017_dollars,6,0.4369722443106516,8814,5504,12.45,15.63,3.99,8,193,942,1629656,193,189,1613546,3.111698113207547,53,258.85575,1.2529373358571627,12
47,Tennessee,2021,South,East South Central,56900000,949000000,16.68,202199,3,6,Tennessee,36986,36986,9597497,148,296,31252,137,512,68143,630,19690,1780659,33068,33068,8771880,104,208,24931,127,480,65992,590,19015,1717573,98835,255665,920647,1275147,378125,5495,26734,0,1343,33572,213440,31897,245337,0,36135,0,0,36135,17.4,12,SMU47000002023700001,401673.7,402024.7,14268.6,millions_of_chained_2017_dollars,6,7.588484565155107,9497,4349,17.58,16.14,5.31,9.25,188,995,1774595,188,193,1629656,2.9576923076923074,52,270.97341666666665,4.681242996018686,12
47,Tennessee,2022,South,East South Central,60500000,1080000000,17.89,202299,3,6,Tennessee,33211,33211,9278273,257,514,46229,254,939,121663,1524,17973,2339676,29931,29931,8547161,208,416,39226,242,903,119104,1467,17125,2261835,103078,287537,979627,1370242,396439,5945,27754,0,1400,35099,230442,35306,265748,0,41857,0,0,41857,19.216666666666665,12,SMU47000002023700001,415451.6,417424.4,14432.6,millions_of_chained_2017_dollars,6,1.1493769535904086,13728,4589,28.77,19.18,7.69,12.82,196,1152,2046419,196,188,1774595,5.344038461538461,52,292.62641666666667,7.990820747791694,12
47,Tennessee,2023,South,East South Central,58900000,1210000000,20.51,202399,3,6,Tennessee,31293,31293,9182026,266,532,70433,169,602,77776,514,15036,2177855,28060,28060,8527500,204,408,60937,154,557,74519,452,14140,2083089,134111,314036,1200013,1648160,467949,7634,24464,0,1744,33842,235844,42609,278453,0,42532,0,0,42532,20.525,12,SMU47000002023700001,428276.1,453765.7,15189.2,millions_of_chained_2017_dollars,6,5.242298684921631,14940,6383,23.69,18.25,5.359999999999999,11.1,210,1245,2158520,210,196,2046419,6.806730769230769,52,304.703,4.12696279129503,12
48,Texas,2015,South,West South Central,155000000,1560000000,10.1,201599,3,7,Texas,105448,105448,22892161,1033,2066,200810,307,1137,122006,2130,66792,5871984,94028,94028,21518799,1016,2032,197833,291,1085,119044,2054,64842,5742417,675641,959165,10212266,11847072,1984809,96446,30237,2083,199728,328494,315690,14128,329818,316740,204446,19694,90290,631170,141.175,12,SMU48000002023700001,1634127.1,1281170.1,86858.7,millions_of_chained_2017_dollars,6,,46334,26951,13.93,16.39,2.79,8.07,142,1936,4603735,142,,,3.850576923076923,52,237.00175,,12
48,Texas,2016,South,West South Central,159000000,1660000000,10.45,201699,3,7,Texas,106511,106511,23459283,971,1942,196122,470,1767,167516,1633,55633,5419477,94706,94706,21932225,942,1884,189534,457,1718,163325,1565,53550,5255392,475698,1067608,5631975,7175281,1945247,115803,9191,2265,192276,319535,337285,31428,368713,351023,200137,24259,109166,684585,145.80833333333334,12,SMU48000002023700001,1633863.3,1276330.6,88504.9,millions_of_chained_2017_dollars,6,1.8952620750713576,52075,28084,12.28,15.61,2.57,7.46,141,1892,4504642,141,142,4603735,3.6540384615384616,52,240.00541666666663,1.2673605433996429,12
48,Texas,2017,South,West South Central,162000000,1780000000,10.94,201799,3,7,Texas,116766,116766,26395587,881,1762,191108,445,1710,186183,1581,54874,5741087,110429,110429,25398757,853,1706,186431,435,1679,184298,1535,54527,5705047,649100,1153348,6913916,8716364,1746372,126648,5572,1980,199584,333784,407217,28139,435356,365492,132855,19081,178894,696322,148.65,12,SMU48000002023700001,1667313,1367826,88478.1,millions_of_chained_2017_dollars,6,-0.03028080931111176,45980,31623,14.94,15.69,3.19,9.06,162,1980,4494624,162,141,4504642,3.989807692307692,52,245.121,2.131444950027195,12
48,Texas,2018,South,West South Central,178000000,2070000000,11.64,201899,3,7,Texas,126048,126048,27650487,1213,2426,236158,355,1351,155866,1764,63053,6647360,112619,112619,26257243,1193,2386,233456,333,1266,147983,1679,61827,6537709,462314,1143826,6601029,8207169,1713704,117388,18058,2499,189201,327146,366366,24354,390720,283422,213460,22978,94474,614334,161.1,12,SMU48000002023700001,1746543.3,1463789.8,87963,millions_of_chained_2017_dollars,6,-0.5821779626822954,41387,33705,18.37,15.8,3.3299999999999996,10.22,161,1961,4595616,161,162,4494624,4.544615384615384,52,251.0995,2.438999514525486,12
48,Texas,2019,South,West South Central,191000000,2650000000,13.86,201999,3,7,Texas,129094,129094,28232254,1278,2556,328265,467,1805,202682,2070,76440,8650083,125136,125136,27503903,1267,2534,326430,459,1779,201489,2037,76215,8622709,594177,1278471,7749851,9622499,1828472,116313,12763,2598,141588,273262,413718,18512,432230,461641,193893,4400,43138,703072,178.19166666666666,12,SMU48000002023700001,1806736.1,1537205.7,90412.5,millions_of_chained_2017_dollars,6,2.7846935643395465,48643,36518,16.939999999999998,15.96,2.8099999999999996,8.53,165,1981,4738403,165,161,4595616,3.935769230769231,52,255.65258333333333,1.8132586219141489,12
48,Texas,2020,South,West South Central,189000000,2620000000,13.88,202099,3,7,Texas,158242,158242,35150008,1715,3430,353121,397,1536,154376,2033,67295,7328928,147746,147746,32869766,1683,3366,346701,375,1452,145282,1967,65968,7209236,636051,1401585,9336557,11374193,1802114,120878,12981,2743,168730,305332,441277,19247,460524,457327,229198,4981,47142,738648,166.64166666666668,12,SMU48000002023700001,1782738.2,1602962.6,88221,millions_of_chained_2017_dollars,6,-2.4238905018664436,52773,41049,11.77,14.86,2.26,6.819999999999999,177,2062,4685417,177,165,4738403,3.111698113207547,53,258.85575,1.2529373358571627,12
48,Texas,2021,South,West South Central,190000000,2710000000,14.23,202199,3,7,Texas,179620,179620,42406772,2175,4350,472054,569,2133,241551,2151,79852,9198847,166262,166262,39504488,2108,4216,457980,553,2083,234894,2085,78854,9108451,664252,1147963,9464358,11276573,1839432,81906,46279,2682,202860,333727,477826,24946,502772,453816,250968,5323,46691,756798,158.74166666666667,12,SMU48000002023700001,1905512.4,1786060.9,88534.6,millions_of_chained_2017_dollars,6,0.3554709196223138,52561,40341,18.130000000000003,17.95,4.75,11.52,177,2044,4726391,177,177,4685417,2.9576923076923074,52,270.97341666666665,4.681242996018686,12
48,Texas,2022,South,West South Central,202000000,2940000000,14.57,202299,3,7,Texas,154793,154793,39805729,2039,4078,489521,865,3302,423540,2864,100834,12097257,147648,147648,38241399,1997,3994,479722,853,3266,418919,2797,100130,12028766,631815,947354,8277977,9857146,1981990,116954,25366,3006,257483,402809,2215280,26585,2241865,557890,284302,10157,58154,910503,167.375,12,SMU48000002023700001,1975164,1920254.6,84946.7,millions_of_chained_2017_dollars,6,-4.052539910950081,65142,44295,28.4,20.89,6.49,13.19,180,2177,5056816,180,177,4726391,5.344038461538461,52,292.62641666666667,7.990820747791694,12
48,Texas,2023,South,West South Central,203000000,3280000000,16.130000000000003,202399,3,7,Texas,149860,149860,40691996,2759,5518,737093,762,2854,323270,2221,74141,9074741,136556,136556,37480849,2589,5178,698617,671,2533,289481,2120,71953,8821409,559377,941186,9716446,11217009,1982927,139906,22100,2865,316803,481674,2276772,25383,2302155,632419,313648,10143,52931,1009141,175.725,12,SMU48000002023700001,2137536.7,2074225.2,85807.6,millions_of_chained_2017_dollars,6,1.013459027837471,91296,51079,22.91,19.34,2.42,9.41,179,2254,5153592,179,180,5056816,6.806730769230769,52,304.703,4.12696279129503,12
49,Utah,2015,West,Mountain,8130000,58900000,7.24,201599,4,8,Utah,12523,12523,3176762,57,114,17455,142,516,74432,231,5144,582535,11544,11544,2931078,52,104,15456,106,395,60662,185,4853,548722,65328,15946,378573,459847,304573,12596,14381,36942,800,64719,71319,20821,92140,3953,61401,1366,3786,70506,9.35,12,SMU49000002023700001,155431.5,119661.5,9654.3,millions_of_chained_2017_dollars,6,,1847,3647,14.89,18.08,5.67,12.1,2,24,41964,2,,,3.850576923076923,52,237.00175,,12
49,Utah,2016,West,Mountain,7880000,58400000,7.41,201699,4,8,Utah,15210,15210,3884125,103,206,30864,146,539,71713,276,6707,821607,14166,14166,3587733,85,170,26449,101,386,55380,222,6265,769659,81854,16466,358602,456922,303474,23125,24966,44780,1065,93936,69572,25134,94706,3452,73515,1426,3987,82380,9.058333333333334,12,SMU49000002023700001,162528.2,126540.6,10599.8,millions_of_chained_2017_dollars,6,9.793563489843905,2027,2977,11.98,18.54,5.28,11.37,1,10,12079,1,2,41964,3.6540384615384616,52,240.00541666666663,1.2673605433996429,12
49,Utah,2017,West,Mountain,9970000,75600000,7.58,201799,4,8,Utah,17247,17247,4381579,120,240,32609,345,1280,144845,308,5912,683332,15793,15793,3995748,88,176,24148,239,906,96198,253,5509,630661,112318,16003,435632,563953,375251,24922,29088,45451,1797,101258,52911,32720,85631,3320,79112,1416,4025,87873,9.616666666666667,12,SMU49000002023700001,172075,134546.7,11447.2,millions_of_chained_2017_dollars,6,7.994490462084203,2482,3371,14.78,17.97,5.28,11.66,2,10,12621,2,1,12079,3.989807692307692,52,245.121,2.131444950027195,12
49,Utah,2018,West,Mountain,10100000,78500000,7.77,201899,4,8,Utah,18545,18545,4725200,191,382,47165,269,979,123143,372,5668,715049,17043,17043,4353792,153,306,37899,176,646,82995,326,5205,656182,87514,134906,657978,880398,205895,18413,18206,7346,1456,45421,71272,20656,91928,69541,21680,6610,6537,104368,10.333333333333334,12,SMU49000002023700001,182106,144645.5,12156.1,millions_of_chained_2017_dollars,6,6.192780767349215,2081,3789,18.5,17.29,5.09,12.66,2,20,32229,2,2,12621,4.544615384615384,52,251.0995,2.438999514525486,12
49,Utah,2019,West,Mountain,10800000,87000000,8.08,201999,4,8,Utah,18191,18191,4874793,154,308,44288,210,757,127256,352,9523,1407256,17154,17154,4609675,153,306,44065,203,735,121921,337,9402,1386935,123659,155699,659566,938924,191348,25743,33439,7677,0,66859,41093,26385,67478,61995,22481,5811,9354,99641,10.991666666666667,12,SMU49000002023700001,192760.6,155711.5,12894.3,millions_of_chained_2017_dollars,6,6.072671333733681,2407,4490,16.610000000000003,17.52,4.7700000000000005,12.36,1,5,6079,1,2,32229,3.935769230769231,52,255.65258333333333,1.8132586219141489,12
49,Utah,2020,West,Mountain,12300000,113000000,9.239999999999998,202099,4,8,Utah,22301,22301,5943023,202,404,56904,286,1048,170582,303,8022,1116932,20254,20254,5435312,197,394,55262,259,959,153168,269,7428,1028173,167699,143131,850133,1160963,225235,35466,26503,9322,2765,74056,36672,28692,65364,83053,14055,2889,8712,108709,12.191666666666666,12,SMU49000002023700001,195323.2,169991.6,14271,millions_of_chained_2017_dollars,6,10.676810683790515,2855,5373,11.68,17.3,4.859999999999999,11.67,1,17,31394,1,1,6079,3.111698113207547,53,258.85575,1.2529373358571627,12
49,Utah,2021,West,Mountain,13200000,124000000,9.43,202199,4,8,Utah,24423,24423,7045024,240,480,69418,251,879,153678,573,13276,1919906,22832,22832,6638458,218,436,65904,201,717,121039,490,9577,1416623,75667,128296,1052679,1256642,235704,17650,23154,7591,1945,50340,44311,27304,71615,87222,15047,2378,8045,112692,12.483333333333334,12,SMU49000002023700001,211289.5,194799.1,15266.1,millions_of_chained_2017_dollars,6,6.972882068530595,3270,5103,18.75,18.14,5.18,13.5,2,17,22122,2,1,31394,2.9576923076923074,52,270.97341666666665,4.681242996018686,12
49,Utah,2022,West,Mountain,13400000,141000000,10.5,202299,4,8,Utah,19132,19132,6019509,147,294,52494,139,512,93177,463,11811,1827365,18352,18352,5803047,123,246,47854,116,434,79272,399,8065,1324296,72667,128079,974846,1175592,225721,11164,24776,8897,1147,45984,79051,24453,103504,90958,23420,2408,7019,123805,12.833333333333334,12,SMU49000002023700001,217848.8,206055.7,15033.5,millions_of_chained_2017_dollars,6,-1.5236373402506276,3563,5351,29.41,20.04,7.619999999999999,17.51,2,11,11827,2,2,22122,5.344038461538461,52,292.62641666666667,7.990820747791694,12
49,Utah,2023,West,Mountain,12100000,134000000,11.06,202399,4,8,Utah,14913,14913,5032660,112,224,41002,194,712,144458,412,9512,1769021,13972,13972,4740745,87,174,35056,165,620,128050,337,6377,1335319,113887,165687,631448,911022,232435,13418,46608,7958,1199,69183,70774,26483,97257,120236,16462,2740,6277,145715,12.975,12,SMU49000002023700001,226322.1,222237.8,15018,millions_of_chained_2017_dollars,6,-0.10310306981075046,4758,9235,23.93,20.479999999999997,9.54,17.22,2,23,29812,2,2,11827,6.806730769230769,52,304.703,4.12696279129503,12
50,Vermont,2015,Northeast,New England,4820000,49100000,10.2,201599,1,1,Vermont,936,936,227464,46,92,12740,25,92,10114,58,878,83636,788,788,194784,43,86,11781,25,92,10114,22,572,63212,1917,14455,187230,203602,96937,1150,21301,0,0,22451,44700,11739,56439,58229,6167,0,0,64396,,,,32042.9,30598,1170.5,millions_of_chained_2017_dollars,6,,440,279,15.61,30.1,5.37,18.95,0,0,0,0,,,3.850576923076923,52,237.00175,,12
50,Vermont,2016,Northeast,New England,4800000,49100000,10.239999999999998,201699,1,1,Vermont,969,969,238995,68,136,15947,11,38,4864,45,628,55389,756,756,184186,60,120,13781,8,27,3758,18,486,44913,2215,16110,165119,183444,96120,1137,13433,0,0,14570,48361,11219,59580,61895,8488,0,0,70383,,,,32312.7,31073.3,1196.9,millions_of_chained_2017_dollars,6,2.255446390431448,542,253,12.79,29.97,5.08,17.330000000000002,0,0,0,0,0,0,3.6540384615384616,52,240.00541666666663,1.2673605433996429,12
50,Vermont,2017,Northeast,New England,4630000,46400000,10.03,201799,1,1,Vermont,983,983,245760,34,68,9837,12,44,4593,41,654,66309,773,773,190945,31,62,8967,12,44,4593,17,487,52771,2605,15991,161495,180091,95489,1182,20150,0,0,21332,62500,12026,74526,64344,9824,0,0,74168,,,,32589.2,31960.2,1195.4,millions_of_chained_2017_dollars,6,-0.12532375302866106,605,519,13.92,29.94,4.78,17.35,0,0,0,0,0,0,3.989807692307692,52,245.121,2.131444950027195,12
50,Vermont,2018,Northeast,New England,5080000,51100000,10.06,201899,1,1,Vermont,1131,1131,263130,37,74,11486,19,67,7166,46,808,83601,860,860,193635,31,62,9880,19,67,7166,25,670,73889,1597,17973,190244,209814,89162,1326,23180,0,0,24506,58264,12045,70309,64623,7079,0,0,71702,,,,32827.8,33117.1,1162.8,millions_of_chained_2017_dollars,6,-2.727120629078139,447,615,18.18,31.23,4.4,19.73,1,1,78,1,0,0,4.544615384615384,52,251.0995,2.438999514525486,12
50,Vermont,2019,Northeast,New England,5400000,55300000,10.239999999999998,201999,1,1,Vermont,987,987,257969,48,96,19471,12,40,4189,47,678,70281,749,749,202744,42,84,18170,12,40,4189,20,491,57223,6799,16735,171379,194913,87393,1359,28550,0,0,29909,68431,12810,81241,66133,7993,0,0,74126,,,,33339.4,34838,1147.5,millions_of_chained_2017_dollars,6,-1.3157894736842035,382,192,16.67,32.37,3.99,19.77,1,1,3,1,1,78,3.935769230769231,52,255.65258333333333,1.8132586219141489,12
50,Vermont,2020,Northeast,New England,5230000,60900000,11.64,202099,1,1,Vermont,1154,1154,309290,37,74,11600,12,42,4452,48,807,70861,813,813,221564,27,54,8754,10,35,3985,21,557,46864,7914,16582,191806,216302,97390,1143,20811,0,0,21954,69512,15359,84871,64392,8680,0,0,73072,,,,32408.7,37392.8,1086.4,millions_of_chained_2017_dollars,6,-5.324618736383435,286,339,11.95,32.83,3.3499999999999996,17.77,0,0,0,0,1,3,3.111698113207547,53,258.85575,1.2529373358571627,12
50,Vermont,2021,Northeast,New England,5320000,63500000,11.94,202199,1,1,Vermont,1361,1361,385777,66,132,22894,5,20,1484,55,806,89570,975,975,285659,57,114,20955,4,16,1292,23,489,58423,3736,15518,206748,226002,90051,1232,16154,0,0,17386,67426,16666,84092,66432,9114,0,0,75546,,,,33584.3,39552.8,1138.7,millions_of_chained_2017_dollars,6,4.814064801178208,316,819,16.36,33.339999999999996,4.95,20.44,0,0,0,0,0,0,2.9576923076923074,52,270.97341666666665,4.681242996018686,12
50,Vermont,2022,Northeast,New England,5400000,68600000,12.72,202299,1,1,Vermont,1326,1326,398301,58,116,16381,13,42,4415,64,919,129686,947,947,300970,48,96,13549,12,39,4140,31,715,115740,1639,18370,208782,228791,102214,1714,18039,0,0,19753,77089,21317,98406,66883,11706,0,0,78589,,,,34915.9,41336.5,1067.1,millions_of_chained_2017_dollars,6,-6.287872134890682,434,667,27.87,34.83,6.42,25.18,0,0,0,0,0,0,5.344038461538461,52,292.62641666666667,7.990820747791694,12
50,Vermont,2023,Northeast,New England,5630000,77100000,13.69,202399,1,1,Vermont,1303,1303,416122,64,128,21072,19,63,10936,54,962,125098,946,946,318612,55,110,18514,15,51,9596,26,803,113972,1589,17919,258972,278480,118465,1441,21908,0,0,23349,78907,20368,99275,73142,12023,0,0,85165,,,,35499.4,44058.6,1095.3,millions_of_chained_2017_dollars,6,2.6426764127073454,452,597,23.95,33.03,5.49,23.08,0,0,0,0,0,0,6.806730769230769,52,304.703,4.12696279129503,12
51,Virginia,2015,South,South Atlantic,48500000,759000000,15.65,201599,3,5,Virginia,19865,19865,4089211,43,86,11025,45,169,20834,239,8349,603235,19114,19114,3920982,35,70,9456,45,169,20834,226,8183,580044,148172,282953,1402387,1833512,1161506,35176,252209,0,13962,301347,298834,64737,363571,83491,95857,15290,20748,215386,29.541666666666668,12,SMU51000002023700001,498943.6,433088.2,21812.4,millions_of_chained_2017_dollars,6,,4023,6321,15.31,20.37,4.79,9.6,0,0,0,0,,,3.850576923076923,52,237.00175,,12
51,Virginia,2016,South,South Atlantic,50000000,822000000,16.439999999999998,201699,3,5,Virginia,21614,21614,4512321,110,220,24887,78,286,34376,253,9012,901908,20456,20456,4270196,105,210,23846,78,286,34376,236,8745,865667,183253,226708,1605020,2014981,1408147,34985,293209,0,10827,339021,334959,67258,402217,85382,102084,14063,19860,221389,29.458333333333332,12,SMU51000002023700001,505107.7,444691.4,22406.8,millions_of_chained_2017_dollars,6,2.7250554730336773,5386,5959,12.82,19.21,4.21,8.66,0,0,0,0,0,0,3.6540384615384616,52,240.00541666666663,1.2673605433996429,12
51,Virginia,2017,South,South Atlantic,51000000,823000000,16.130000000000003,201799,3,5,Virginia,22497,22497,4935703,42,84,8615,124,450,57369,338,10729,745363,20984,20984,4614158,38,76,7697,122,443,56780,321,10355,704745,129288,277927,1480545,1887760,1500489,34065,146982,0,10322,191369,382258,55775,438033,89765,102098,14479,7884,214226,29.958333333333332,12,SMU51000002023700001,515167.2,462372.2,23295.5,millions_of_chained_2017_dollars,6,3.966206687255669,6838,6118,14.56,19.08,4.78,9.02,0,0,0,0,0,0,3.989807692307692,52,245.121,2.131444950027195,12
51,Virginia,2018,South,South Atlantic,49500000,813000000,16.42,201899,3,5,Virginia,21427,21427,4798352,185,370,26202,71,264,33396,271,9916,972562,20397,20397,4572404,184,368,26082,69,256,32338,251,9390,928421,115878,206925,2230230,2553033,1473141,30315,205741,0,9674,245730,423025,70699,493724,95618,113538,15986,27453,252595,30.725,12,SMU51000002023700001,527767.5,479766.6,23424.5,millions_of_chained_2017_dollars,6,0.5537550170633843,7256,7339,17.59,20.110000000000003,4.8,9.66,0,0,0,0,0,0,4.544615384615384,52,251.0995,2.438999514525486,12
51,Virginia,2019,South,South Atlantic,51400000,923000000,17.959999999999997,201999,3,5,Virginia,21056,21056,4668695,145,290,17843,110,408,50707,282,10664,1056508,20122,20122,4481485,144,288,17653,110,408,50707,279,10273,1016736,100648,188348,1241013,1530009,1530674,27524,199759,0,11535,238818,402414,76039,478453,95068,116633,16614,33448,261763,29.7,12,SMU51000002023700001,541028,501770.8,24028.6,millions_of_chained_2017_dollars,6,2.5789237763879536,8251,7812,16.27,20.09,4.41,9.45,0,0,0,0,0,0,3.935769230769231,52,255.65258333333333,1.8132586219141489,12
51,Virginia,2020,South,South Atlantic,53100000,1010000000,18.959999999999997,202099,3,5,Virginia,24238,24238,5295872,223,446,29595,85,320,39785,252,8809,976988,21286,21286,4608091,216,432,27077,84,316,39332,215,7579,841598,111754,195258,1485616,1792628,1412936,26478,70684,0,9148,106310,453471,98990,552461,97178,109933,18651,33110,258872,30.15833333333333,12,SMU51000002023700001,535224.4,530771.6,24451.1,millions_of_chained_2017_dollars,6,1.7583213337439618,9550,7877,11.57,18.39,3.54,8.1,0,0,0,0,0,0,3.111698113207547,53,258.85575,1.2529373358571627,12
51,Virginia,2021,South,South Atlantic,54700000,1050000000,19.25,202199,3,5,Virginia,25118,25118,6210452,251,502,54626,45,156,22161,309,13612,1462963,22974,22974,5706075,241,482,51232,41,143,19897,268,12359,1324821,104619,205367,1939337,2249323,1362099,29546,232844,0,11889,274279,390206,92168,482374,101171,116254,16800,29132,263357,31.075,12,SMU51000002023700001,565790.7,582077.9,25055.9,millions_of_chained_2017_dollars,6,2.4735083493176324,9147,8968,15.96,19.03,4.859999999999999,9.59,0,0,0,0,0,0,2.9576923076923074,52,270.97341666666665,4.681242996018686,12
51,Virginia,2022,South,South Atlantic,50800000,1030000000,20.329999999999995,202299,3,5,Virginia,21130,21130,5772969,180,360,52681,25,86,13282,531,18125,2155320,19734,19734,5438136,179,358,52397,19,68,10189,477,17013,2037704,121585,203579,1744720,2069884,1653407,30449,226712,0,9610,266771,402095,88437,490532,117315,128828,17397,30769,294309,31.8,12,SMU51000002023700001,579301.8,604039.5,23703,millions_of_chained_2017_dollars,6,-5.39952665839184,12468,9026,27.5,23.42,7.13,12.78,0,0,0,0,0,0,5.344038461538461,52,292.62641666666667,7.990820747791694,12
51,Virginia,2023,South,South Atlantic,52000000,1150000000,22.21,202399,3,5,Virginia,21321,21321,5805965,196,392,58417,44,153,16993,317,14230,1552409,20063,20063,5433582,195,390,58297,36,129,14786,295,13973,1519961,80620,219411,2171713,2471744,1576085,37130,108099,0,30400,175629,464853,100700,565553,120985,137310,18036,20095,296426,33.6,12,SMU51000002023700001,599261,645405.9,23706.8,millions_of_chained_2017_dollars,6,0.01603172594186741,15522,10751,23.68,26.130000000000003,4.7700000000000005,11.7,0,0,0,0,0,0,6.806730769230769,52,304.703,4.12696279129503,12
53,Washington,2015,West,Pacific,14200000,201000000,14.21,201599,4,9,Washington,19797,19797,5645496,349,698,124926,212,745,127095,501,19134,2621342,19340,19340,5553301,341,682,122532,210,739,126296,487,18918,2599579,23489,224037,2116077,2363603,658463,80702,35462,0,0,116164,149604,33853,183457,2308,294100,1499,23518,321425,19.316666666666663,12,SMU53000002023700001,476715.4,376360.8,19294.5,millions_of_chained_2017_dollars,6,,6824,7828,16.01,12.75,8.41,9.56,0,0,0,0,,,3.850576923076923,52,237.00175,,12
53,Washington,2016,West,Pacific,15500000,213000000,13.739999999999998,201699,4,9,Washington,22463,22463,6477935,438,876,157995,219,781,128945,597,19957,2351464,22076,22076,6399752,437,874,157672,219,781,128945,591,19797,2327208,24787,426304,1479023,1930114,408692,95397,37134,0,159714,292245,187988,33266,221254,200767,77779,21651,0,300197,19.708333333333332,12,SMU53000002023700001,495724.9,397270.6,21198.2,millions_of_chained_2017_dollars,6,9.866542278887769,7069,9688,13.08,12.99,6.92,8.9,0,0,0,0,0,0,3.6540384615384616,52,240.00541666666663,1.2673605433996429,12
53,Washington,2017,West,Pacific,15800000,222000000,14.08,201799,4,9,Washington,23115,23115,6793348,431,862,152384,233,825,146291,652,20992,2820573,22453,22453,6616566,427,854,151617,231,817,145405,641,20724,2792433,120382,319176,1655980,2095538,642610,82580,54680,0,166484,303744,236977,34861,271838,197986,16033,26860,0,240879,20.283333333333335,12,SMU53000002023700001,527169.4,423017.2,22953.2,millions_of_chained_2017_dollars,6,8.27900482116406,7744,11013,19.5,13.49,6.84,9.75,0,0,0,0,0,0,3.989807692307692,52,245.121,2.131444950027195,12
53,Washington,2018,West,Pacific,15700000,226000000,14.34,201899,4,9,Washington,23676,23676,6950464,644,1288,233261,325,1123,203074,583,21659,2421181,22395,22395,6557638,636,1272,230584,315,1091,198850,554,21183,2366216,55098,412131,1282480,1749709,874641,130677,77553,0,191699,399929,320145,42428,362573,224532,15473,30651,0,270656,20.916666666666668,12,SMU53000002023700001,561785.7,451609.2,24997.8,millions_of_chained_2017_dollars,6,8.907690430963866,8229,10728,19.979999999999997,13.82,6.6,10.31,0,0,0,0,0,0,4.544615384615384,52,251.0995,2.438999514525486,12
53,Washington,2019,West,Pacific,15400000,170000000,10.98,201999,4,9,Washington,23300,23300,6850159,690,1380,263048,317,1118,203838,697,22626,2906010,22074,22074,6469123,675,1350,260053,311,1100,200644,684,22538,2897222,104916,370335,1331915,1807166,805758,147946,94957,0,0,242903,254354,44831,299185,229813,14042,31372,0,275227,21.708333333333332,12,SMU53000002023700001,588794.4,484540.9,25133.2,millions_of_chained_2017_dollars,6,0.5416476649945157,7297,13050,17.72,14.08,6.319999999999999,10.18,0,0,0,0,0,0,3.935769230769231,52,255.65258333333333,1.8132586219141489,12
53,Washington,2020,West,Pacific,15200000,175000000,11.52,202099,4,9,Washington,23542,23542,6846249,528,1056,219323,290,1021,168673,682,18262,2253850,21668,21668,6305588,510,1020,214513,277,980,161917,634,17692,2199741,69182,415733,1317082,1801997,800309,139736,79133,0,0,218869,313791,27154,340945,235791,12740,32188,0,280719,21.266666666666666,12,SMU53000002023700001,587167.8,522862.2,24715.4,millions_of_chained_2017_dollars,6,-1.6623430363025715,6620,12730,12.36,14.89,7.119999999999999,10,0,0,0,0,0,0,3.111698113207547,53,258.85575,1.2529373358571627,12
53,Washington,2021,West,Pacific,16700000,195000000,11.7,202199,4,9,Washington,25076,25076,7541508,767,1534,313042,421,1486,274008,744,28845,4372770,22762,22762,6949008,750,1500,308463,414,1464,270874,683,27923,4254000,69086,328480,1400618,1798184,790292,140540,63724,0,0,204264,356654,40072,396726,222720,12719,30403,0,265842,21.716666666666665,12,SMU53000002023700001,626122.2,572644.9,25835.8,millions_of_chained_2017_dollars,6,4.533206017300939,8626,12648,18.66,17.03,7.56,11.87,0,0,0,0,0,0,2.9576923076923074,52,270.97341666666665,4.681242996018686,12
53,Washington,2022,West,Pacific,16700000,220000000,13.15,202299,4,9,Washington,20400,20400,6978719,709,1418,311537,392,1365,263483,674,25847,3671069,18814,18814,6540509,705,1410,309806,390,1359,262546,606,24990,3586953,37331,442186,1268780,1748297,486754,105602,65614,0,0,171216,308866,37848,346714,189282,19580,0,0,208862,21.591666666666665,12,SMU53000002023700001,643017.6,592733,24036.8,millions_of_chained_2017_dollars,6,-6.963206093869745,9896,12451,29.29,18.08,8.82,14.6,0,0,0,0,0,0,5.344038461538461,52,292.62641666666667,7.990820747791694,12
53,Washington,2023,West,Pacific,16000000,218000000,13.65,202399,4,9,Washington,18056,18056,6551333,640,1280,314643,264,929,184249,562,16832,2467536,16227,16227,5684807,631,1262,311804,258,910,180887,506,15949,2358020,38224,505217,1624065,2167506,537011,133142,81092,0,0,214234,178715,50793,229508,206541,17747,28195,0,252483,20.933333333333337,12,SMU53000002023700001,670977.8,637129.4,23113.5,millions_of_chained_2017_dollars,6,-3.841193503294949,11494,12491,24.72,18.6,10.45,14.29,0,0,0,0,0,0,6.806730769230769,52,304.703,4.12696279129503,12
54,West Virginia,2015,South,South Atlantic,15000000,166000000,11.03,201599,3,5,West Virginia,2029,2029,363816,26,52,5479,39,146,11621,52,587,36267,1881,1881,345165,20,40,4064,29,110,9666,25,390,24268,23203,129640,501198,654041,222475,4135,61785,18116,7546,91582,115859,8017,123876,18769,18792,4011,4772,46344,,,,74261.4,68437.8,3650.9,millions_of_chained_2017_dollars,6,,494,1448,15.41,17.85,2.84,11.38,0,0,0,0,,,3.850576923076923,52,237.00175,,12
54,West Virginia,2016,South,South Atlantic,14300000,161000000,11.239999999999998,201699,3,5,West Virginia,1994,1994,357847,20,40,3543,24,85,5038,39,425,30954,1802,1802,329061,11,22,1382,10,37,2129,20,285,22543,31238,147961,650847,830046,262268,8312,48264,21753,12618,90947,89863,7668,97531,17383,18217,3339,2805,41744,,,,73513.3,68067.9,3243.8,millions_of_chained_2017_dollars,6,-11.150675175984004,321,1340,12.91,19.25,2.21,10.84,0,0,0,0,0,0,3.6540384615384616,52,240.00541666666663,1.2673605433996429,12
54,West Virginia,2017,South,South Atlantic,13400000,146000000,10.86,201799,3,5,West Virginia,2348,2348,433018,33,66,5339,9,36,3136,23,269,21599,2128,2128,407110,22,44,3270,3,12,1385,5,110,8403,55857,145682,615915,817454,245079,8418,33449,25503,8303,75673,62453,7575,70028,20266,21394,1724,2805,46189,,,,75172.4,70797.6,3454.4,millions_of_chained_2017_dollars,6,6.492385473827,286,1504,14.66,19.47,2.96,11.98,0,0,0,0,0,0,3.989807692307692,52,245.121,2.131444950027195,12
54,West Virginia,2018,South,South Atlantic,15600000,175000000,11.18,201899,3,5,West Virginia,2341,2341,449843,14,28,3826,17,62,5910,26,456,40499,2055,2055,411226,9,18,2393,16,59,5711,10,373,34708,10432,170580,1696385,1877397,163385,9923,23971,23572,11271,68737,63756,1267,65023,17360,18692,5716,2704,44472,,,,77406.5,74235,4766.9,millions_of_chained_2017_dollars,6,37.995020842982854,498,1134,17.71,18.75,3.24,12.83,0,0,0,0,0,0,4.544615384615384,52,251.0995,2.438999514525486,12
54,West Virginia,2019,South,South Atlantic,16900000,189000000,11.2,201999,3,5,West Virginia,2551,2551,455456,26,52,6218,51,202,17394,25,205,21048,2384,2384,438071,26,52,6218,50,198,16532,6,108,13573,10759,154103,746030,910892,270843,5730,18313,23269,16532,63844,64927,1267,66194,16724,17303,7215,3488,44730,,,,77162.2,76725,3808.1,millions_of_chained_2017_dollars,6,-20.11370072793639,602,1899,16.38,17.66,2.8,11.85,0,0,0,0,0,0,3.935769230769231,52,255.65258333333333,1.8132586219141489,12
54,West Virginia,2020,South,South Atlantic,13600000,161000000,11.77,202099,3,5,West Virginia,2803,2803,532748,16,32,4978,6,21,1579,18,348,34639,2538,2538,489361,16,32,4978,4,15,1129,15,331,31995,32877,138328,1222107,1393312,481502,8487,11398,30082,13427,63394,112367,1267,113634,25853,10964,939,3418,41174,,,,74729.6,80440.3,3004.3,millions_of_chained_2017_dollars,6,-21.1076389800688,477,2082,11.64,17.86,2.16,10.79,0,0,0,0,0,0,3.111698113207547,53,258.85575,1.2529373358571627,12
54,West Virginia,2021,South,South Atlantic,14200000,166000000,11.7,202199,3,5,West Virginia,3112,3112,701534,42,84,11341,5,18,1765,21,478,63364,2946,2946,682033,42,84,11341,5,18,1765,19,464,61635,25563,118723,626154,770440,355434,7158,37836,25372,21904,92270,65548,1267,66815,28493,8945,1864,3508,42810,,,,76230.8,87322.5,2991,millions_of_chained_2017_dollars,6,-0.4426987983889852,595,1721,16.06,17.79,3.46,12.75,0,0,0,0,0,0,2.9576923076923074,52,270.97341666666665,4.681242996018686,12
54,West Virginia,2022,South,South Atlantic,14000000,182000000,12.97,202299,3,5,West Virginia,2947,2947,705905,43,86,9254,4,15,1770,16,358,43660,2644,2644,655091,43,86,9254,4,15,1770,12,92,8910,30811,165513,992342,1188666,375711,8225,31411,28651,14538,82825,130923,3635,134558,26859,10673,1616,2909,42057,,,,77549.1,88990.1,2627.5,millions_of_chained_2017_dollars,6,-12.153126044801066,949,1565,27.57,19.75,5.54,16.73,0,0,0,0,0,0,5.344038461538461,52,292.62641666666667,7.990820747791694,12
54,West Virginia,2023,South,South Atlantic,14600000,212000000,14.49,202399,3,5,West Virginia,3278,3278,713465,16,32,4710,17,63,4786,28,641,37549,2995,2995,665361,16,32,4710,17,63,4786,26,631,36974,29990,148978,1092940,1271908,456785,8374,32100,29309,17212,86995,135745,3909,139654,32435,12572,2552,4119,51678,,,,80364.9,93771,2780.4,millions_of_chained_2017_dollars,6,5.819219790675545,1148,2416,23.97,21.21,3.92,15.85,0,0,0,0,0,0,6.806730769230769,52,304.703,4.12696279129503,12
55,Wisconsin,2015,Midwest,East North Central,22700000,171000000,7.53,201599,2,3,Wisconsin,9791,9791,2375987,265,530,66140,51,183,20758,290,6289,615497,9066,9066,2234134,254,508,63956,42,156,17701,245,5752,577410,66342,165254,1144880,1376476,68600,50744,88136,32275,0,171155,148361,50824,199185,54889,9767,6962,3869,75487,14.416666666666668,12,SMU55000002023700001,315687.8,266132,12398.5,millions_of_chained_2017_dollars,6,,3852,4809,14.89,22.21,5.4,11.26,160,614,1015116,160,,,3.850576923076923,52,237.00175,,12
55,Wisconsin,2016,Midwest,East North Central,24700000,200000000,8.08,201699,2,3,Wisconsin,10998,10998,2813679,317,634,83325,51,180,22144,286,7462,813487,10263,10263,2652763,293,586,77477,37,136,16423,243,6715,737755,53154,133594,1366327,1553075,90089,60816,71306,34180,0,166302,156118,49346,205464,58501,9570,9125,2711,79907,13.541666666666666,12,SMU55000002023700001,319272.3,270846.6,12804.8,millions_of_chained_2017_dollars,6,3.277009315643009,3739,5620,11.99,21.97,4.83,10.38,160,579,957210,160,160,1015116,3.6540384615384616,52,240.00541666666663,1.2673605433996429,12
55,Wisconsin,2017,Midwest,East North Central,25300000,206000000,8.129999999999999,201799,2,3,Wisconsin,11769,11769,3080289,364,728,105054,29,103,12842,292,6945,712610,10784,10784,2852926,343,686,99414,18,68,8614,248,6203,638814,66030,109377,1104140,1279547,96904,51020,80778,32964,0,164762,146341,42438,188779,53310,9669,8476,2274,73729,14.075,12,SMU55000002023700001,321886.8,281979.5,13297.1,millions_of_chained_2017_dollars,6,3.8446520054979505,4174,5762,14.49,21.959999999999997,5.13,10.77,164,595,959465,164,160,957210,3.989807692307692,52,245.121,2.131444950027195,12
55,Wisconsin,2018,Midwest,East North Central,26300000,213000000,8.129999999999999,201899,2,3,Wisconsin,12039,12039,3219584,427,854,134081,46,177,22626,267,6043,631928,11332,11332,3059188,421,842,131315,41,162,20391,219,5484,586498,30061,112428,830613,973102,89977,59534,89578,35924,0,185036,144397,36468,180865,51691,9925,8308,2397,72321,14.491666666666667,12,SMU55000002023700001,328832.4,295996.8,13728.6,millions_of_chained_2017_dollars,6,3.245068473576951,5476,5143,17.59,21.49,4.96,10.95,165,635,1012497,165,164,959465,4.544615384615384,52,251.0995,2.438999514525486,12
55,Wisconsin,2019,Midwest,East North Central,27800000,185000000,6.6499999999999995,201999,2,3,Wisconsin,11298,11298,3212687,505,1010,156670,28,105,21171,227,5067,577922,11133,11133,3186208,505,1010,156670,28,105,21171,227,5067,577922,20972,97546,1266099,1384617,168483,88630,63924,28596,0,181150,142126,38088,180214,52076,8108,7944,3012,71140,14.8,12,SMU55000002023700001,333256.8,307947.5,13909,millions_of_chained_2017_dollars,6,1.3140451320600821,6536,6062,16.57,21.43,4.819999999999999,10.79,164,624,1057846,164,165,1012497,3.935769230769231,52,255.65258333333333,1.8132586219141489,12
55,Wisconsin,2020,Midwest,East North Central,25100000,186000000,7.4,202099,2,3,Wisconsin,12169,12169,3558161,643,1286,233763,34,133,20744,324,7638,920697,11367,11367,3348825,633,1266,230823,33,130,20134,306,7537,907921,25109,101095,1419488,1545692,179713,57971,49438,6241,0,113650,130796,37251,168047,54782,10326,6654,3767,75529,15.208333333333334,12,SMU55000002023700001,324014.4,327298.4,13805.7,millions_of_chained_2017_dollars,6,-0.7426845927097525,7562,6275,12.21,21.36,4.23,9.97,165,632,1090681,165,164,1057846,3.111698113207547,53,258.85575,1.2529373358571627,12
55,Wisconsin,2021,Midwest,East North Central,25700000,208000000,8.09,202199,2,3,Wisconsin,13199,13199,4368305,725,1450,292842,27,103,20503,418,10692,1303981,12301,12301,4137546,717,1434,289039,27,103,20503,404,10613,1298584,38332,107766,1033733,1179831,180812,59157,35802,8423,0,103382,124995,40713,165708,69850,10279,7865,2979,90973,16.075,12,SMU55000002023700001,334848.6,357005.4,14088.5,millions_of_chained_2017_dollars,6,2.048429271967378,5903,6259,17.259999999999998,22.36,6.659999999999999,12.56,171,677,1144022,171,165,1090681,2.9576923076923074,52,270.97341666666665,4.681242996018686,12
55,Wisconsin,2022,Midwest,East North Central,27100000,284000000,10.5,202299,2,3,Wisconsin,11652,11652,4272184,825,1650,326576,42,163,30661,277,7607,1226210,11608,11608,4260777,825,1650,326576,42,163,30661,277,7607,1226210,28998,104661,1133093,1266752,194823,59397,29361,9476,0,98234,134233,44047,178280,68495,14273,7528,3436,93732,17.175,12,SMU55000002023700001,341875.2,365050.1,13087,millions_of_chained_2017_dollars,6,-7.108634702061966,6000,6737,28.110000000000003,24.88,8.139999999999999,15.66,169,731,1285006,169,171,1144022,5.344038461538461,52,292.62641666666667,7.990820747791694,12
55,Wisconsin,2023,Midwest,East North Central,27600000,291000000,10.52,202399,2,3,Wisconsin,11465,11465,4311030,789,1578,340277,58,226,54822,257,8225,1266748,11219,11219,4241240,777,1554,335226,58,226,54822,255,8209,1264212,16202,114233,1388141,1518576,212237,59332,32542,10580,0,102454,143520,70978,214498,71195,13649,8195,3890,96929,17.533333333333335,12,SMU55000002023700001,347108.2,384719.8,13173.9,millions_of_chained_2017_dollars,6,0.6640177275158532,6879,8799,23.4,25.43,6.54,14.47,168,705,1243170,168,169,1285006,6.806730769230769,52,304.703,4.12696279129503,12
56,Wyoming,2015,West,Mountain,18300000,52800000,2.88,201599,4,8,Wyoming,1681,1681,585956,20,40,8761,26,98,6254,6,84,6695,1618,1618,570968,19,38,8467,26,98,6254,6,84,6695,5816,43001,358548,407365,56735,14482,21852,784,0,37118,78949,8131,87080,22465,17449,2334,187,42435,6.266666666666667,12,SMU56000002023700001,40063.9,32755.6,2414.1,millions_of_chained_2017_dollars,6,,946,1590,14.62,19.8,4.78,10.64,8,70,147883,8,,,3.850576923076923,52,237.00175,,12
56,Wyoming,2016,West,Mountain,9950000,46000000,4.619999999999999,201699,4,8,Wyoming,1549,1549,547451,15,30,7829,9,33,3305,9,115,11833,1492,1492,533538,15,30,7829,9,33,3305,9,115,11833,5947,43598,263772,313317,65775,14149,26756,1763,0,42668,43189,7614,50803,22327,17342,2320,186,42175,5.233333333333333,12,SMU56000002023700001,37853.5,31090.1,2147.4,millions_of_chained_2017_dollars,6,-11.04759537715918,585,1472,11.76,20.29,3.69,9.07,9,82,162838,9,8,147883,3.6540384615384616,52,240.00541666666663,1.2673605433996429,12
56,Wyoming,2017,West,Mountain,9850000,49700000,5.05,201799,4,8,Wyoming,1464,1464,474373,36,72,10569,29,111,8525,18,279,32784,1359,1359,443473,31,62,7452,26,100,8098,15,261,30573,3520,48517,268571,320608,51272,16292,30208,2079,0,48579,36621,7334,43955,22103,17168,2296,184,41751,4.583333333333333,12,SMU56000002023700001,37620.3,32487.4,1936.4,millions_of_chained_2017_dollars,6,-9.82583589457018,474,971,14.51,20.27,4.04,9.77,10,85,169296,10,9,162838,3.989807692307692,52,245.121,2.131444950027195,12
56,Wyoming,2018,West,Mountain,9330000,53000000,5.67,201899,4,8,Wyoming,1533,1533,564072,21,42,6086,20,68,6108,13,169,16931,1381,1381,519781,18,36,4216,18,62,5875,9,144,13770,5394,50588,290601,346583,53393,13013,27847,1886,0,42746,22314,7875,30189,20830,16816,2164,173,39983,5.666666666666667,12,SMU56000002023700001,37977.2,34025.2,1978.7,millions_of_chained_2017_dollars,6,2.1844660194174637,351,876,18.16,19.66,3.69,10.03,10,108,223840,10,10,169296,4.544615384615384,52,251.0995,2.438999514525486,12
56,Wyoming,2019,West,Mountain,10900000,68000000,6.25,201999,4,8,Wyoming,1521,1521,517654,35,70,10121,15,54,4917,9,63,8321,1402,1402,483285,28,56,5758,10,38,4089,6,42,5250,2271,49249,322714,374234,57971,14977,31698,1747,0,48422,34477,7675,42152,22022,17105,2288,183,41598,7.408333333333333,12,SMU56000002023700001,38577.1,35585.6,2250.1,millions_of_chained_2017_dollars,6,13.716076211654116,479,774,16.279999999999998,19.71,3.64,9.58,11,114,248726,11,10,223840,3.935769230769231,52,255.65258333333333,1.8132586219141489,12
56,Wyoming,2020,West,Mountain,9560000,68300000,7.14,202099,4,8,Wyoming,1768,1768,655245,29,58,16037,14,49,3817,19,253,28760,1596,1596,606671,18,36,10242,7,28,2943,16,232,25689,5662,57209,367188,430059,53913,17418,39924,1768,0,59110,15468,9526,24994,23137,17971,2404,192,43704,6.116666666666666,12,SMU56000002023700001,36463.5,37602.9,2113.3,millions_of_chained_2017_dollars,6,-6.079729789787114,676,691,11.45,20.16,3.87,8.9,12,129,276259,12,11,248726,3.111698113207547,53,258.85575,1.2529373358571627,12
56,Wyoming,2021,West,Mountain,7440000,64500000,8.67,202199,4,8,Wyoming,2158,2158,989013,48,96,18960,44,165,13186,24,287,36967,1981,1981,936260,38,76,12727,39,150,12604,23,282,35927,4405,55964,324545,384914,55934,15979,24694,855,0,41528,27415,10797,38212,22433,17424,2331,186,42374,5.308333333333334,12,SMU56000002023700001,37182.6,41420.5,2088.7,millions_of_chained_2017_dollars,6,-1.1640562153977352,792,871,18.38,20.01,5.45,11.4,12,129,276790,12,12,276259,2.9576923076923074,52,270.97341666666665,4.681242996018686,12
56,Wyoming,2022,West,Mountain,7160000,63100000,8.81,202299,4,8,Wyoming,1925,1925,1021735,41,82,16911,53,204,25819,20,794,59622,1746,1746,976180,37,74,15595,53,204,25819,20,794,59622,8094,55433,379789,443316,65805,15150,22080,978,0,38208,16305,9666,25971,22305,18572,2317,185,43379,4.933333333333334,12,SMU56000002023700001,37690.6,45259.3,1892.6,millions_of_chained_2017_dollars,6,-9.388614927945603,769,1325,28.83,20.19,8.129999999999999,14.39,9,122,267965,9,12,276790,5.344038461538461,52,292.62641666666667,7.990820747791694,12
56,Wyoming,2023,West,Mountain,8510000,71100000,8.360000000000001,202399,4,8,Wyoming,1418,1418,540480,35,70,11852,36,135,16173,8,58,6784,1314,1314,515417,31,62,10536,32,123,15373,5,43,5534,1537,54257,499509,555303,68750,15906,40066,437,0,56409,30659,10682,41341,27819,22148,2890,231,53088,5.675,12,SMU56000002023700001,39843.2,48583,1965.9,millions_of_chained_2017_dollars,6,3.8729789707281137,783,1383,23.459999999999997,20.68,6.18,12.48,10,122,265907,10,9,267965,6.806730769230769,52,304.703,4.12696279129503,12
