model,track,state_fips,state,year,actual,predicted,naive,training_state_mean,train_rows,train_max_year,train_min_year,feature_set,smearing,clipped_predictions
naive_prior_year,lagged,01,Alabama,2019,41100000,36900000,36900000,36825000,140,2018,2016,,1,0
naive_prior_year,lagged,02,Alaska,2019,1540000,1400000,1400000,1062500,140,2018,2016,,1,0
naive_prior_year,lagged,04,Arizona,2019,10900000,11800000,11800000,10330000,140,2018,2016,,1,0
naive_prior_year,lagged,05,Arkansas,2019,29600000,29000000,29000000,29275000,140,2018,2016,,1,0
naive_prior_year,lagged,06,California,2019,41900000,41100000,41100000,39025000,140,2018,2016,,1,0
naive_prior_year,lagged,08,Colorado,2019,16600000,14800000,14800000,15150000,140,2018,2016,,1,0
naive_prior_year,lagged,09,Connecticut,2019,10500000,9520000,9520000,9547500,140,2018,2016,,1,0
naive_prior_year,lagged,12,Florida,2019,81300000,76800000,76800000,73675000,140,2018,2016,,1,0
naive_prior_year,lagged,13,Georgia,2019,57600000,53300000,53300000,52075000,140,2018,2016,,1,0
naive_prior_year,lagged,15,Hawaii,2019,5770000,4680000,4680000,5040000,140,2018,2016,,1,0
naive_prior_year,lagged,16,Idaho,2019,4210000,4600000,4600000,4622500,140,2018,2016,,1,0
naive_prior_year,lagged,17,Illinois,2019,49800000,48600000,48600000,50700000,140,2018,2016,,1,0
naive_prior_year,lagged,18,Indiana,2019,51400000,50300000,50300000,49050000,140,2018,2016,,1,0
naive_prior_year,lagged,19,Iowa,2019,41700000,39200000,39200000,38000000,140,2018,2016,,1,0
naive_prior_year,lagged,20,Kansas,2019,15100000,15400000,15400000,16575000,140,2018,2016,,1,0
naive_prior_year,lagged,21,Kentucky,2019,52100000,49700000,49700000,51475000,140,2018,2016,,1,0
naive_prior_year,lagged,23,Maine,2019,4500000,4040000,4040000,4245000,140,2018,2016,,1,0
naive_prior_year,lagged,24,Maryland,2019,25700000,22500000,22500000,22900000,140,2018,2016,,1,0
naive_prior_year,lagged,26,Michigan,2019,35400000,37400000,37400000,35375000,140,2018,2016,,1,0
naive_prior_year,lagged,27,Minnesota,2019,8010000,7710000,7710000,7487500,140,2018,2016,,1,0
naive_prior_year,lagged,28,Mississippi,2019,2090000,2060000,2060000,2055000,140,2018,2016,,1,0
naive_prior_year,lagged,29,Missouri,2019,74000000,71400000,71400000,72200000,140,2018,2016,,1,0
naive_prior_year,lagged,30,Montana,2019,2900000,2760000,2760000,2767500,140,2018,2016,,1,0
naive_prior_year,lagged,32,Nevada,2019,12400000,12200000,12200000,10572500,140,2018,2016,,1,0
naive_prior_year,lagged,33,New Hampshire,2019,5430000,5250000,5250000,5412500,140,2018,2016,,1,0
naive_prior_year,lagged,34,New Jersey,2019,18400000,17800000,17800000,17350000,140,2018,2016,,1,0
naive_prior_year,lagged,35,New Mexico,2019,4220000,4300000,4300000,4670000,140,2018,2016,,1,0
naive_prior_year,lagged,36,New York,2019,39100000,39800000,39800000,38950000,140,2018,2016,,1,0
naive_prior_year,lagged,37,North Carolina,2019,60700000,56100000,56100000,54900000,140,2018,2016,,1,0
naive_prior_year,lagged,38,North Dakota,2019,337000,326000,326000,568750,140,2018,2016,,1,0
naive_prior_year,lagged,39,Ohio,2019,67900000,66000000,66000000,61550000,140,2018,2016,,1,0
naive_prior_year,lagged,40,Oklahoma,2019,38400000,36800000,36800000,37050000,140,2018,2016,,1,0
naive_prior_year,lagged,42,Pennsylvania,2019,95500000,87600000,87600000,88250000,140,2018,2016,,1,0
naive_prior_year,lagged,44,Rhode Island,2019,1930000,1800000,1800000,2167500,140,2018,2016,,1,0
naive_prior_year,lagged,45,South Carolina,2019,29200000,27500000,27500000,27100000,140,2018,2016,,1,0
naive_prior_year,lagged,46,South Dakota,2019,6940000,6520000,6520000,6597500,140,2018,2016,,1,0
naive_prior_year,lagged,47,Tennessee,2019,50400000,45100000,45100000,43750000,140,2018,2016,,1,0
naive_prior_year,lagged,48,Texas,2019,191000000,178000000,178000000,163500000,140,2018,2016,,1,0
naive_prior_year,lagged,49,Utah,2019,10800000,10100000,10100000,9020000,140,2018,2016,,1,0
naive_prior_year,lagged,50,Vermont,2019,5400000,5080000,5080000,4832500,140,2018,2016,,1,0
naive_prior_year,lagged,51,Virginia,2019,51400000,49500000,49500000,49750000,140,2018,2016,,1,0
naive_prior_year,lagged,53,Washington,2019,15400000,15700000,15700000,15300000,140,2018,2016,,1,0
naive_prior_year,lagged,54,West Virginia,2019,16900000,15600000,15600000,14575000,140,2018,2016,,1,0
naive_prior_year,lagged,55,Wisconsin,2019,27800000,26300000,26300000,24750000,140,2018,2016,,1,0
naive_prior_year,lagged,56,Wyoming,2019,10900000,9330000,9330000,11857500,140,2018,2016,,1,0
naive_prior_year,lagged,01,Alabama,2020,40700000,41100000,41100000,37680000,185,2019,2016,,1,0
naive_prior_year,lagged,02,Alaska,2020,1530000,1540000,1540000,1158000,185,2019,2016,,1,0
naive_prior_year,lagged,04,Arizona,2020,11000000,10900000,10900000,10444000,185,2019,2016,,1,0
naive_prior_year,lagged,05,Arkansas,2020,31100000,29600000,29600000,29340000,185,2019,2016,,1,0
naive_prior_year,lagged,06,California,2020,40300000,41900000,41900000,39600000,185,2019,2016,,1,0
naive_prior_year,lagged,08,Colorado,2020,17300000,16600000,16600000,15440000,185,2019,2016,,1,0
naive_prior_year,lagged,09,Connecticut,2020,10300000,10500000,10500000,9738000,185,2019,2016,,1,0
naive_prior_year,lagged,12,Florida,2020,83400000,81300000,81300000,75200000,185,2019,2016,,1,0
naive_prior_year,lagged,13,Georgia,2020,59300000,57600000,57600000,53180000,185,2019,2016,,1,0
naive_prior_year,lagged,15,Hawaii,2020,5880000,5770000,5770000,5186000,185,2019,2016,,1,0
naive_prior_year,lagged,16,Idaho,2020,4620000,4210000,4210000,4540000,185,2019,2016,,1,0
naive_prior_year,lagged,17,Illinois,2020,53700000,49800000,49800000,50520000,185,2019,2016,,1,0
naive_prior_year,lagged,18,Indiana,2020,52400000,51400000,51400000,49520000,185,2019,2016,,1,0
naive_prior_year,lagged,19,Iowa,2020,39600000,41700000,41700000,38740000,185,2019,2016,,1,0
naive_prior_year,lagged,20,Kansas,2020,17800000,15100000,15100000,16280000,185,2019,2016,,1,0
naive_prior_year,lagged,21,Kentucky,2020,50000000,52100000,52100000,51600000,185,2019,2016,,1,0
naive_prior_year,lagged,23,Maine,2020,4690000,4500000,4500000,4296000,185,2019,2016,,1,0
naive_prior_year,lagged,24,Maryland,2020,24600000,25700000,25700000,23460000,185,2019,2016,,1,0
naive_prior_year,lagged,25,Massachusetts,2020,13000000,13400000,13400000,12980000,185,2019,2016,,1,0
naive_prior_year,lagged,26,Michigan,2020,32800000,35400000,35400000,35380000,185,2019,2016,,1,0
naive_prior_year,lagged,27,Minnesota,2020,8580000,8010000,8010000,7592000,185,2019,2016,,1,0
naive_prior_year,lagged,28,Mississippi,2020,1320000,2090000,2090000,2062000,185,2019,2016,,1,0
naive_prior_year,lagged,29,Missouri,2020,81700000,74000000,74000000,72560000,185,2019,2016,,1,0
naive_prior_year,lagged,30,Montana,2020,2890000,2900000,2900000,2794000,185,2019,2016,,1,0
naive_prior_year,lagged,32,Nevada,2020,11200000,12400000,12400000,10938000,185,2019,2016,,1,0
naive_prior_year,lagged,33,New Hampshire,2020,5310000,5430000,5430000,5416000,185,2019,2016,,1,0
naive_prior_year,lagged,34,New Jersey,2020,17300000,18400000,18400000,17560000,185,2019,2016,,1,0
naive_prior_year,lagged,35,New Mexico,2020,4930000,4220000,4220000,4580000,185,2019,2016,,1,0
naive_prior_year,lagged,36,New York,2020,36700000,39100000,39100000,38980000,185,2019,2016,,1,0
naive_prior_year,lagged,37,North Carolina,2020,55900000,60700000,60700000,56060000,185,2019,2016,,1,0
naive_prior_year,lagged,38,North Dakota,2020,411000,337000,337000,522400,185,2019,2016,,1,0
naive_prior_year,lagged,39,Ohio,2020,66800000,67900000,67900000,62820000,185,2019,2016,,1,0
naive_prior_year,lagged,40,Oklahoma,2020,38300000,38400000,38400000,37320000,185,2019,2016,,1,0
naive_prior_year,lagged,42,Pennsylvania,2020,88500000,95500000,95500000,89700000,185,2019,2016,,1,0
naive_prior_year,lagged,44,Rhode Island,2020,2030000,1930000,1930000,2120000,185,2019,2016,,1,0
naive_prior_year,lagged,45,South Carolina,2020,27900000,29200000,29200000,27520000,185,2019,2016,,1,0
naive_prior_year,lagged,46,South Dakota,2020,8000000,6940000,6940000,6666000,185,2019,2016,,1,0
naive_prior_year,lagged,47,Tennessee,2020,52300000,50400000,50400000,45080000,185,2019,2016,,1,0
naive_prior_year,lagged,48,Texas,2020,189000000,191000000,191000000,169000000,185,2019,2016,,1,0
naive_prior_year,lagged,49,Utah,2020,12300000,10800000,10800000,9376000,185,2019,2016,,1,0
naive_prior_year,lagged,50,Vermont,2020,5230000,5400000,5400000,4946000,185,2019,2016,,1,0
naive_prior_year,lagged,51,Virginia,2020,53100000,51400000,51400000,50080000,185,2019,2016,,1,0
naive_prior_year,lagged,53,Washington,2020,15200000,15400000,15400000,15320000,185,2019,2016,,1,0
naive_prior_year,lagged,54,West Virginia,2020,13600000,16900000,16900000,15040000,185,2019,2016,,1,0
naive_prior_year,lagged,55,Wisconsin,2020,25100000,27800000,27800000,25360000,185,2019,2016,,1,0
naive_prior_year,lagged,56,Wyoming,2020,9560000,10900000,10900000,11666000,185,2019,2016,,1,0
naive_prior_year,lagged,01,Alabama,2021,43800000,40700000,40700000,38183333.333333336,231,2020,2016,,1,0
naive_prior_year,lagged,02,Alaska,2021,807000,1530000,1530000,1220000,231,2020,2016,,1,0
naive_prior_year,lagged,04,Arizona,2021,11400000,11000000,11000000,10536666.666666666,231,2020,2016,,1,0
naive_prior_year,lagged,05,Arkansas,2021,34100000,31100000,31100000,29633333.333333332,231,2020,2016,,1,0
naive_prior_year,lagged,06,California,2021,38300000,40300000,40300000,39716666.666666664,231,2020,2016,,1,0
naive_prior_year,lagged,08,Colorado,2021,17000000,17300000,17300000,15750000,231,2020,2016,,1,0
naive_prior_year,lagged,09,Connecticut,2021,10400000,10300000,10300000,9831666.666666666,231,2020,2016,,1,0
naive_prior_year,lagged,12,Florida,2021,86600000,83400000,83400000,76566666.66666667,231,2020,2016,,1,0
naive_prior_year,lagged,13,Georgia,2021,61200000,59300000,59300000,54200000,231,2020,2016,,1,0
naive_prior_year,lagged,15,Hawaii,2021,5850000,5880000,5880000,5301666.666666667,231,2020,2016,,1,0
naive_prior_year,lagged,16,Idaho,2021,5370000,4620000,4620000,4553333.333333333,231,2020,2016,,1,0
naive_prior_year,lagged,17,Illinois,2021,51500000,53700000,53700000,51050000,231,2020,2016,,1,0
naive_prior_year,lagged,18,Indiana,2021,52300000,52400000,52400000,50000000,231,2020,2016,,1,0
naive_prior_year,lagged,19,Iowa,2021,35600000,39600000,39600000,38883333.333333336,231,2020,2016,,1,0
naive_prior_year,lagged,20,Kansas,2021,19400000,17800000,17800000,16533333.333333334,231,2020,2016,,1,0
naive_prior_year,lagged,21,Kentucky,2021,51100000,50000000,50000000,51333333.333333336,231,2020,2016,,1,0
naive_prior_year,lagged,23,Maine,2021,4700000,4690000,4690000,4361666.666666667,231,2020,2016,,1,0
naive_prior_year,lagged,24,Maryland,2021,25700000,24600000,24600000,23650000,231,2020,2016,,1,0
naive_prior_year,lagged,26,Michigan,2021,36000000,32800000,32800000,34950000,231,2020,2016,,1,0
naive_prior_year,lagged,27,Minnesota,2021,9130000,8580000,8580000,7756666.666666667,231,2020,2016,,1,0
naive_prior_year,lagged,28,Mississippi,2021,1320000,1320000,1320000,1938333.3333333333,231,2020,2016,,1,0
naive_prior_year,lagged,29,Missouri,2021,85500000,81700000,81700000,74083333.33333333,231,2020,2016,,1,0
naive_prior_year,lagged,30,Montana,2021,2890000,2890000,2890000,2810000,231,2020,2016,,1,0
naive_prior_year,lagged,32,Nevada,2021,9960000,11200000,11200000,10981666.666666666,231,2020,2016,,1,0
naive_prior_year,lagged,33,New Hampshire,2021,5070000,5310000,5310000,5398333.333333333,231,2020,2016,,1,0
naive_prior_year,lagged,34,New Jersey,2021,17700000,17300000,17300000,17516666.666666668,231,2020,2016,,1,0
naive_prior_year,lagged,35,New Mexico,2021,4270000,4930000,4930000,4638333.333333333,231,2020,2016,,1,0
naive_prior_year,lagged,36,New York,2021,40600000,36700000,36700000,38600000,231,2020,2016,,1,0
naive_prior_year,lagged,37,North Carolina,2021,62300000,55900000,55900000,56033333.333333336,231,2020,2016,,1,0
naive_prior_year,lagged,38,North Dakota,2021,321000,411000,411000,503833.3333333333,231,2020,2016,,1,0
naive_prior_year,lagged,39,Ohio,2021,72600000,66800000,66800000,63483333.333333336,231,2020,2016,,1,0
naive_prior_year,lagged,40,Oklahoma,2021,41500000,38300000,38300000,37483333.333333336,231,2020,2016,,1,0
naive_prior_year,lagged,41,Oregon,2021,21600000,20200000,20200000,20266666.666666668,231,2020,2016,,1,0
naive_prior_year,lagged,42,Pennsylvania,2021,93400000,88500000,88500000,89500000,231,2020,2016,,1,0
naive_prior_year,lagged,44,Rhode Island,2021,2150000,2030000,2030000,2105000,231,2020,2016,,1,0
naive_prior_year,lagged,45,South Carolina,2021,31000000,27900000,27900000,27583333.333333332,231,2020,2016,,1,0
naive_prior_year,lagged,46,South Dakota,2021,8300000,8000000,8000000,6888333.333333333,231,2020,2016,,1,0
naive_prior_year,lagged,47,Tennessee,2021,56900000,52300000,52300000,46283333.333333336,231,2020,2016,,1,0
naive_prior_year,lagged,48,Texas,2021,190000000,189000000,189000000,172333333.33333334,231,2020,2016,,1,0
naive_prior_year,lagged,49,Utah,2021,13200000,12300000,12300000,9863333.333333334,231,2020,2016,,1,0
naive_prior_year,lagged,50,Vermont,2021,5320000,5230000,5230000,4993333.333333333,231,2020,2016,,1,0
naive_prior_year,lagged,51,Virginia,2021,54700000,53100000,53100000,50583333.333333336,231,2020,2016,,1,0
naive_prior_year,lagged,53,Washington,2021,16700000,15200000,15200000,15300000,231,2020,2016,,1,0
naive_prior_year,lagged,54,West Virginia,2021,14200000,13600000,13600000,14800000,231,2020,2016,,1,0
naive_prior_year,lagged,55,Wisconsin,2021,25700000,25100000,25100000,25316666.666666668,231,2020,2016,,1,0
naive_prior_year,lagged,56,Wyoming,2021,7440000,9560000,9560000,11315000,231,2020,2016,,1,0
state_historical_mean,lagged,01,Alabama,2019,41100000,36825000,36900000,36825000,140,2018,2016,,1,0
state_historical_mean,lagged,02,Alaska,2019,1540000,1062500,1400000,1062500,140,2018,2016,,1,0
state_historical_mean,lagged,04,Arizona,2019,10900000,10330000,11800000,10330000,140,2018,2016,,1,0
state_historical_mean,lagged,05,Arkansas,2019,29600000,29275000,29000000,29275000,140,2018,2016,,1,0
state_historical_mean,lagged,06,California,2019,41900000,39025000,41100000,39025000,140,2018,2016,,1,0
state_historical_mean,lagged,08,Colorado,2019,16600000,15150000,14800000,15150000,140,2018,2016,,1,0
state_historical_mean,lagged,09,Connecticut,2019,10500000,9547500,9520000,9547500,140,2018,2016,,1,0
state_historical_mean,lagged,12,Florida,2019,81300000,73675000,76800000,73675000,140,2018,2016,,1,0
state_historical_mean,lagged,13,Georgia,2019,57600000,52075000,53300000,52075000,140,2018,2016,,1,0
state_historical_mean,lagged,15,Hawaii,2019,5770000,5040000,4680000,5040000,140,2018,2016,,1,0
state_historical_mean,lagged,16,Idaho,2019,4210000,4622500,4600000,4622500,140,2018,2016,,1,0
state_historical_mean,lagged,17,Illinois,2019,49800000,50700000,48600000,50700000,140,2018,2016,,1,0
state_historical_mean,lagged,18,Indiana,2019,51400000,49050000,50300000,49050000,140,2018,2016,,1,0
state_historical_mean,lagged,19,Iowa,2019,41700000,38000000,39200000,38000000,140,2018,2016,,1,0
state_historical_mean,lagged,20,Kansas,2019,15100000,16575000,15400000,16575000,140,2018,2016,,1,0
state_historical_mean,lagged,21,Kentucky,2019,52100000,51475000,49700000,51475000,140,2018,2016,,1,0
state_historical_mean,lagged,23,Maine,2019,4500000,4245000,4040000,4245000,140,2018,2016,,1,0
state_historical_mean,lagged,24,Maryland,2019,25700000,22900000,22500000,22900000,140,2018,2016,,1,0
state_historical_mean,lagged,26,Michigan,2019,35400000,35375000,37400000,35375000,140,2018,2016,,1,0
state_historical_mean,lagged,27,Minnesota,2019,8010000,7487500,7710000,7487500,140,2018,2016,,1,0
state_historical_mean,lagged,28,Mississippi,2019,2090000,2055000,2060000,2055000,140,2018,2016,,1,0
state_historical_mean,lagged,29,Missouri,2019,74000000,72200000,71400000,72200000,140,2018,2016,,1,0
state_historical_mean,lagged,30,Montana,2019,2900000,2767500,2760000,2767500,140,2018,2016,,1,0
state_historical_mean,lagged,32,Nevada,2019,12400000,10572500,12200000,10572500,140,2018,2016,,1,0
state_historical_mean,lagged,33,New Hampshire,2019,5430000,5412500,5250000,5412500,140,2018,2016,,1,0
state_historical_mean,lagged,34,New Jersey,2019,18400000,17350000,17800000,17350000,140,2018,2016,,1,0
state_historical_mean,lagged,35,New Mexico,2019,4220000,4670000,4300000,4670000,140,2018,2016,,1,0
state_historical_mean,lagged,36,New York,2019,39100000,38950000,39800000,38950000,140,2018,2016,,1,0
state_historical_mean,lagged,37,North Carolina,2019,60700000,54900000,56100000,54900000,140,2018,2016,,1,0
state_historical_mean,lagged,38,North Dakota,2019,337000,568750,326000,568750,140,2018,2016,,1,0
state_historical_mean,lagged,39,Ohio,2019,67900000,61550000,66000000,61550000,140,2018,2016,,1,0
state_historical_mean,lagged,40,Oklahoma,2019,38400000,37050000,36800000,37050000,140,2018,2016,,1,0
state_historical_mean,lagged,42,Pennsylvania,2019,95500000,88250000,87600000,88250000,140,2018,2016,,1,0
state_historical_mean,lagged,44,Rhode Island,2019,1930000,2167500,1800000,2167500,140,2018,2016,,1,0
state_historical_mean,lagged,45,South Carolina,2019,29200000,27100000,27500000,27100000,140,2018,2016,,1,0
state_historical_mean,lagged,46,South Dakota,2019,6940000,6597500,6520000,6597500,140,2018,2016,,1,0
state_historical_mean,lagged,47,Tennessee,2019,50400000,43750000,45100000,43750000,140,2018,2016,,1,0
state_historical_mean,lagged,48,Texas,2019,191000000,163500000,178000000,163500000,140,2018,2016,,1,0
state_historical_mean,lagged,49,Utah,2019,10800000,9020000,10100000,9020000,140,2018,2016,,1,0
state_historical_mean,lagged,50,Vermont,2019,5400000,4832500,5080000,4832500,140,2018,2016,,1,0
state_historical_mean,lagged,51,Virginia,2019,51400000,49750000,49500000,49750000,140,2018,2016,,1,0
state_historical_mean,lagged,53,Washington,2019,15400000,15300000,15700000,15300000,140,2018,2016,,1,0
state_historical_mean,lagged,54,West Virginia,2019,16900000,14575000,15600000,14575000,140,2018,2016,,1,0
state_historical_mean,lagged,55,Wisconsin,2019,27800000,24750000,26300000,24750000,140,2018,2016,,1,0
state_historical_mean,lagged,56,Wyoming,2019,10900000,11857500,9330000,11857500,140,2018,2016,,1,0
state_historical_mean,lagged,01,Alabama,2020,40700000,37680000,41100000,37680000,185,2019,2016,,1,0
state_historical_mean,lagged,02,Alaska,2020,1530000,1158000,1540000,1158000,185,2019,2016,,1,0
state_historical_mean,lagged,04,Arizona,2020,11000000,10444000,10900000,10444000,185,2019,2016,,1,0
state_historical_mean,lagged,05,Arkansas,2020,31100000,29340000,29600000,29340000,185,2019,2016,,1,0
state_historical_mean,lagged,06,California,2020,40300000,39600000,41900000,39600000,185,2019,2016,,1,0
state_historical_mean,lagged,08,Colorado,2020,17300000,15440000,16600000,15440000,185,2019,2016,,1,0
state_historical_mean,lagged,09,Connecticut,2020,10300000,9738000,10500000,9738000,185,2019,2016,,1,0
state_historical_mean,lagged,12,Florida,2020,83400000,75200000,81300000,75200000,185,2019,2016,,1,0
state_historical_mean,lagged,13,Georgia,2020,59300000,53180000,57600000,53180000,185,2019,2016,,1,0
state_historical_mean,lagged,15,Hawaii,2020,5880000,5186000,5770000,5186000,185,2019,2016,,1,0
state_historical_mean,lagged,16,Idaho,2020,4620000,4540000,4210000,4540000,185,2019,2016,,1,0
state_historical_mean,lagged,17,Illinois,2020,53700000,50520000,49800000,50520000,185,2019,2016,,1,0
state_historical_mean,lagged,18,Indiana,2020,52400000,49520000,51400000,49520000,185,2019,2016,,1,0
state_historical_mean,lagged,19,Iowa,2020,39600000,38740000,41700000,38740000,185,2019,2016,,1,0
state_historical_mean,lagged,20,Kansas,2020,17800000,16280000,15100000,16280000,185,2019,2016,,1,0
state_historical_mean,lagged,21,Kentucky,2020,50000000,51600000,52100000,51600000,185,2019,2016,,1,0
state_historical_mean,lagged,23,Maine,2020,4690000,4296000,4500000,4296000,185,2019,2016,,1,0
state_historical_mean,lagged,24,Maryland,2020,24600000,23460000,25700000,23460000,185,2019,2016,,1,0
state_historical_mean,lagged,25,Massachusetts,2020,13000000,12980000,13400000,12980000,185,2019,2016,,1,0
state_historical_mean,lagged,26,Michigan,2020,32800000,35380000,35400000,35380000,185,2019,2016,,1,0
state_historical_mean,lagged,27,Minnesota,2020,8580000,7592000,8010000,7592000,185,2019,2016,,1,0
state_historical_mean,lagged,28,Mississippi,2020,1320000,2062000,2090000,2062000,185,2019,2016,,1,0
state_historical_mean,lagged,29,Missouri,2020,81700000,72560000,74000000,72560000,185,2019,2016,,1,0
state_historical_mean,lagged,30,Montana,2020,2890000,2794000,2900000,2794000,185,2019,2016,,1,0
state_historical_mean,lagged,32,Nevada,2020,11200000,10938000,12400000,10938000,185,2019,2016,,1,0
state_historical_mean,lagged,33,New Hampshire,2020,5310000,5416000,5430000,5416000,185,2019,2016,,1,0
state_historical_mean,lagged,34,New Jersey,2020,17300000,17560000,18400000,17560000,185,2019,2016,,1,0
state_historical_mean,lagged,35,New Mexico,2020,4930000,4580000,4220000,4580000,185,2019,2016,,1,0
state_historical_mean,lagged,36,New York,2020,36700000,38980000,39100000,38980000,185,2019,2016,,1,0
state_historical_mean,lagged,37,North Carolina,2020,55900000,56060000,60700000,56060000,185,2019,2016,,1,0
state_historical_mean,lagged,38,North Dakota,2020,411000,522400,337000,522400,185,2019,2016,,1,0
state_historical_mean,lagged,39,Ohio,2020,66800000,62820000,67900000,62820000,185,2019,2016,,1,0
state_historical_mean,lagged,40,Oklahoma,2020,38300000,37320000,38400000,37320000,185,2019,2016,,1,0
state_historical_mean,lagged,42,Pennsylvania,2020,88500000,89700000,95500000,89700000,185,2019,2016,,1,0
state_historical_mean,lagged,44,Rhode Island,2020,2030000,2120000,1930000,2120000,185,2019,2016,,1,0
state_historical_mean,lagged,45,South Carolina,2020,27900000,27520000,29200000,27520000,185,2019,2016,,1,0
state_historical_mean,lagged,46,South Dakota,2020,8000000,6666000,6940000,6666000,185,2019,2016,,1,0
state_historical_mean,lagged,47,Tennessee,2020,52300000,45080000,50400000,45080000,185,2019,2016,,1,0
state_historical_mean,lagged,48,Texas,2020,189000000,169000000,191000000,169000000,185,2019,2016,,1,0
state_historical_mean,lagged,49,Utah,2020,12300000,9376000,10800000,9376000,185,2019,2016,,1,0
state_historical_mean,lagged,50,Vermont,2020,5230000,4946000,5400000,4946000,185,2019,2016,,1,0
state_historical_mean,lagged,51,Virginia,2020,53100000,50080000,51400000,50080000,185,2019,2016,,1,0
state_historical_mean,lagged,53,Washington,2020,15200000,15320000,15400000,15320000,185,2019,2016,,1,0
state_historical_mean,lagged,54,West Virginia,2020,13600000,15040000,16900000,15040000,185,2019,2016,,1,0
state_historical_mean,lagged,55,Wisconsin,2020,25100000,25360000,27800000,25360000,185,2019,2016,,1,0
state_historical_mean,lagged,56,Wyoming,2020,9560000,11666000,10900000,11666000,185,2019,2016,,1,0
state_historical_mean,lagged,01,Alabama,2021,43800000,38183333.333333336,40700000,38183333.333333336,231,2020,2016,,1,0
state_historical_mean,lagged,02,Alaska,2021,807000,1220000,1530000,1220000,231,2020,2016,,1,0
state_historical_mean,lagged,04,Arizona,2021,11400000,10536666.666666666,11000000,10536666.666666666,231,2020,2016,,1,0
state_historical_mean,lagged,05,Arkansas,2021,34100000,29633333.333333332,31100000,29633333.333333332,231,2020,2016,,1,0
state_historical_mean,lagged,06,California,2021,38300000,39716666.666666664,40300000,39716666.666666664,231,2020,2016,,1,0
state_historical_mean,lagged,08,Colorado,2021,17000000,15750000,17300000,15750000,231,2020,2016,,1,0
state_historical_mean,lagged,09,Connecticut,2021,10400000,9831666.666666666,10300000,9831666.666666666,231,2020,2016,,1,0
state_historical_mean,lagged,12,Florida,2021,86600000,76566666.66666667,83400000,76566666.66666667,231,2020,2016,,1,0
state_historical_mean,lagged,13,Georgia,2021,61200000,54200000,59300000,54200000,231,2020,2016,,1,0
state_historical_mean,lagged,15,Hawaii,2021,5850000,5301666.666666667,5880000,5301666.666666667,231,2020,2016,,1,0
state_historical_mean,lagged,16,Idaho,2021,5370000,4553333.333333333,4620000,4553333.333333333,231,2020,2016,,1,0
state_historical_mean,lagged,17,Illinois,2021,51500000,51050000,53700000,51050000,231,2020,2016,,1,0
state_historical_mean,lagged,18,Indiana,2021,52300000,50000000,52400000,50000000,231,2020,2016,,1,0
state_historical_mean,lagged,19,Iowa,2021,35600000,38883333.333333336,39600000,38883333.333333336,231,2020,2016,,1,0
state_historical_mean,lagged,20,Kansas,2021,19400000,16533333.333333334,17800000,16533333.333333334,231,2020,2016,,1,0
state_historical_mean,lagged,21,Kentucky,2021,51100000,51333333.333333336,50000000,51333333.333333336,231,2020,2016,,1,0
state_historical_mean,lagged,23,Maine,2021,4700000,4361666.666666667,4690000,4361666.666666667,231,2020,2016,,1,0
state_historical_mean,lagged,24,Maryland,2021,25700000,23650000,24600000,23650000,231,2020,2016,,1,0
state_historical_mean,lagged,26,Michigan,2021,36000000,34950000,32800000,34950000,231,2020,2016,,1,0
state_historical_mean,lagged,27,Minnesota,2021,9130000,7756666.666666667,8580000,7756666.666666667,231,2020,2016,,1,0
state_historical_mean,lagged,28,Mississippi,2021,1320000,1938333.3333333333,1320000,1938333.3333333333,231,2020,2016,,1,0
state_historical_mean,lagged,29,Missouri,2021,85500000,74083333.33333333,81700000,74083333.33333333,231,2020,2016,,1,0
state_historical_mean,lagged,30,Montana,2021,2890000,2810000,2890000,2810000,231,2020,2016,,1,0
state_historical_mean,lagged,32,Nevada,2021,9960000,10981666.666666666,11200000,10981666.666666666,231,2020,2016,,1,0
state_historical_mean,lagged,33,New Hampshire,2021,5070000,5398333.333333333,5310000,5398333.333333333,231,2020,2016,,1,0
state_historical_mean,lagged,34,New Jersey,2021,17700000,17516666.666666668,17300000,17516666.666666668,231,2020,2016,,1,0
state_historical_mean,lagged,35,New Mexico,2021,4270000,4638333.333333333,4930000,4638333.333333333,231,2020,2016,,1,0
state_historical_mean,lagged,36,New York,2021,40600000,38600000,36700000,38600000,231,2020,2016,,1,0
state_historical_mean,lagged,37,North Carolina,2021,62300000,56033333.333333336,55900000,56033333.333333336,231,2020,2016,,1,0
state_historical_mean,lagged,38,North Dakota,2021,321000,503833.3333333333,411000,503833.3333333333,231,2020,2016,,1,0
state_historical_mean,lagged,39,Ohio,2021,72600000,63483333.333333336,66800000,63483333.333333336,231,2020,2016,,1,0
state_historical_mean,lagged,40,Oklahoma,2021,41500000,37483333.333333336,38300000,37483333.333333336,231,2020,2016,,1,0
state_historical_mean,lagged,41,Oregon,2021,21600000,20266666.666666668,20200000,20266666.666666668,231,2020,2016,,1,0
state_historical_mean,lagged,42,Pennsylvania,2021,93400000,89500000,88500000,89500000,231,2020,2016,,1,0
state_historical_mean,lagged,44,Rhode Island,2021,2150000,2105000,2030000,2105000,231,2020,2016,,1,0
state_historical_mean,lagged,45,South Carolina,2021,31000000,27583333.333333332,27900000,27583333.333333332,231,2020,2016,,1,0
state_historical_mean,lagged,46,South Dakota,2021,8300000,6888333.333333333,8000000,6888333.333333333,231,2020,2016,,1,0
state_historical_mean,lagged,47,Tennessee,2021,56900000,46283333.333333336,52300000,46283333.333333336,231,2020,2016,,1,0
state_historical_mean,lagged,48,Texas,2021,190000000,172333333.33333334,189000000,172333333.33333334,231,2020,2016,,1,0
state_historical_mean,lagged,49,Utah,2021,13200000,9863333.333333334,12300000,9863333.333333334,231,2020,2016,,1,0
state_historical_mean,lagged,50,Vermont,2021,5320000,4993333.333333333,5230000,4993333.333333333,231,2020,2016,,1,0
state_historical_mean,lagged,51,Virginia,2021,54700000,50583333.333333336,53100000,50583333.333333336,231,2020,2016,,1,0
state_historical_mean,lagged,53,Washington,2021,16700000,15300000,15200000,15300000,231,2020,2016,,1,0
state_historical_mean,lagged,54,West Virginia,2021,14200000,14800000,13600000,14800000,231,2020,2016,,1,0
state_historical_mean,lagged,55,Wisconsin,2021,25700000,25316666.666666668,25100000,25316666.666666668,231,2020,2016,,1,0
state_historical_mean,lagged,56,Wyoming,2021,7440000,11315000,9560000,11315000,231,2020,2016,,1,0
log_ar,lagged,01,Alabama,2019,41100000,37678255.92576044,36900000,36825000,140,2018,2016,l_lag_y,1.0052453402742398,0
log_ar,lagged,02,Alaska,2019,1540000,1336812.663672569,1400000,1062500,140,2018,2016,l_lag_y,1.0052453402742398,0
log_ar,lagged,04,Arizona,2019,10900000,11770590.220202278,11800000,10330000,140,2018,2016,l_lag_y,1.0052453402742398,0
log_ar,lagged,05,Arkansas,2019,29600000,29465785.357644375,29000000,29275000,140,2018,2016,l_lag_y,1.0052453402742398,0
log_ar,lagged,06,California,2019,41900000,42059659.25216161,41100000,39025000,140,2018,2016,l_lag_y,1.0052453402742398,0
log_ar,lagged,08,Colorado,2019,16600000,14831814.397966191,14800000,15150000,140,2018,2016,l_lag_y,1.0052453402742398,0
log_ar,lagged,09,Connecticut,2019,10500000,9454576.599578686,9520000,9547500,140,2018,2016,l_lag_y,1.0052453402742398,0
log_ar,lagged,12,Florida,2019,81300000,79606779.08490422,76800000,73675000,140,2018,2016,l_lag_y,1.0052453402742398,0
log_ar,lagged,13,Georgia,2019,57600000,54835874.10163995,53300000,52075000,140,2018,2016,l_lag_y,1.0052453402742398,0
log_ar,lagged,15,Hawaii,2019,5770000,4580684.539199131,4680000,5040000,140,2018,2016,l_lag_y,1.0052453402742398,0
log_ar,lagged,16,Idaho,2019,4210000,4500791.477231255,4600000,4622500,140,2018,2016,l_lag_y,1.0052453402742398,0
log_ar,lagged,17,Illinois,2019,49800000,49905929.664283946,48600000,50700000,140,2018,2016,l_lag_y,1.0052453402742398,0
log_ar,lagged,18,Indiana,2019,51400000,51688020.20332087,50300000,49050000,140,2018,2016,l_lag_y,1.0052453402742398,0
log_ar,lagged,19,Iowa,2019,41700000,40076399.40713529,39200000,38000000,140,2018,2016,l_lag_y,1.0052453402742398,0
log_ar,lagged,20,Kansas,2019,15100000,15445679.47431745,15400000,16575000,140,2018,2016,l_lag_y,1.0052453402742398,0
log_ar,lagged,21,Kentucky,2019,52100000,51058903.922077306,49700000,51475000,140,2018,2016,l_lag_y,1.0052453402742398,0
log_ar,lagged,23,Maine,2019,4500000,3942366.233504367,4040000,4245000,140,2018,2016,l_lag_y,1.0052453402742398,0
log_ar,lagged,24,Maryland,2019,25700000,22742784.09228815,22500000,22900000,140,2018,2016,l_lag_y,1.0052453402742398,0
log_ar,lagged,26,Michigan,2019,35400000,38199337.27199316,37400000,35375000,140,2018,2016,l_lag_y,1.0052453402742398,0
log_ar,lagged,27,Minnesota,2019,8010000,7623993.038396593,7710000,7487500,140,2018,2016,l_lag_y,1.0052453402742398,0
log_ar,lagged,28,Mississippi,2019,2090000,1982657.151997567,2060000,2055000,140,2018,2016,l_lag_y,1.0052453402742398,0
log_ar,lagged,29,Missouri,2019,74000000,73898921.05645536,71400000,72200000,140,2018,2016,l_lag_y,1.0052453402742398,0
log_ar,lagged,30,Montana,2019,2900000,2672349.518361887,2760000,2767500,140,2018,2016,l_lag_y,1.0052453402742398,0
log_ar,lagged,32,Nevada,2019,12400000,12177910.921093142,12200000,10572500,140,2018,2016,l_lag_y,1.0052453402742398,0
log_ar,lagged,33,New Hampshire,2019,5430000,5150706.833347119,5250000,5412500,140,2018,2016,l_lag_y,1.0052453402742398,0
log_ar,lagged,34,New Jersey,2019,18400000,17905870.818581045,17800000,17350000,140,2018,2016,l_lag_y,1.0052453402742398,0
log_ar,lagged,35,New Mexico,2019,4220000,4201450.180925434,4300000,4670000,140,2018,2016,l_lag_y,1.0052453402742398,0
log_ar,lagged,36,New York,2019,39100000,40702483.568612225,39800000,38950000,140,2018,2016,l_lag_y,1.0052453402742398,0
log_ar,lagged,37,North Carolina,2019,60700000,57777154.86352745,56100000,54900000,140,2018,2016,l_lag_y,1.0052453402742398,0
log_ar,lagged,38,North Dakota,2019,337000,302126.1727612751,326000,568750,140,2018,2016,l_lag_y,1.0052453402742398,0
log_ar,lagged,39,Ohio,2019,67900000,68199912.13027678,66000000,61550000,140,2018,2016,l_lag_y,1.0052453402742398,0
log_ar,lagged,40,Oklahoma,2019,38400000,37574056.958588324,36800000,37050000,140,2018,2016,l_lag_y,1.0052453402742398,0
log_ar,lagged,42,Pennsylvania,2019,95500000,91046678.38702656,87600000,88250000,140,2018,2016,l_lag_y,1.0052453402742398,0
log_ar,lagged,44,Rhode Island,2019,1930000,1727634.9543615575,1800000,2167500,140,2018,2016,l_lag_y,1.0052453402742398,0
log_ar,lagged,45,South Carolina,2019,29200000,27911294.795362957,27500000,27100000,140,2018,2016,l_lag_y,1.0052453402742398,0
log_ar,lagged,46,South Dakota,2019,6940000,6425153.432318865,6520000,6597500,140,2018,2016,l_lag_y,1.0052453402742398,0
log_ar,lagged,47,Tennessee,2019,50400000,46240992.494654074,45100000,43750000,140,2018,2016,l_lag_y,1.0052453402742398,0
log_ar,lagged,48,Texas,2019,191000000,187711494.95726502,178000000,163500000,140,2018,2016,l_lag_y,1.0052453402742398,0
log_ar,lagged,49,Utah,2019,10800000,10042756.28115213,10100000,9020000,140,2018,2016,l_lag_y,1.0052453402742398,0
log_ar,lagged,50,Vermont,2019,5400000,4980560.801500028,5080000,4832500,140,2018,2016,l_lag_y,1.0052453402742398,0
log_ar,lagged,51,Virginia,2019,51400000,50849232.99203357,49500000,49750000,140,2018,2016,l_lag_y,1.0052453402742398,0
log_ar,lagged,53,Washington,2019,15400000,15752797.110509705,15700000,15300000,140,2018,2016,l_lag_y,1.0052453402742398,0
log_ar,lagged,54,West Virginia,2019,16900000,15650411.086003855,15600000,14575000,140,2018,2016,l_lag_y,1.0052453402742398,0
log_ar,lagged,55,Wisconsin,2019,27800000,26668948.93022729,26300000,24750000,140,2018,2016,l_lag_y,1.0052453402742398,0
log_ar,lagged,56,Wyoming,2019,10900000,9262054.592488494,9330000,11857500,140,2018,2016,l_lag_y,1.0052453402742398,0
log_ar,lagged,01,Alabama,2020,40700000,42323914.131946675,41100000,37680000,185,2019,2016,l_lag_y,1.0046010131011924,0
log_ar,lagged,02,Alaska,2020,1530000,1511366.1898847062,1540000,1158000,185,2019,2016,l_lag_y,1.0046010131011924,0
log_ar,lagged,04,Arizona,2020,11000000,11008451.967733586,10900000,10444000,185,2019,2016,l_lag_y,1.0046010131011924,0
log_ar,lagged,05,Arkansas,2020,31100000,30335238.441816587,29600000,29340000,185,2019,2016,l_lag_y,1.0046010131011924,0
log_ar,lagged,06,California,2020,40300000,43159924.373053245,41900000,39600000,185,2019,2016,l_lag_y,1.0046010131011924,0
log_ar,lagged,08,Colorado,2020,17300000,16868794.693066355,16600000,15440000,185,2019,2016,l_lag_y,1.0046010131011924,0
log_ar,lagged,09,Connecticut,2020,10300000,10598665.47208957,10500000,9738000,185,2019,2016,l_lag_y,1.0046010131011924,0
log_ar,lagged,12,Florida,2020,83400000,84561849.09189048,81300000,75200000,185,2019,2016,l_lag_y,1.0046010131011924,0
log_ar,lagged,13,Georgia,2020,59300000,59609274.0635626,57600000,53180000,185,2019,2016,l_lag_y,1.0046010131011924,0
log_ar,lagged,15,Hawaii,2020,5880000,5773359.581626244,5770000,5186000,185,2019,2016,l_lag_y,1.0046010131011924,0
log_ar,lagged,16,Idaho,2020,4620000,4193044.3227299624,4210000,4540000,185,2019,2016,l_lag_y,1.0046010131011924,0
log_ar,lagged,17,Illinois,2020,53700000,51427443.83773733,49800000,50520000,185,2019,2016,l_lag_y,1.0046010131011924,0
log_ar,lagged,18,Indiana,2020,52400000,53104326.96295224,51400000,49520000,185,2019,2016,l_lag_y,1.0046010131011924,0
log_ar,lagged,19,Iowa,2020,39600000,42950899.71388007,41700000,38740000,185,2019,2016,l_lag_y,1.0046010131011924,0
log_ar,lagged,20,Kansas,2020,17800000,15323231.307531789,15100000,16280000,185,2019,2016,l_lag_y,1.0046010131011924,0
log_ar,lagged,21,Kentucky,2020,50000000,53838205.257008076,52100000,51600000,185,2019,2016,l_lag_y,1.0046010131011924,0
log_ar,lagged,23,Maine,2020,4690000,4486252.257583989,4500000,4296000,185,2019,2016,l_lag_y,1.0046010131011924,0
log_ar,lagged,24,Maryland,2020,24600000,26283908.52097944,25700000,23460000,185,2019,2016,l_lag_y,1.0046010131011924,0
log_ar,lagged,25,Massachusetts,2020,13000000,13574326.866880504,13400000,12980000,185,2019,2016,l_lag_y,1.0046010131011924,0
log_ar,lagged,26,Michigan,2020,32800000,36374531.33235133,35400000,35380000,185,2019,2016,l_lag_y,1.0046010131011924,0
log_ar,lagged,27,Minnesota,2020,8580000,8053269.685278765,8010000,7592000,185,2019,2016,l_lag_y,1.0046010131011924,0
log_ar,lagged,28,Mississippi,2020,1320000,2060336.6033833432,2090000,2062000,185,2019,2016,l_lag_y,1.0046010131011924,0
log_ar,lagged,29,Missouri,2020,81700000,76862955.55372086,74000000,72560000,185,2019,2016,l_lag_y,1.0046010131011924,0
log_ar,lagged,30,Montana,2020,2890000,2872591.1580623765,2900000,2794000,185,2019,2016,l_lag_y,1.0046010131011924,0
log_ar,lagged,32,Nevada,2020,11200000,12547053.380191028,12400000,10938000,185,2019,2016,l_lag_y,1.0046010131011924,0
log_ar,lagged,33,New Hampshire,2020,5310000,5428329.812819167,5430000,5416000,185,2019,2016,l_lag_y,1.0046010131011924,0
log_ar,lagged,34,New Jersey,2020,17300000,18726161.59925537,18400000,17560000,185,2019,2016,l_lag_y,1.0046010131011924,0
log_ar,lagged,35,New Mexico,2020,4930000,4203150.129551247,4220000,4580000,185,2019,2016,l_lag_y,1.0046010131011924,0
log_ar,lagged,36,New York,2020,36700000,40234941.645660505,39100000,38980000,185,2019,2016,l_lag_y,1.0046010131011924,0
log_ar,lagged,37,North Carolina,2020,55900000,62865671.119247854,60700000,56060000,185,2019,2016,l_lag_y,1.0046010131011924,0
log_ar,lagged,38,North Dakota,2020,411000,323453.42329552124,337000,522400,185,2019,2016,l_lag_y,1.0046010131011924,0
log_ar,lagged,39,Ohio,2020,66800000,70438126.69590352,67900000,62820000,185,2019,2016,l_lag_y,1.0046010131011924,0
log_ar,lagged,40,Oklahoma,2020,38300000,39504167.034571245,38400000,37320000,185,2019,2016,l_lag_y,1.0046010131011924,0
log_ar,lagged,42,Pennsylvania,2020,88500000,99566098.88803881,95500000,89700000,185,2019,2016,l_lag_y,1.0046010131011924,0
log_ar,lagged,44,Rhode Island,2020,2030000,1900388.9070201481,1930000,2120000,185,2019,2016,l_lag_y,1.0046010131011924,0
log_ar,lagged,45,South Carolina,2020,27900000,29919338.752825595,29200000,27520000,185,2019,2016,l_lag_y,1.0046010131011924,0
log_ar,lagged,46,South Dakota,2020,8000000,6962848.12816596,6940000,6666000,185,2019,2016,l_lag_y,1.0046010131011924,0
log_ar,lagged,47,Tennessee,2020,52300000,52056183.85866201,50400000,45080000,185,2019,2016,l_lag_y,1.0046010131011924,0
log_ar,lagged,48,Texas,2020,189000000,201164551.51849836,191000000,169000000,185,2019,2016,l_lag_y,1.0046010131011924,0
log_ar,lagged,49,Utah,2020,12300000,10905984.367629353,10800000,9376000,185,2019,2016,l_lag_y,1.0046010131011924,0
log_ar,lagged,50,Vermont,2020,5230000,5397900.92151966,5400000,4946000,185,2019,2016,l_lag_y,1.0046010131011924,0
log_ar,lagged,51,Virginia,2020,53100000,53104326.96295224,51400000,50080000,185,2019,2016,l_lag_y,1.0046010131011924,0
log_ar,lagged,53,Washington,2020,15200000,15632170.877454847,15400000,15320000,185,2019,2016,l_lag_y,1.0046010131011924,0
log_ar,lagged,54,West Virginia,2020,13600000,17178159.17575984,16900000,15040000,185,2019,2016,l_lag_y,1.0046010131011924,0
log_ar,lagged,55,Wisconsin,2020,25100000,28464354.63671254,27800000,25360000,185,2019,2016,l_lag_y,1.0046010131011924,0
log_ar,lagged,56,Wyoming,2020,9560000,11008451.967733586,10900000,11666000,185,2019,2016,l_lag_y,1.0046010131011924,0
log_ar,lagged,01,Alabama,2021,43800000,41578476.12838384,40700000,38183333.333333336,231,2020,2016,l_lag_y,1.0047975462441963,0
log_ar,lagged,02,Alaska,2021,807000,1514130.2333272877,1530000,1220000,231,2020,2016,l_lag_y,1.0047975462441963,0
log_ar,lagged,04,Arizona,2021,11400000,11095910.469386078,11000000,10536666.666666666,231,2020,2016,l_lag_y,1.0047975462441963,0
log_ar,lagged,05,Arkansas,2021,34100000,31688583.932660677,31100000,29633333.333333332,231,2020,2016,l_lag_y,1.0047975462441963,0
log_ar,lagged,06,California,2021,38300000,41165903.91928778,40300000,39716666.666666664,231,2020,2016,l_lag_y,1.0047975462441963,0
log_ar,lagged,08,Colorado,2021,17000000,17527551.429158986,17300000,15750000,231,2020,2016,l_lag_y,1.0047975462441963,0
log_ar,lagged,09,Connecticut,2021,10400000,10383191.889969913,10300000,9831666.666666666,231,2020,2016,l_lag_y,1.0047975462441963,0
log_ar,lagged,12,Florida,2021,86600000,85794264.63124156,83400000,76566666.66666667,231,2020,2016,l_lag_y,1.0047975462441963,0
log_ar,lagged,13,Georgia,2021,61200000,60801208.91469667,59300000,54200000,231,2020,2016,l_lag_y,1.0047975462441963,0
log_ar,lagged,15,Hawaii,2021,5850000,5895392.181822108,5880000,5301666.666666667,231,2020,2016,l_lag_y,1.0047975462441963,0
log_ar,lagged,16,Idaho,2021,5370000,4621285.811346975,4620000,4553333.333333333,231,2020,2016,l_lag_y,1.0047975462441963,0
log_ar,lagged,17,Illinois,2021,51500000,55006562.717850655,53700000,51050000,231,2020,2016,l_lag_y,1.0047975462441963,0
log_ar,lagged,18,Indiana,2021,52300000,53662192.75949766,52400000,50000000,231,2020,2016,l_lag_y,1.0047975462441963,0
log_ar,lagged,19,Iowa,2021,35600000,40443998.23423784,39600000,38883333.333333336,231,2020,2016,l_lag_y,1.0047975462441963,0
log_ar,lagged,20,Kansas,2021,19400000,18039105.950697117,17800000,16533333.333333334,231,2020,2016,l_lag_y,1.0047975462441963,0
log_ar,lagged,21,Kentucky,2021,51100000,51181133.774897054,50000000,51333333.333333336,231,2020,2016,l_lag_y,1.0047975462441963,0
log_ar,lagged,23,Maine,2021,4700000,4691988.701047934,4690000,4361666.666666667,231,2020,2016,l_lag_y,1.0047975462441963,0
log_ar,lagged,24,Maryland,2021,25700000,25008705.780239526,24600000,23650000,231,2020,2016,l_lag_y,1.0047975462441963,0
log_ar,lagged,26,Michigan,2021,36000000,33437990.962170206,32800000,34950000,231,2020,2016,l_lag_y,1.0047975462441963,0
log_ar,lagged,27,Minnesota,2021,9130000,8634005.444810456,8580000,7756666.666666667,231,2020,2016,l_lag_y,1.0047975462441963,0
log_ar,lagged,28,Mississippi,2021,1320000,1304441.6464237445,1320000,1938333.3333333333,231,2020,2016,l_lag_y,1.0047975462441963,0
log_ar,lagged,29,Missouri,2021,85500000,84028696.34805146,81700000,74083333.33333333,231,2020,2016,l_lag_y,1.0047975462441963,0
log_ar,lagged,30,Montana,2021,2890000,2877697.3944944204,2890000,2810000,231,2020,2016,l_lag_y,1.0047975462441963,0
log_ar,lagged,32,Nevada,2021,9960000,11299626.32355879,11200000,10981666.666666666,231,2020,2016,l_lag_y,1.0047975462441963,0
log_ar,lagged,33,New Hampshire,2021,5070000,5318644.33787275,5310000,5398333.333333333,231,2020,2016,l_lag_y,1.0047975462441963,0
log_ar,lagged,34,New Jersey,2021,17700000,17527551.429158986,17300000,17516666.666666668,231,2020,2016,l_lag_y,1.0047975462441963,0
log_ar,lagged,35,New Mexico,2021,4270000,4934475.314112268,4930000,4638333.333333333,231,2020,2016,l_lag_y,1.0047975462441963,0
log_ar,lagged,36,New York,2021,40600000,37454587.953978375,36700000,38600000,231,2020,2016,l_lag_y,1.0047975462441963,0
log_ar,lagged,37,North Carolina,2021,62300000,57282364.77274105,55900000,56033333.333333336,231,2020,2016,l_lag_y,1.0047975462441963,0
log_ar,lagged,38,North Dakota,2021,321000,401591.09427373274,411000,503833.3333333333,231,2020,2016,l_lag_y,1.0047975462441963,0
log_ar,lagged,39,Ohio,2021,72600000,68570132.36215916,66800000,63483333.333333336,231,2020,2016,l_lag_y,1.0047975462441963,0
log_ar,lagged,40,Oklahoma,2021,41500000,39103645.84739153,38300000,37483333.333333336,231,2020,2016,l_lag_y,1.0047975462441963,0
log_ar,lagged,41,Oregon,2021,21600000,20496441.651621882,20200000,20266666.666666668,231,2020,2016,l_lag_y,1.0047975462441963,0
log_ar,lagged,42,Pennsylvania,2021,93400000,91093034.14220883,88500000,89500000,231,2020,2016,l_lag_y,1.0047975462441963,0
log_ar,lagged,44,Rhode Island,2021,2150000,2014454.1556928635,2030000,2105000,231,2020,2016,l_lag_y,1.0047975462441963,0
log_ar,lagged,45,South Carolina,2021,31000000,28398138.109995417,27900000,27583333.333333332,231,2020,2016,l_lag_y,1.0047975462441963,0
log_ar,lagged,46,South Dakota,2021,8300000,8044898.574315487,8000000,6888333.333333333,231,2020,2016,l_lag_y,1.0047975462441963,0
log_ar,lagged,47,Tennessee,2021,56900000,53558792.96594006,52300000,46283333.333333336,231,2020,2016,l_lag_y,1.0047975462441963,0
log_ar,lagged,48,Texas,2021,190000000,195972706.66380185,189000000,172333333.33333334,231,2020,2016,l_lag_y,1.0047975462441963,0
log_ar,lagged,49,Utah,2021,13200000,12420677.539735317,12300000,9863333.333333334,231,2020,2016,l_lag_y,1.0047975462441963,0
log_ar,lagged,50,Vermont,2021,5320000,5237743.852671647,5230000,4993333.333333333,231,2020,2016,l_lag_y,1.0047975462441963,0
log_ar,lagged,51,Virginia,2021,54700000,54386044.633758694,53100000,50583333.333333336,231,2020,2016,l_lag_y,1.0047975462441963,0
log_ar,lagged,53,Washington,2021,16700000,15380637.1904444,15200000,15300000,231,2020,2016,l_lag_y,1.0047975462441963,0
log_ar,lagged,54,West Virginia,2021,14200000,13746804.100053104,13600000,14800000,231,2020,2016,l_lag_y,1.0047975462441963,0
log_ar,lagged,55,Wisconsin,2021,25700000,25521986.724079628,25100000,25316666.666666668,231,2020,2016,l_lag_y,1.0047975462441963,0
log_ar,lagged,56,Wyoming,2021,7440000,9630257.607307961,9560000,11315000,231,2020,2016,l_lag_y,1.0047975462441963,0
log_ar_l_permits,lagged,01,Alabama,2019,41100000,37124133.32848966,36900000,36825000,140,2018,2016,l_lag_y + l_permits,1.005022721764444,0
log_ar_l_permits,lagged,02,Alaska,2019,1540000,1317081.764533883,1400000,1062500,140,2018,2016,l_lag_y + l_permits,1.005022721764444,0
log_ar_l_permits,lagged,04,Arizona,2019,10900000,12220478.492680263,11800000,10330000,140,2018,2016,l_lag_y + l_permits,1.005022721764444,0
log_ar_l_permits,lagged,05,Arkansas,2019,29600000,28850272.42374425,29000000,29275000,140,2018,2016,l_lag_y + l_permits,1.005022721764444,0
log_ar_l_permits,lagged,06,California,2019,41900000,43886666.021829,41100000,39025000,140,2018,2016,l_lag_y + l_permits,1.005022721764444,0
log_ar_l_permits,lagged,08,Colorado,2019,16600000,15341307.983772771,14800000,15150000,140,2018,2016,l_lag_y + l_permits,1.005022721764444,0
log_ar_l_permits,lagged,09,Connecticut,2019,10500000,9255114.532040946,9520000,9547500,140,2018,2016,l_lag_y + l_permits,1.005022721764444,0
log_ar_l_permits,lagged,12,Florida,2019,81300000,82641141.7784777,76800000,73675000,140,2018,2016,l_lag_y + l_permits,1.005022721764444,0
log_ar_l_permits,lagged,13,Georgia,2019,57600000,55861087.27191178,53300000,52075000,140,2018,2016,l_lag_y + l_permits,1.005022721764444,0
log_ar_l_permits,lagged,15,Hawaii,2019,5770000,4541975.5912032835,4680000,5040000,140,2018,2016,l_lag_y + l_permits,1.005022721764444,0
log_ar_l_permits,lagged,16,Idaho,2019,4210000,4626503.832749722,4600000,4622500,140,2018,2016,l_lag_y + l_permits,1.005022721764444,0
log_ar_l_permits,lagged,17,Illinois,2019,49800000,49444037.47864862,48600000,50700000,140,2018,2016,l_lag_y + l_permits,1.005022721764444,0
log_ar_l_permits,lagged,18,Indiana,2019,51400000,51173349.099277794,50300000,49050000,140,2018,2016,l_lag_y + l_permits,1.005022721764444,0
log_ar_l_permits,lagged,19,Iowa,2019,41700000,39151135.609099105,39200000,38000000,140,2018,2016,l_lag_y + l_permits,1.005022721764444,0
log_ar_l_permits,lagged,20,Kansas,2019,15100000,15278308.314038198,15400000,16575000,140,2018,2016,l_lag_y + l_permits,1.005022721764444,0
log_ar_l_permits,lagged,21,Kentucky,2019,52100000,49916056.899942026,49700000,51475000,140,2018,2016,l_lag_y + l_permits,1.005022721764444,0
log_ar_l_permits,lagged,23,Maine,2019,4500000,3921166.867256037,4040000,4245000,140,2018,2016,l_lag_y + l_permits,1.005022721764444,0
log_ar_l_permits,lagged,24,Maryland,2019,25700000,22776816.894558206,22500000,22900000,140,2018,2016,l_lag_y + l_permits,1.005022721764444,0
log_ar_l_permits,lagged,26,Michigan,2019,35400000,37934653.4603501,37400000,35375000,140,2018,2016,l_lag_y + l_permits,1.005022721764444,0
log_ar_l_permits,lagged,27,Minnesota,2019,8010000,7869084.789543571,7710000,7487500,140,2018,2016,l_lag_y + l_permits,1.005022721764444,0
log_ar_l_permits,lagged,28,Mississippi,2019,2090000,2020389.9083108995,2060000,2055000,140,2018,2016,l_lag_y + l_permits,1.005022721764444,0
log_ar_l_permits,lagged,29,Missouri,2019,74000000,72156669.49093363,71400000,72200000,140,2018,2016,l_lag_y + l_permits,1.005022721764444,0
log_ar_l_permits,lagged,30,Montana,2019,2900000,2684158.613414547,2760000,2767500,140,2018,2016,l_lag_y + l_permits,1.005022721764444,0
log_ar_l_permits,lagged,32,Nevada,2019,12400000,12322164.978894891,12200000,10572500,140,2018,2016,l_lag_y + l_permits,1.005022721764444,0
log_ar_l_permits,lagged,33,New Hampshire,2019,5430000,5088797.35188497,5250000,5412500,140,2018,2016,l_lag_y + l_permits,1.005022721764444,0
log_ar_l_permits,lagged,34,New Jersey,2019,18400000,18228483.481136065,17800000,17350000,140,2018,2016,l_lag_y + l_permits,1.005022721764444,0
log_ar_l_permits,lagged,35,New Mexico,2019,4220000,4176770.349353582,4300000,4670000,140,2018,2016,l_lag_y + l_permits,1.005022721764444,0
log_ar_l_permits,lagged,36,New York,2019,39100000,41153790.621316984,39800000,38950000,140,2018,2016,l_lag_y + l_permits,1.005022721764444,0
log_ar_l_permits,lagged,37,North Carolina,2019,60700000,59125060.279106185,56100000,54900000,140,2018,2016,l_lag_y + l_permits,1.005022721764444,0
log_ar_l_permits,lagged,38,North Dakota,2019,337000,312079.43256015406,326000,568750,140,2018,2016,l_lag_y + l_permits,1.005022721764444,0
log_ar_l_permits,lagged,39,Ohio,2019,67900000,67401290.75713122,66000000,61550000,140,2018,2016,l_lag_y + l_permits,1.005022721764444,0
log_ar_l_permits,lagged,40,Oklahoma,2019,38400000,36652699.99971479,36800000,37050000,140,2018,2016,l_lag_y + l_permits,1.005022721764444,0
log_ar_l_permits,lagged,42,Pennsylvania,2019,95500000,89388431.3839318,87600000,88250000,140,2018,2016,l_lag_y + l_permits,1.005022721764444,0
log_ar_l_permits,lagged,44,Rhode Island,2019,1930000,1681070.3283106815,1800000,2167500,140,2018,2016,l_lag_y + l_permits,1.005022721764444,0
log_ar_l_permits,lagged,45,South Carolina,2019,29200000,28372348.896443043,27500000,27100000,140,2018,2016,l_lag_y + l_permits,1.005022721764444,0
log_ar_l_permits,lagged,46,South Dakota,2019,6940000,6341636.227209359,6520000,6597500,140,2018,2016,l_lag_y + l_permits,1.005022721764444,0
log_ar_l_permits,lagged,47,Tennessee,2019,50400000,46618150.27205484,45100000,43750000,140,2018,2016,l_lag_y + l_permits,1.005022721764444,0
log_ar_l_permits,lagged,48,Texas,2019,191000000,193335590.13029036,178000000,163500000,140,2018,2016,l_lag_y + l_permits,1.005022721764444,0
log_ar_l_permits,lagged,49,Utah,2019,10800000,10310199.362800304,10100000,9020000,140,2018,2016,l_lag_y + l_permits,1.005022721764444,0
log_ar_l_permits,lagged,50,Vermont,2019,5400000,4815873.133767088,5080000,4832500,140,2018,2016,l_lag_y + l_permits,1.005022721764444,0
log_ar_l_permits,lagged,51,Virginia,2019,51400000,50947036.70457115,49500000,49750000,140,2018,2016,l_lag_y + l_permits,1.005022721764444,0
log_ar_l_permits,lagged,53,Washington,2019,15400000,16329226.725211307,15700000,15300000,140,2018,2016,l_lag_y + l_permits,1.005022721764444,0
log_ar_l_permits,lagged,54,West Virginia,2019,16900000,14948986.414791415,15600000,14575000,140,2018,2016,l_lag_y + l_permits,1.005022721764444,0
log_ar_l_permits,lagged,55,Wisconsin,2019,27800000,26647188.37654924,26300000,24750000,140,2018,2016,l_lag_y + l_permits,1.005022721764444,0
log_ar_l_permits,lagged,56,Wyoming,2019,10900000,8815054.284133956,9330000,11857500,140,2018,2016,l_lag_y + l_permits,1.005022721764444,0
log_ar_l_permits,lagged,01,Alabama,2020,40700000,42042856.30173057,41100000,37680000,185,2019,2016,l_lag_y + l_permits,1.004538047156998,0
log_ar_l_permits,lagged,02,Alaska,2020,1530000,1497220.3450156925,1540000,1158000,185,2019,2016,l_lag_y + l_permits,1.004538047156998,0
log_ar_l_permits,lagged,04,Arizona,2020,11000000,11273664.028645197,10900000,10444000,185,2019,2016,l_lag_y + l_permits,1.004538047156998,0
log_ar_l_permits,lagged,05,Arkansas,2020,31100000,30077336.456492685,29600000,29340000,185,2019,2016,l_lag_y + l_permits,1.004538047156998,0
log_ar_l_permits,lagged,06,California,2020,40300000,44172641.8264899,41900000,39600000,185,2019,2016,l_lag_y + l_permits,1.004538047156998,0
log_ar_l_permits,lagged,08,Colorado,2020,17300000,17142663.54329186,16600000,15440000,185,2019,2016,l_lag_y + l_permits,1.004538047156998,0
log_ar_l_permits,lagged,09,Connecticut,2020,10300000,10493883.351493588,10500000,9738000,185,2019,2016,l_lag_y + l_permits,1.004538047156998,0
log_ar_l_permits,lagged,12,Florida,2020,83400000,86395707.39954817,81300000,75200000,185,2019,2016,l_lag_y + l_permits,1.004538047156998,0
log_ar_l_permits,lagged,13,Georgia,2020,59300000,60081925.99228014,57600000,53180000,185,2019,2016,l_lag_y + l_permits,1.004538047156998,0
log_ar_l_permits,lagged,15,Hawaii,2020,5880000,5720196.26587954,5770000,5186000,185,2019,2016,l_lag_y + l_permits,1.004538047156998,0
log_ar_l_permits,lagged,16,Idaho,2020,4620000,4270646.711496251,4210000,4540000,185,2019,2016,l_lag_y + l_permits,1.004538047156998,0
log_ar_l_permits,lagged,17,Illinois,2020,53700000,51100426.68271447,49800000,50520000,185,2019,2016,l_lag_y + l_permits,1.004538047156998,0
log_ar_l_permits,lagged,18,Indiana,2020,52400000,52820804.52340891,51400000,49520000,185,2019,2016,l_lag_y + l_permits,1.004538047156998,0
log_ar_l_permits,lagged,19,Iowa,2020,39600000,42377255.893286884,41700000,38740000,185,2019,2016,l_lag_y + l_permits,1.004538047156998,0
log_ar_l_permits,lagged,20,Kansas,2020,17800000,15187999.350875933,15100000,16280000,185,2019,2016,l_lag_y + l_permits,1.004538047156998,0
log_ar_l_permits,lagged,21,Kentucky,2020,50000000,52985031.66641353,52100000,51600000,185,2019,2016,l_lag_y + l_permits,1.004538047156998,0
log_ar_l_permits,lagged,23,Maine,2020,4690000,4468190.317748607,4500000,4296000,185,2019,2016,l_lag_y + l_permits,1.004538047156998,0
log_ar_l_permits,lagged,24,Maryland,2020,24600000,26262111.3994324,25700000,23460000,185,2019,2016,l_lag_y + l_permits,1.004538047156998,0
log_ar_l_permits,lagged,25,Massachusetts,2020,13000000,13646323.998265322,13400000,12980000,185,2019,2016,l_lag_y + l_permits,1.004538047156998,0
log_ar_l_permits,lagged,26,Michigan,2020,32800000,36281208.89246668,35400000,35380000,185,2019,2016,l_lag_y + l_permits,1.004538047156998,0
log_ar_l_permits,lagged,27,Minnesota,2020,8580000,8208980.030764293,8010000,7592000,185,2019,2016,l_lag_y + l_permits,1.004538047156998,0
log_ar_l_permits,lagged,28,Mississippi,2020,1320000,2082350.3744267973,2090000,2062000,185,2019,2016,l_lag_y + l_permits,1.004538047156998,0
log_ar_l_permits,lagged,29,Missouri,2020,81700000,75840451.71181801,74000000,72560000,185,2019,2016,l_lag_y + l_permits,1.004538047156998,0
log_ar_l_permits,lagged,30,Montana,2020,2890000,2875027.2421585303,2900000,2794000,185,2019,2016,l_lag_y + l_permits,1.004538047156998,0
log_ar_l_permits,lagged,32,Nevada,2020,11200000,12655240.422286892,12400000,10938000,185,2019,2016,l_lag_y + l_permits,1.004538047156998,0
log_ar_l_permits,lagged,33,New Hampshire,2020,5310000,5395011.121899403,5430000,5416000,185,2019,2016,l_lag_y + l_permits,1.004538047156998,0
log_ar_l_permits,lagged,34,New Jersey,2020,17300000,18990949.763211302,18400000,17560000,185,2019,2016,l_lag_y + l_permits,1.004538047156998,0
log_ar_l_permits,lagged,35,New Mexico,2020,4930000,4192853.5401638574,4220000,4580000,185,2019,2016,l_lag_y + l_permits,1.004538047156998,0
log_ar_l_permits,lagged,36,New York,2020,36700000,40610280.935639456,39100000,38980000,185,2019,2016,l_lag_y + l_permits,1.004538047156998,0
log_ar_l_permits,lagged,37,North Carolina,2020,55900000,63621674.17156016,60700000,56060000,185,2019,2016,l_lag_y + l_permits,1.004538047156998,0
log_ar_l_permits,lagged,38,North Dakota,2020,411000,327948.19398894603,337000,522400,185,2019,2016,l_lag_y + l_permits,1.004538047156998,0
log_ar_l_permits,lagged,39,Ohio,2020,66800000,69885557.61462522,67900000,62820000,185,2019,2016,l_lag_y + l_permits,1.004538047156998,0
log_ar_l_permits,lagged,40,Oklahoma,2020,38300000,39026959.191284426,38400000,37320000,185,2019,2016,l_lag_y + l_permits,1.004538047156998,0
log_ar_l_permits,lagged,42,Pennsylvania,2020,88500000,98449809.2854965,95500000,89700000,185,2019,2016,l_lag_y + l_permits,1.004538047156998,0
log_ar_l_permits,lagged,44,Rhode Island,2020,2030000,1872309.7273501798,1930000,2120000,185,2019,2016,l_lag_y + l_permits,1.004538047156998,0
log_ar_l_permits,lagged,45,South Carolina,2020,27900000,30182398.77539324,29200000,27520000,185,2019,2016,l_lag_y + l_permits,1.004538047156998,0
log_ar_l_permits,lagged,46,South Dakota,2020,8000000,6893344.167857359,6940000,6666000,185,2019,2016,l_lag_y + l_permits,1.004538047156998,0
log_ar_l_permits,lagged,47,Tennessee,2020,52300000,52318588.291443974,50400000,45080000,185,2019,2016,l_lag_y + l_permits,1.004538047156998,0
log_ar_l_permits,lagged,48,Texas,2020,189000000,204641929.16437036,191000000,169000000,185,2019,2016,l_lag_y + l_permits,1.004538047156998,0
log_ar_l_permits,lagged,49,Utah,2020,12300000,11081642.58362815,10800000,9376000,185,2019,2016,l_lag_y + l_permits,1.004538047156998,0
log_ar_l_permits,lagged,50,Vermont,2020,5230000,5280227.55889393,5400000,4946000,185,2019,2016,l_lag_y + l_permits,1.004538047156998,0
log_ar_l_permits,lagged,51,Virginia,2020,53100000,53146862.09131146,51400000,50080000,185,2019,2016,l_lag_y + l_permits,1.004538047156998,0
log_ar_l_permits,lagged,53,Washington,2020,15200000,15958311.191917168,15400000,15320000,185,2019,2016,l_lag_y + l_permits,1.004538047156998,0
log_ar_l_permits,lagged,54,West Virginia,2020,13600000,16735321.777434349,16900000,15040000,185,2019,2016,l_lag_y + l_permits,1.004538047156998,0
log_ar_l_permits,lagged,55,Wisconsin,2020,25100000,28389922.574837767,27800000,25360000,185,2019,2016,l_lag_y + l_permits,1.004538047156998,0
log_ar_l_permits,lagged,56,Wyoming,2020,9560000,10676377.474517921,10900000,11666000,185,2019,2016,l_lag_y + l_permits,1.004538047156998,0
log_ar_l_permits,lagged,01,Alabama,2021,43800000,41393596.930794686,40700000,38183333.333333336,231,2020,2016,l_lag_y + l_permits,1.0047338618178943,0
log_ar_l_permits,lagged,02,Alaska,2021,807000,1496977.549072821,1530000,1220000,231,2020,2016,l_lag_y + l_permits,1.0047338618178943,0
log_ar_l_permits,lagged,04,Arizona,2021,11400000,11392599.484104587,11000000,10536666.666666666,231,2020,2016,l_lag_y + l_permits,1.0047338618178943,0
log_ar_l_permits,lagged,05,Arkansas,2021,34100000,31405910.217125185,31100000,29633333.333333332,231,2020,2016,l_lag_y + l_permits,1.0047338618178943,0
log_ar_l_permits,lagged,06,California,2021,38300000,42065858.5044442,40300000,39716666.666666664,231,2020,2016,l_lag_y + l_permits,1.0047338618178943,0
log_ar_l_permits,lagged,08,Colorado,2021,17000000,17800419.950838123,17300000,15750000,231,2020,2016,l_lag_y + l_permits,1.0047338618178943,0
log_ar_l_permits,lagged,09,Connecticut,2021,10400000,10276927.602660298,10300000,9831666.666666666,231,2020,2016,l_lag_y + l_permits,1.0047338618178943,0
log_ar_l_permits,lagged,12,Florida,2021,86600000,87600085.23594706,83400000,76566666.66666667,231,2020,2016,l_lag_y + l_permits,1.0047338618178943,0
log_ar_l_permits,lagged,13,Georgia,2021,61200000,61265573.3852249,59300000,54200000,231,2020,2016,l_lag_y + l_permits,1.0047338618178943,0
log_ar_l_permits,lagged,15,Hawaii,2021,5850000,5819459.171634266,5880000,5301666.666666667,231,2020,2016,l_lag_y + l_permits,1.0047338618178943,0
log_ar_l_permits,lagged,16,Idaho,2021,5370000,4703131.365438401,4620000,4553333.333333333,231,2020,2016,l_lag_y + l_permits,1.0047338618178943,0
log_ar_l_permits,lagged,17,Illinois,2021,51500000,54517942.888328165,53700000,51050000,231,2020,2016,l_lag_y + l_permits,1.0047338618178943,0
log_ar_l_permits,lagged,18,Indiana,2021,52300000,53466408.46587089,52400000,50000000,231,2020,2016,l_lag_y + l_permits,1.0047338618178943,0
log_ar_l_permits,lagged,19,Iowa,2021,35600000,39988795.06004243,39600000,38883333.333333336,231,2020,2016,l_lag_y + l_permits,1.0047338618178943,0
log_ar_l_permits,lagged,20,Kansas,2021,19400000,17865454.457805656,17800000,16533333.333333334,231,2020,2016,l_lag_y + l_permits,1.0047338618178943,0
log_ar_l_permits,lagged,21,Kentucky,2021,51100000,50393939.63318198,50000000,51333333.333333336,231,2020,2016,l_lag_y + l_permits,1.0047338618178943,0
log_ar_l_permits,lagged,23,Maine,2021,4700000,4679967.173304312,4690000,4361666.666666667,231,2020,2016,l_lag_y + l_permits,1.0047338618178943,0
log_ar_l_permits,lagged,24,Maryland,2021,25700000,24987525.36739553,24600000,23650000,231,2020,2016,l_lag_y + l_permits,1.0047338618178943,0
log_ar_l_permits,lagged,26,Michigan,2021,36000000,33357849.64096517,32800000,34950000,231,2020,2016,l_lag_y + l_permits,1.0047338618178943,0
log_ar_l_permits,lagged,27,Minnesota,2021,9130000,8783011.181819282,8580000,7756666.666666667,231,2020,2016,l_lag_y + l_permits,1.0047338618178943,0
log_ar_l_permits,lagged,28,Mississippi,2021,1320000,1326378.9148805917,1320000,1938333.3333333333,231,2020,2016,l_lag_y + l_permits,1.0047338618178943,0
log_ar_l_permits,lagged,29,Missouri,2021,85500000,83040088.78165634,81700000,74083333.33333333,231,2020,2016,l_lag_y + l_permits,1.0047338618178943,0
log_ar_l_permits,lagged,30,Montana,2021,2890000,2890244.398511854,2890000,2810000,231,2020,2016,l_lag_y + l_permits,1.0047338618178943,0
log_ar_l_permits,lagged,32,Nevada,2021,9960000,11399396.075646164,11200000,10981666.666666666,231,2020,2016,l_lag_y + l_permits,1.0047338618178943,0
log_ar_l_permits,lagged,33,New Hampshire,2021,5070000,5281259.644448051,5310000,5398333.333333333,231,2020,2016,l_lag_y + l_permits,1.0047338618178943,0
log_ar_l_permits,lagged,34,New Jersey,2021,17700000,17769151.611907266,17300000,17516666.666666668,231,2020,2016,l_lag_y + l_permits,1.0047338618178943,0
log_ar_l_permits,lagged,35,New Mexico,2021,4270000,4918034.98545211,4930000,4638333.333333333,231,2020,2016,l_lag_y + l_permits,1.0047338618178943,0
log_ar_l_permits,lagged,36,New York,2021,40600000,37693133.28853119,36700000,38600000,231,2020,2016,l_lag_y + l_permits,1.0047338618178943,0
log_ar_l_permits,lagged,37,North Carolina,2021,62300000,58085029.876040705,55900000,56033333.333333336,231,2020,2016,l_lag_y + l_permits,1.0047338618178943,0
log_ar_l_permits,lagged,38,North Dakota,2021,321000,408199.83530467225,411000,503833.3333333333,231,2020,2016,l_lag_y + l_permits,1.0047338618178943,0
log_ar_l_permits,lagged,39,Ohio,2021,72600000,68333095.14880213,66800000,63483333.333333336,231,2020,2016,l_lag_y + l_permits,1.0047338618178943,0
log_ar_l_permits,lagged,40,Oklahoma,2021,41500000,38727753.77786979,38300000,37483333.333333336,231,2020,2016,l_lag_y + l_permits,1.0047338618178943,0
log_ar_l_permits,lagged,41,Oregon,2021,21600000,20533120.439671103,20200000,20266666.666666668,231,2020,2016,l_lag_y + l_permits,1.0047338618178943,0
log_ar_l_permits,lagged,42,Pennsylvania,2021,93400000,90309685.99629281,88500000,89500000,231,2020,2016,l_lag_y + l_permits,1.0047338618178943,0
log_ar_l_permits,lagged,44,Rhode Island,2021,2150000,1984751.9233226578,2030000,2105000,231,2020,2016,l_lag_y + l_permits,1.0047338618178943,0
log_ar_l_permits,lagged,45,South Carolina,2021,31000000,28717053.344306566,27900000,27583333.333333332,231,2020,2016,l_lag_y + l_permits,1.0047338618178943,0
log_ar_l_permits,lagged,46,South Dakota,2021,8300000,8008047.828319948,8000000,6888333.333333333,231,2020,2016,l_lag_y + l_permits,1.0047338618178943,0
log_ar_l_permits,lagged,47,Tennessee,2021,56900000,53941224.52569412,52300000,46283333.333333336,231,2020,2016,l_lag_y + l_permits,1.0047338618178943,0
log_ar_l_permits,lagged,48,Texas,2021,190000000,199450176.01684153,189000000,172333333.33333334,231,2020,2016,l_lag_y + l_permits,1.0047338618178943,0
log_ar_l_permits,lagged,49,Utah,2021,13200000,12611433.273692157,12300000,9863333.333333334,231,2020,2016,l_lag_y + l_permits,1.0047338618178943,0
log_ar_l_permits,lagged,50,Vermont,2021,5320000,5142802.043468103,5230000,4993333.333333333,231,2020,2016,l_lag_y + l_permits,1.0047338618178943,0
log_ar_l_permits,lagged,51,Virginia,2021,54700000,54438091.99217166,53100000,50583333.333333336,231,2020,2016,l_lag_y + l_permits,1.0047338618178943,0
log_ar_l_permits,lagged,53,Washington,2021,16700000,15660892.99287486,15200000,15300000,231,2020,2016,l_lag_y + l_permits,1.0047338618178943,0
log_ar_l_permits,lagged,54,West Virginia,2021,14200000,13454235.152770104,13600000,14800000,231,2020,2016,l_lag_y + l_permits,1.0047338618178943,0
log_ar_l_permits,lagged,55,Wisconsin,2021,25700000,25560914.420372847,25100000,25316666.666666668,231,2020,2016,l_lag_y + l_permits,1.0047338618178943,0
log_ar_l_permits,lagged,56,Wyoming,2021,7440000,9399952.761294432,9560000,11315000,231,2020,2016,l_lag_y + l_permits,1.0047338618178943,0
log_ar_l_highway,lagged,01,Alabama,2019,41100000,37678582.72564831,36900000,36825000,140,2018,2016,l_lag_y + l_highway,1.0052441944533352,0
log_ar_l_highway,lagged,02,Alaska,2019,1540000,1338206.6069044808,1400000,1062500,140,2018,2016,l_lag_y + l_highway,1.0052441944533352,0
log_ar_l_highway,lagged,04,Arizona,2019,10900000,11773720.320010467,11800000,10330000,140,2018,2016,l_lag_y + l_highway,1.0052441944533352,0
log_ar_l_highway,lagged,05,Arkansas,2019,29600000,29460399.53047944,29000000,29275000,140,2018,2016,l_lag_y + l_highway,1.0052441944533352,0
log_ar_l_highway,lagged,06,California,2019,41900000,42108301.29546592,41100000,39025000,140,2018,2016,l_lag_y + l_highway,1.0052441944533352,0
log_ar_l_highway,lagged,08,Colorado,2019,16600000,14833756.48954061,14800000,15150000,140,2018,2016,l_lag_y + l_highway,1.0052441944533352,0
log_ar_l_highway,lagged,09,Connecticut,2019,10500000,9456128.960971065,9520000,9547500,140,2018,2016,l_lag_y + l_highway,1.0052441944533352,0
log_ar_l_highway,lagged,12,Florida,2019,81300000,79703605.2074843,76800000,73675000,140,2018,2016,l_lag_y + l_highway,1.0052441944533352,0
log_ar_l_highway,lagged,13,Georgia,2019,57600000,54824026.2707024,53300000,52075000,140,2018,2016,l_lag_y + l_highway,1.0052441944533352,0
log_ar_l_highway,lagged,15,Hawaii,2019,5770000,4575203.174349422,4680000,5040000,140,2018,2016,l_lag_y + l_highway,1.0052441944533352,0
log_ar_l_highway,lagged,16,Idaho,2019,4210000,4499585.982969919,4600000,4622500,140,2018,2016,l_lag_y + l_highway,1.0052441944533352,0
log_ar_l_highway,lagged,17,Illinois,2019,49800000,49942325.28420462,48600000,50700000,140,2018,2016,l_lag_y + l_highway,1.0052441944533352,0
log_ar_l_highway,lagged,18,Indiana,2019,51400000,51666285.93242027,50300000,49050000,140,2018,2016,l_lag_y + l_highway,1.0052441944533352,0
log_ar_l_highway,lagged,19,Iowa,2019,41700000,40057828.30538784,39200000,38000000,140,2018,2016,l_lag_y + l_highway,1.0052441944533352,0
log_ar_l_highway,lagged,20,Kansas,2019,15100000,15432452.75185139,15400000,16575000,140,2018,2016,l_lag_y + l_highway,1.0052441944533352,0
log_ar_l_highway,lagged,21,Kentucky,2019,52100000,51031331.331566,49700000,51475000,140,2018,2016,l_lag_y + l_highway,1.0052441944533352,0
log_ar_l_highway,lagged,23,Maine,2019,4500000,3941762.974021649,4040000,4245000,140,2018,2016,l_lag_y + l_highway,1.0052441944533352,0
log_ar_l_highway,lagged,24,Maryland,2019,25700000,22748816.39711541,22500000,22900000,140,2018,2016,l_lag_y + l_highway,1.0052441944533352,0
log_ar_l_highway,lagged,26,Michigan,2019,35400000,38187619.59163983,37400000,35375000,140,2018,2016,l_lag_y + l_highway,1.0052441944533352,0
log_ar_l_highway,lagged,27,Minnesota,2019,8010000,7627013.739506575,7710000,7487500,140,2018,2016,l_lag_y + l_highway,1.0052441944533352,0
log_ar_l_highway,lagged,28,Mississippi,2019,2090000,1984258.4274839573,2060000,2055000,140,2018,2016,l_lag_y + l_highway,1.0052441944533352,0
log_ar_l_highway,lagged,29,Missouri,2019,74000000,73822483.58761652,71400000,72200000,140,2018,2016,l_lag_y + l_highway,1.0052441944533352,0
log_ar_l_highway,lagged,30,Montana,2019,2900000,2672598.502531931,2760000,2767500,140,2018,2016,l_lag_y + l_highway,1.0052441944533352,0
log_ar_l_highway,lagged,32,Nevada,2019,12400000,12175658.406397035,12200000,10572500,140,2018,2016,l_lag_y + l_highway,1.0052441944533352,0
log_ar_l_highway,lagged,33,New Hampshire,2019,5430000,5146388.154008937,5250000,5412500,140,2018,2016,l_lag_y + l_highway,1.0052441944533352,0
log_ar_l_highway,lagged,34,New Jersey,2019,18400000,17926400.061474584,17800000,17350000,140,2018,2016,l_lag_y + l_highway,1.0052441944533352,0
log_ar_l_highway,lagged,35,New Mexico,2019,4220000,4200643.951182758,4300000,4670000,140,2018,2016,l_lag_y + l_highway,1.0052441944533352,0
log_ar_l_highway,lagged,36,New York,2019,39100000,40728751.275782555,39800000,38950000,140,2018,2016,l_lag_y + l_highway,1.0052441944533352,0
log_ar_l_highway,lagged,37,North Carolina,2019,60700000,57821247.61903116,56100000,54900000,140,2018,2016,l_lag_y + l_highway,1.0052441944533352,0
log_ar_l_highway,lagged,38,North Dakota,2019,337000,302360.4351722867,326000,568750,140,2018,2016,l_lag_y + l_highway,1.0052441944533352,0
log_ar_l_highway,lagged,39,Ohio,2019,67900000,68197653.66586885,66000000,61550000,140,2018,2016,l_lag_y + l_highway,1.0052441944533352,0
log_ar_l_highway,lagged,40,Oklahoma,2019,38400000,37566392.0440513,36800000,37050000,140,2018,2016,l_lag_y + l_highway,1.0052441944533352,0
log_ar_l_highway,lagged,42,Pennsylvania,2019,95500000,91099365.61546095,87600000,88250000,140,2018,2016,l_lag_y + l_highway,1.0052441944533352,0
log_ar_l_highway,lagged,44,Rhode Island,2019,1930000,1727147.9565164174,1800000,2167500,140,2018,2016,l_lag_y + l_highway,1.0052441944533352,0
log_ar_l_highway,lagged,45,South Carolina,2019,29200000,27907535.704867017,27500000,27100000,140,2018,2016,l_lag_y + l_highway,1.0052441944533352,0
log_ar_l_highway,lagged,46,South Dakota,2019,6940000,6417085.743167055,6520000,6597500,140,2018,2016,l_lag_y + l_highway,1.0052441944533352,0
log_ar_l_highway,lagged,47,Tennessee,2019,50400000,46216733.60407756,45100000,43750000,140,2018,2016,l_lag_y + l_highway,1.0052441944533352,0
log_ar_l_highway,lagged,48,Texas,2019,191000000,187889131.01431328,178000000,163500000,140,2018,2016,l_lag_y + l_highway,1.0052441944533352,0
log_ar_l_highway,lagged,49,Utah,2019,10800000,10043716.514030473,10100000,9020000,140,2018,2016,l_lag_y + l_highway,1.0052441944533352,0
log_ar_l_highway,lagged,50,Vermont,2019,5400000,4974842.082473162,5080000,4832500,140,2018,2016,l_lag_y + l_highway,1.0052441944533352,0
log_ar_l_highway,lagged,51,Virginia,2019,51400000,50867929.08552692,49500000,49750000,140,2018,2016,l_lag_y + l_highway,1.0052441944533352,0
log_ar_l_highway,lagged,53,Washington,2019,15400000,15762629.190198472,15700000,15300000,140,2018,2016,l_lag_y + l_highway,1.0052441944533352,0
log_ar_l_highway,lagged,54,West Virginia,2019,16900000,15661516.16649537,15600000,14575000,140,2018,2016,l_lag_y + l_highway,1.0052441944533352,0
log_ar_l_highway,lagged,55,Wisconsin,2019,27800000,26659174.678694837,26300000,24750000,140,2018,2016,l_lag_y + l_highway,1.0052441944533352,0
log_ar_l_highway,lagged,56,Wyoming,2019,10900000,9253396.206524651,9330000,11857500,140,2018,2016,l_lag_y + l_highway,1.0052441944533352,0
log_ar_l_highway,lagged,01,Alabama,2020,40700000,42346144.643053174,41100000,37680000,185,2019,2016,l_lag_y + l_highway,1.0046010883362264,0
log_ar_l_highway,lagged,02,Alaska,2020,1530000,1508127.9243465846,1540000,1158000,185,2019,2016,l_lag_y + l_highway,1.0046010883362264,0
log_ar_l_highway,lagged,04,Arizona,2020,11000000,10996506.917791013,10900000,10444000,185,2019,2016,l_lag_y + l_highway,1.0046010883362264,0
log_ar_l_highway,lagged,05,Arkansas,2020,31100000,30367727.1777342,29600000,29340000,185,2019,2016,l_lag_y + l_highway,1.0046010883362264,0
log_ar_l_highway,lagged,06,California,2020,40300000,43066297.79764403,41900000,39600000,185,2019,2016,l_lag_y + l_highway,1.0046010883362264,0
log_ar_l_highway,lagged,08,Colorado,2020,17300000,16869662.76310142,16600000,15440000,185,2019,2016,l_lag_y + l_highway,1.0046010883362264,0
log_ar_l_highway,lagged,09,Connecticut,2020,10300000,10596293.778517934,10500000,9738000,185,2019,2016,l_lag_y + l_highway,1.0046010883362264,0
log_ar_l_highway,lagged,12,Florida,2020,83400000,84375889.05315614,81300000,75200000,185,2019,2016,l_lag_y + l_highway,1.0046010883362264,0
log_ar_l_highway,lagged,13,Georgia,2020,59300000,59648817.16788584,57600000,53180000,185,2019,2016,l_lag_y + l_highway,1.0046010883362264,0
log_ar_l_highway,lagged,15,Hawaii,2020,5880000,5785672.718995727,5770000,5186000,185,2019,2016,l_lag_y + l_highway,1.0046010883362264,0
log_ar_l_highway,lagged,16,Idaho,2020,4620000,4191567.6718675145,4210000,4540000,185,2019,2016,l_lag_y + l_highway,1.0046010883362264,0
log_ar_l_highway,lagged,17,Illinois,2020,53700000,51369534.88050767,49800000,50520000,185,2019,2016,l_lag_y + l_highway,1.0046010883362264,0
log_ar_l_highway,lagged,18,Indiana,2020,52400000,53132948.99699697,51400000,49520000,185,2019,2016,l_lag_y + l_highway,1.0046010883362264,0
log_ar_l_highway,lagged,19,Iowa,2020,39600000,43005592.557987265,41700000,38740000,185,2019,2016,l_lag_y + l_highway,1.0046010883362264,0
log_ar_l_highway,lagged,20,Kansas,2020,17800000,15352587.476033445,15100000,16280000,185,2019,2016,l_lag_y + l_highway,1.0046010883362264,0
log_ar_l_highway,lagged,21,Kentucky,2020,50000000,53890959.445029266,52100000,51600000,185,2019,2016,l_lag_y + l_highway,1.0046010883362264,0
log_ar_l_highway,lagged,23,Maine,2020,4690000,4487264.2933927905,4500000,4296000,185,2019,2016,l_lag_y + l_highway,1.0046010883362264,0
log_ar_l_highway,lagged,24,Maryland,2020,24600000,26277018.3155335,25700000,23460000,185,2019,2016,l_lag_y + l_highway,1.0046010883362264,0
log_ar_l_highway,lagged,25,Massachusetts,2020,13000000,13577108.666468248,13400000,12980000,185,2019,2016,l_lag_y + l_highway,1.0046010883362264,0
log_ar_l_highway,lagged,26,Michigan,2020,32800000,36383079.92043933,35400000,35380000,185,2019,2016,l_lag_y + l_highway,1.0046010883362264,0
log_ar_l_highway,lagged,27,Minnesota,2020,8580000,8044056.954271493,8010000,7592000,185,2019,2016,l_lag_y + l_highway,1.0046010883362264,0
log_ar_l_highway,lagged,28,Mississippi,2020,1320000,2057072.8541763714,2090000,2062000,185,2019,2016,l_lag_y + l_highway,1.0046010883362264,0
log_ar_l_highway,lagged,29,Missouri,2020,81700000,77055609.23084617,74000000,72560000,185,2019,2016,l_lag_y + l_highway,1.0046010883362264,0
log_ar_l_highway,lagged,30,Montana,2020,2890000,2871137.538837821,2900000,2794000,185,2019,2016,l_lag_y + l_highway,1.0046010883362264,0
log_ar_l_highway,lagged,32,Nevada,2020,11200000,12555365.379000723,12400000,10938000,185,2019,2016,l_lag_y + l_highway,1.0046010883362264,0
log_ar_l_highway,lagged,33,New Hampshire,2020,5310000,5438037.766898841,5430000,5416000,185,2019,2016,l_lag_y + l_highway,1.0046010883362264,0
log_ar_l_highway,lagged,34,New Jersey,2020,17300000,18685049.096072894,18400000,17560000,185,2019,2016,l_lag_y + l_highway,1.0046010883362264,0
log_ar_l_highway,lagged,35,New Mexico,2020,4930000,4204838.489672252,4220000,4580000,185,2019,2016,l_lag_y + l_highway,1.0046010883362264,0
log_ar_l_highway,lagged,36,New York,2020,36700000,40156889.597840585,39100000,38980000,185,2019,2016,l_lag_y + l_highway,1.0046010883362264,0
log_ar_l_highway,lagged,37,North Carolina,2020,55900000,62747653.467641495,60700000,56060000,185,2019,2016,l_lag_y + l_highway,1.0046010883362264,0
log_ar_l_highway,lagged,38,North Dakota,2020,411000,322688.4247623281,337000,522400,185,2019,2016,l_lag_y + l_highway,1.0046010883362264,0
log_ar_l_highway,lagged,39,Ohio,2020,66800000,70461624.68529734,67900000,62820000,185,2019,2016,l_lag_y + l_highway,1.0046010883362264,0
log_ar_l_highway,lagged,40,Oklahoma,2020,38300000,39523456.02624172,38400000,37320000,185,2019,2016,l_lag_y + l_highway,1.0046010883362264,0
log_ar_l_highway,lagged,42,Pennsylvania,2020,88500000,99489218.43932258,95500000,89700000,185,2019,2016,l_lag_y + l_highway,1.0046010883362264,0
log_ar_l_highway,lagged,44,Rhode Island,2020,2030000,1900206.4884169677,1930000,2120000,185,2019,2016,l_lag_y + l_highway,1.0046010883362264,0
log_ar_l_highway,lagged,45,South Carolina,2020,27900000,29900696.500076592,29200000,27520000,185,2019,2016,l_lag_y + l_highway,1.0046010883362264,0
log_ar_l_highway,lagged,46,South Dakota,2020,8000000,6979094.826524908,6940000,6666000,185,2019,2016,l_lag_y + l_highway,1.0046010883362264,0
log_ar_l_highway,lagged,47,Tennessee,2020,52300000,52116858.24943723,50400000,45080000,185,2019,2016,l_lag_y + l_highway,1.0046010883362264,0
log_ar_l_highway,lagged,48,Texas,2020,189000000,200751928.2713173,191000000,169000000,185,2019,2016,l_lag_y + l_highway,1.0046010883362264,0
log_ar_l_highway,lagged,49,Utah,2020,12300000,10903628.009833919,10800000,9376000,185,2019,2016,l_lag_y + l_highway,1.0046010883362264,0
log_ar_l_highway,lagged,50,Vermont,2020,5230000,5411728.088459892,5400000,4946000,185,2019,2016,l_lag_y + l_highway,1.0046010883362264,0
log_ar_l_highway,lagged,51,Virginia,2020,53100000,53134862.83228369,51400000,50080000,185,2019,2016,l_lag_y + l_highway,1.0046010883362264,0
log_ar_l_highway,lagged,53,Washington,2020,15200000,15612013.97812599,15400000,15320000,185,2019,2016,l_lag_y + l_highway,1.0046010883362264,0
log_ar_l_highway,lagged,54,West Virginia,2020,13600000,17185101.91961453,16900000,15040000,185,2019,2016,l_lag_y + l_highway,1.0046010883362264,0
log_ar_l_highway,lagged,55,Wisconsin,2020,25100000,28465774.411989033,27800000,25360000,185,2019,2016,l_lag_y + l_highway,1.0046010883362264,0
log_ar_l_highway,lagged,56,Wyoming,2020,9560000,11029573.819102753,10900000,11666000,185,2019,2016,l_lag_y + l_highway,1.0046010883362264,0
log_ar_l_highway,lagged,01,Alabama,2021,43800000,41707580.76826696,40700000,38183333.333333336,231,2020,2016,l_lag_y + l_highway,1.0047921635200083,0
log_ar_l_highway,lagged,02,Alaska,2021,807000,1506522.4984557412,1530000,1220000,231,2020,2016,l_lag_y + l_highway,1.0047921635200083,0
log_ar_l_highway,lagged,04,Arizona,2021,11400000,11078444.698098442,11000000,10536666.666666666,231,2020,2016,l_lag_y + l_highway,1.0047921635200083,0
log_ar_l_highway,lagged,05,Arkansas,2021,34100000,31781124.04392055,31100000,29633333.333333332,231,2020,2016,l_lag_y + l_highway,1.0047921635200083,0
log_ar_l_highway,lagged,06,California,2021,38300000,40835030.959915675,40300000,39716666.666666664,231,2020,2016,l_lag_y + l_highway,1.0047921635200083,0
log_ar_l_highway,lagged,08,Colorado,2021,17000000,17509162.341098364,17300000,15750000,231,2020,2016,l_lag_y + l_highway,1.0047921635200083,0
log_ar_l_highway,lagged,09,Connecticut,2021,10400000,10374897.186737007,10300000,9831666.666666666,231,2020,2016,l_lag_y + l_highway,1.0047921635200083,0
log_ar_l_highway,lagged,12,Florida,2021,86600000,85196127.34395622,83400000,76566666.66666667,231,2020,2016,l_lag_y + l_highway,1.0047921635200083,0
log_ar_l_highway,lagged,13,Georgia,2021,61200000,60888321.26219706,59300000,54200000,231,2020,2016,l_lag_y + l_highway,1.0047921635200083,0
log_ar_l_highway,lagged,15,Hawaii,2021,5850000,5933231.1195894405,5880000,5301666.666666667,231,2020,2016,l_lag_y + l_highway,1.0047921635200083,0
log_ar_l_highway,lagged,16,Idaho,2021,5370000,4624040.645018755,4620000,4553333.333333333,231,2020,2016,l_lag_y + l_highway,1.0047921635200083,0
log_ar_l_highway,lagged,17,Illinois,2021,51500000,54706301.01991068,53700000,51050000,231,2020,2016,l_lag_y + l_highway,1.0047921635200083,0
log_ar_l_highway,lagged,18,Indiana,2021,52300000,53695243.62381894,52400000,50000000,231,2020,2016,l_lag_y + l_highway,1.0047921635200083,0
log_ar_l_highway,lagged,19,Iowa,2021,35600000,40547419.156683356,39600000,38883333.333333336,231,2020,2016,l_lag_y + l_highway,1.0047921635200083,0
log_ar_l_highway,lagged,20,Kansas,2021,19400000,18108160.146688204,17800000,16533333.333333334,231,2020,2016,l_lag_y + l_highway,1.0047921635200083,0
log_ar_l_highway,lagged,21,Kentucky,2021,51100000,51313447.15262201,50000000,51333333.333333336,231,2020,2016,l_lag_y + l_highway,1.0047921635200083,0
log_ar_l_highway,lagged,23,Maine,2021,4700000,4689643.040317016,4690000,4361666.666666667,231,2020,2016,l_lag_y + l_highway,1.0047921635200083,0
log_ar_l_highway,lagged,24,Maryland,2021,25700000,24977200.90913341,24600000,23650000,231,2020,2016,l_lag_y + l_highway,1.0047921635200083,0
log_ar_l_highway,lagged,26,Michigan,2021,36000000,33447192.55956332,32800000,34950000,231,2020,2016,l_lag_y + l_highway,1.0047921635200083,0
log_ar_l_highway,lagged,27,Minnesota,2021,9130000,8602114.141862314,8580000,7756666.666666667,231,2020,2016,l_lag_y + l_highway,1.0047921635200083,0
log_ar_l_highway,lagged,28,Mississippi,2021,1320000,1295938.5244353544,1320000,1938333.3333333333,231,2020,2016,l_lag_y + l_highway,1.0047921635200083,0
log_ar_l_highway,lagged,29,Missouri,2021,85500000,84593770.97889507,81700000,74083333.33333333,231,2020,2016,l_lag_y + l_highway,1.0047921635200083,0
log_ar_l_highway,lagged,30,Montana,2021,2890000,2871236.383124125,2890000,2810000,231,2020,2016,l_lag_y + l_highway,1.0047921635200083,0
log_ar_l_highway,lagged,32,Nevada,2021,9960000,11349938.117898792,11200000,10981666.666666666,231,2020,2016,l_lag_y + l_highway,1.0047921635200083,0
log_ar_l_highway,lagged,33,New Hampshire,2021,5070000,5348129.13399179,5310000,5398333.333333333,231,2020,2016,l_lag_y + l_highway,1.0047921635200083,0
log_ar_l_highway,lagged,34,New Jersey,2021,17700000,17409895.885425024,17300000,17516666.666666668,231,2020,2016,l_lag_y + l_highway,1.0047921635200083,0
log_ar_l_highway,lagged,35,New Mexico,2021,4270000,4941460.420267608,4930000,4638333.333333333,231,2020,2016,l_lag_y + l_highway,1.0047921635200083,0
log_ar_l_highway,lagged,36,New York,2021,40600000,37192193.93504624,36700000,38600000,231,2020,2016,l_lag_y + l_highway,1.0047921635200083,0
log_ar_l_highway,lagged,37,North Carolina,2021,62300000,56947931.62634964,55900000,56033333.333333336,231,2020,2016,l_lag_y + l_highway,1.0047921635200083,0
log_ar_l_highway,lagged,38,North Dakota,2021,321000,398968.938575094,411000,503833.3333333333,231,2020,2016,l_lag_y + l_highway,1.0047921635200083,0
log_ar_l_highway,lagged,39,Ohio,2021,72600000,68582200.49197975,66800000,63483333.333333336,231,2020,2016,l_lag_y + l_highway,1.0047921635200083,0
log_ar_l_highway,lagged,40,Oklahoma,2021,41500000,39141026.439763606,38300000,37483333.333333336,231,2020,2016,l_lag_y + l_highway,1.0047921635200083,0
log_ar_l_highway,lagged,41,Oregon,2021,21600000,20495213.905136425,20200000,20266666.666666668,231,2020,2016,l_lag_y + l_highway,1.0047921635200083,0
log_ar_l_highway,lagged,42,Pennsylvania,2021,93400000,90861890.45728464,88500000,89500000,231,2020,2016,l_lag_y + l_highway,1.0047921635200083,0
log_ar_l_highway,lagged,44,Rhode Island,2021,2150000,2012749.2478623108,2030000,2105000,231,2020,2016,l_lag_y + l_highway,1.0047921635200083,0
log_ar_l_highway,lagged,45,South Carolina,2021,31000000,28317011.547156125,27900000,27583333.333333332,231,2020,2016,l_lag_y + l_highway,1.0047921635200083,0
log_ar_l_highway,lagged,46,South Dakota,2021,8300000,8075349.575265394,8000000,6888333.333333333,231,2020,2016,l_lag_y + l_highway,1.0047921635200083,0
log_ar_l_highway,lagged,47,Tennessee,2021,56900000,53709727.572438054,52300000,46283333.333333336,231,2020,2016,l_lag_y + l_highway,1.0047921635200083,0
log_ar_l_highway,lagged,48,Texas,2021,190000000,194438205.23766276,189000000,172333333.33333334,231,2020,2016,l_lag_y + l_highway,1.0047921635200083,0
log_ar_l_highway,lagged,49,Utah,2021,13200000,12400271.201677632,12300000,9863333.333333334,231,2020,2016,l_lag_y + l_highway,1.0047921635200083,0
log_ar_l_highway,lagged,50,Vermont,2021,5320000,5277037.891724738,5230000,4993333.333333333,231,2020,2016,l_lag_y + l_highway,1.0047921635200083,0
log_ar_l_highway,lagged,51,Virginia,2021,54700000,54433532.64903102,53100000,50583333.333333336,231,2020,2016,l_lag_y + l_highway,1.0047921635200083,0
log_ar_l_highway,lagged,53,Washington,2021,16700000,15318052.154358363,15200000,15300000,231,2020,2016,l_lag_y + l_highway,1.0047921635200083,0
log_ar_l_highway,lagged,54,West Virginia,2021,14200000,13711049.339710249,13600000,14800000,231,2020,2016,l_lag_y + l_highway,1.0047921635200083,0
log_ar_l_highway,lagged,55,Wisconsin,2021,25700000,25497271.490429822,25100000,25316666.666666668,231,2020,2016,l_lag_y + l_highway,1.0047921635200083,0
log_ar_l_highway,lagged,56,Wyoming,2021,7440000,9676010.508559626,9560000,11315000,231,2020,2016,l_lag_y + l_highway,1.0047921635200083,0
log_ar_l_gdp,lagged,01,Alabama,2019,41100000,37368274.01924783,36900000,36825000,140,2018,2016,l_lag_y + l_gdp,1.0051938524469801,0
log_ar_l_gdp,lagged,02,Alaska,2019,1540000,1340370.6479995651,1400000,1062500,140,2018,2016,l_lag_y + l_gdp,1.0051938524469801,0
log_ar_l_gdp,lagged,04,Arizona,2019,10900000,11901733.879932486,11800000,10330000,140,2018,2016,l_lag_y + l_gdp,1.0051938524469801,0
log_ar_l_gdp,lagged,05,Arkansas,2019,29600000,29009276.77891091,29000000,29275000,140,2018,2016,l_lag_y + l_gdp,1.0051938524469801,0
log_ar_l_gdp,lagged,06,California,2019,41900000,43235151.2693482,41100000,39025000,140,2018,2016,l_lag_y + l_gdp,1.0051938524469801,0
log_ar_l_gdp,lagged,08,Colorado,2019,16600000,15023261.153909972,14800000,15150000,140,2018,2016,l_lag_y + l_gdp,1.0051938524469801,0
log_ar_l_gdp,lagged,09,Connecticut,2019,10500000,9465245.500622416,9520000,9547500,140,2018,2016,l_lag_y + l_gdp,1.0051938524469801,0
log_ar_l_gdp,lagged,12,Florida,2019,81300000,80546464.19008262,76800000,73675000,140,2018,2016,l_lag_y + l_gdp,1.0051938524469801,0
log_ar_l_gdp,lagged,13,Georgia,2019,57600000,55070768.04090191,53300000,52075000,140,2018,2016,l_lag_y + l_gdp,1.0051938524469801,0
log_ar_l_gdp,lagged,15,Hawaii,2019,5770000,4590128.276987361,4680000,5040000,140,2018,2016,l_lag_y + l_gdp,1.0051938524469801,0
log_ar_l_gdp,lagged,16,Idaho,2019,4210000,4493976.008600878,4600000,4622500,140,2018,2016,l_lag_y + l_gdp,1.0051938524469801,0
log_ar_l_gdp,lagged,17,Illinois,2019,49800000,50213923.37276575,48600000,50700000,140,2018,2016,l_lag_y + l_gdp,1.0051938524469801,0
log_ar_l_gdp,lagged,18,Indiana,2019,51400000,51539119.00903407,50300000,49050000,140,2018,2016,l_lag_y + l_gdp,1.0051938524469801,0
log_ar_l_gdp,lagged,19,Iowa,2019,41700000,39675028.098248914,39200000,38000000,140,2018,2016,l_lag_y + l_gdp,1.0051938524469801,0
log_ar_l_gdp,lagged,20,Kansas,2019,15100000,15366617.193175202,15400000,16575000,140,2018,2016,l_lag_y + l_gdp,1.0051938524469801,0
log_ar_l_gdp,lagged,21,Kentucky,2019,52100000,50378795.56258539,49700000,51475000,140,2018,2016,l_lag_y + l_gdp,1.0051938524469801,0
log_ar_l_gdp,lagged,23,Maine,2019,4500000,3909020.1018820205,4040000,4245000,140,2018,2016,l_lag_y + l_gdp,1.0051938524469801,0
log_ar_l_gdp,lagged,24,Maryland,2019,25700000,22975550.920861445,22500000,22900000,140,2018,2016,l_lag_y + l_gdp,1.0051938524469801,0
log_ar_l_gdp,lagged,26,Michigan,2019,35400000,38283003.44545173,37400000,35375000,140,2018,2016,l_lag_y + l_gdp,1.0051938524469801,0
log_ar_l_gdp,lagged,27,Minnesota,2019,8010000,7735001.007609381,7710000,7487500,140,2018,2016,l_lag_y + l_gdp,1.0051938524469801,0
log_ar_l_gdp,lagged,28,Mississippi,2019,2090000,1991813.0737706874,2060000,2055000,140,2018,2016,l_lag_y + l_gdp,1.0051938524469801,0
log_ar_l_gdp,lagged,29,Missouri,2019,74000000,73254081.13888085,71400000,72200000,140,2018,2016,l_lag_y + l_gdp,1.0051938524469801,0
log_ar_l_gdp,lagged,30,Montana,2019,2900000,2666746.6061327932,2760000,2767500,140,2018,2016,l_lag_y + l_gdp,1.0051938524469801,0
log_ar_l_gdp,lagged,32,Nevada,2019,12400000,12241640.932205066,12200000,10572500,140,2018,2016,l_lag_y + l_gdp,1.0051938524469801,0
log_ar_l_gdp,lagged,33,New Hampshire,2019,5430000,5105529.249802262,5250000,5412500,140,2018,2016,l_lag_y + l_gdp,1.0051938524469801,0
log_ar_l_gdp,lagged,34,New Jersey,2019,18400000,18092324.651028633,17800000,17350000,140,2018,2016,l_lag_y + l_gdp,1.0051938524469801,0
log_ar_l_gdp,lagged,35,New Mexico,2019,4220000,4196516.171844902,4300000,4670000,140,2018,2016,l_lag_y + l_gdp,1.0051938524469801,0
log_ar_l_gdp,lagged,36,New York,2019,39100000,41393144.61028107,39800000,38950000,140,2018,2016,l_lag_y + l_gdp,1.0051938524469801,0
log_ar_l_gdp,lagged,37,North Carolina,2019,60700000,57876459.26136258,56100000,54900000,140,2018,2016,l_lag_y + l_gdp,1.0051938524469801,0
log_ar_l_gdp,lagged,38,North Dakota,2019,337000,307783.744203351,326000,568750,140,2018,2016,l_lag_y + l_gdp,1.0051938524469801,0
log_ar_l_gdp,lagged,39,Ohio,2019,67900000,68268284.31556538,66000000,61550000,140,2018,2016,l_lag_y + l_gdp,1.0051938524469801,0
log_ar_l_gdp,lagged,40,Oklahoma,2019,38400000,37135211.596235625,36800000,37050000,140,2018,2016,l_lag_y + l_gdp,1.0051938524469801,0
log_ar_l_gdp,lagged,42,Pennsylvania,2019,95500000,91158932.0367948,87600000,88250000,140,2018,2016,l_lag_y + l_gdp,1.0051938524469801,0
log_ar_l_gdp,lagged,44,Rhode Island,2019,1930000,1725594.4705697605,1800000,2167500,140,2018,2016,l_lag_y + l_gdp,1.0051938524469801,0
log_ar_l_gdp,lagged,45,South Carolina,2019,29200000,27860696.78505146,27500000,27100000,140,2018,2016,l_lag_y + l_gdp,1.0051938524469801,0
log_ar_l_gdp,lagged,46,South Dakota,2019,6940000,6332352.143888681,6520000,6597500,140,2018,2016,l_lag_y + l_gdp,1.0051938524469801,0
log_ar_l_gdp,lagged,47,Tennessee,2019,50400000,45981172.85176707,45100000,43750000,140,2018,2016,l_lag_y + l_gdp,1.0051938524469801,0
log_ar_l_gdp,lagged,48,Texas,2019,191000000,189632437.5462003,178000000,163500000,140,2018,2016,l_lag_y + l_gdp,1.0051938524469801,0
log_ar_l_gdp,lagged,49,Utah,2019,10800000,10119404.514053395,10100000,9020000,140,2018,2016,l_lag_y + l_gdp,1.0051938524469801,0
log_ar_l_gdp,lagged,50,Vermont,2019,5400000,4880943.042088564,5080000,4832500,140,2018,2016,l_lag_y + l_gdp,1.0051938524469801,0
log_ar_l_gdp,lagged,51,Virginia,2019,51400000,50983581.97034802,49500000,49750000,140,2018,2016,l_lag_y + l_gdp,1.0051938524469801,0
log_ar_l_gdp,lagged,53,Washington,2019,15400000,15975663.235280434,15700000,15300000,140,2018,2016,l_lag_y + l_gdp,1.0051938524469801,0
log_ar_l_gdp,lagged,54,West Virginia,2019,16900000,15495479.072171813,15600000,14575000,140,2018,2016,l_lag_y + l_gdp,1.0051938524469801,0
log_ar_l_gdp,lagged,55,Wisconsin,2019,27800000,26686190.891389173,26300000,24750000,140,2018,2016,l_lag_y + l_gdp,1.0051938524469801,0
log_ar_l_gdp,lagged,56,Wyoming,2019,10900000,9096577.170122702,9330000,11857500,140,2018,2016,l_lag_y + l_gdp,1.0051938524469801,0
log_ar_l_gdp,lagged,01,Alabama,2020,40700000,42134860.019760914,41100000,37680000,185,2019,2016,l_lag_y + l_gdp,1.0045873718826548,0
log_ar_l_gdp,lagged,02,Alaska,2020,1530000,1512972.4577092691,1540000,1158000,185,2019,2016,l_lag_y + l_gdp,1.0045873718826548,0
log_ar_l_gdp,lagged,04,Arizona,2020,11000000,11082857.588552563,10900000,10444000,185,2019,2016,l_lag_y + l_gdp,1.0045873718826548,0
log_ar_l_gdp,lagged,05,Arkansas,2020,31100000,30084546.083540782,29600000,29340000,185,2019,2016,l_lag_y + l_gdp,1.0045873718826548,0
log_ar_l_gdp,lagged,06,California,2020,40300000,43795544.61693954,41900000,39600000,185,2019,2016,l_lag_y + l_gdp,1.0045873718826548,0
log_ar_l_gdp,lagged,08,Colorado,2020,17300000,16976803.492299728,16600000,15440000,185,2019,2016,l_lag_y + l_gdp,1.0045873718826548,0
log_ar_l_gdp,lagged,09,Connecticut,2020,10300000,10599065.116073443,10500000,9738000,185,2019,2016,l_lag_y + l_gdp,1.0045873718826548,0
log_ar_l_gdp,lagged,12,Florida,2020,83400000,85074954.47595932,81300000,75200000,185,2019,2016,l_lag_y + l_gdp,1.0045873718826548,0
log_ar_l_gdp,lagged,13,Georgia,2020,59300000,59735183.71857552,57600000,53180000,185,2019,2016,l_lag_y + l_gdp,1.0045873718826548,0
log_ar_l_gdp,lagged,15,Hawaii,2020,5880000,5774040.839259486,5770000,5186000,185,2019,2016,l_lag_y + l_gdp,1.0045873718826548,0
log_ar_l_gdp,lagged,16,Idaho,2020,4620000,4193921.5236195163,4210000,4540000,185,2019,2016,l_lag_y + l_gdp,1.0045873718826548,0
log_ar_l_gdp,lagged,17,Illinois,2020,53700000,51582029.88135431,49800000,50520000,185,2019,2016,l_lag_y + l_gdp,1.0045873718826548,0
log_ar_l_gdp,lagged,18,Indiana,2020,52400000,53024484.532718875,51400000,49520000,185,2019,2016,l_lag_y + l_gdp,1.0045873718826548,0
log_ar_l_gdp,lagged,19,Iowa,2020,39600000,42703702.974999346,41700000,38740000,185,2019,2016,l_lag_y + l_gdp,1.0045873718826548,0
log_ar_l_gdp,lagged,20,Kansas,2020,17800000,15284717.14452456,15100000,16280000,185,2019,2016,l_lag_y + l_gdp,1.0045873718826548,0
log_ar_l_gdp,lagged,21,Kentucky,2020,50000000,53453810.88156102,52100000,51600000,185,2019,2016,l_lag_y + l_gdp,1.0045873718826548,0
log_ar_l_gdp,lagged,23,Maine,2020,4690000,4463895.771721447,4500000,4296000,185,2019,2016,l_lag_y + l_gdp,1.0045873718826548,0
log_ar_l_gdp,lagged,24,Maryland,2020,24600000,26406476.56233735,25700000,23460000,185,2019,2016,l_lag_y + l_gdp,1.0045873718826548,0
log_ar_l_gdp,lagged,25,Massachusetts,2020,13000000,13672185.769301297,13400000,12980000,185,2019,2016,l_lag_y + l_gdp,1.0045873718826548,0
log_ar_l_gdp,lagged,26,Michigan,2020,32800000,36413556.03038116,35400000,35380000,185,2019,2016,l_lag_y + l_gdp,1.0045873718826548,0
log_ar_l_gdp,lagged,27,Minnesota,2020,8580000,8115082.604462216,8010000,7592000,185,2019,2016,l_lag_y + l_gdp,1.0045873718826548,0
log_ar_l_gdp,lagged,28,Mississippi,2020,1320000,2065144.866584792,2090000,2062000,185,2019,2016,l_lag_y + l_gdp,1.0045873718826548,0
log_ar_l_gdp,lagged,29,Missouri,2020,81700000,76500117.76921004,74000000,72560000,185,2019,2016,l_lag_y + l_gdp,1.0045873718826548,0
log_ar_l_gdp,lagged,30,Montana,2020,2890000,2868794.752914879,2900000,2794000,185,2019,2016,l_lag_y + l_gdp,1.0045873718826548,0
log_ar_l_gdp,lagged,32,Nevada,2020,11200000,12589821.279556908,12400000,10938000,185,2019,2016,l_lag_y + l_gdp,1.0045873718826548,0
log_ar_l_gdp,lagged,33,New Hampshire,2020,5310000,5403136.43883519,5430000,5416000,185,2019,2016,l_lag_y + l_gdp,1.0045873718826548,0
log_ar_l_gdp,lagged,34,New Jersey,2020,17300000,18826553.430891763,18400000,17560000,185,2019,2016,l_lag_y + l_gdp,1.0045873718826548,0
log_ar_l_gdp,lagged,35,New Mexico,2020,4930000,4202592.693630854,4220000,4580000,185,2019,2016,l_lag_y + l_gdp,1.0045873718826548,0
log_ar_l_gdp,lagged,36,New York,2020,36700000,40594020.5016794,39100000,38980000,185,2019,2016,l_lag_y + l_gdp,1.0045873718826548,0
log_ar_l_gdp,lagged,37,North Carolina,2020,55900000,62917618.231780075,60700000,56060000,185,2019,2016,l_lag_y + l_gdp,1.0045873718826548,0
log_ar_l_gdp,lagged,38,North Dakota,2020,411000,326694.84357912466,337000,522400,185,2019,2016,l_lag_y + l_gdp,1.0045873718826548,0
log_ar_l_gdp,lagged,39,Ohio,2020,66800000,70470753.98698242,67900000,62820000,185,2019,2016,l_lag_y + l_gdp,1.0045873718826548,0
log_ar_l_gdp,lagged,40,Oklahoma,2020,38300000,39252997.50015607,38400000,37320000,185,2019,2016,l_lag_y + l_gdp,1.0045873718826548,0
log_ar_l_gdp,lagged,42,Pennsylvania,2020,88500000,99585476.72420354,95500000,89700000,185,2019,2016,l_lag_y + l_gdp,1.0045873718826548,0
log_ar_l_gdp,lagged,44,Rhode Island,2020,2030000,1898913.7054024194,1930000,2120000,185,2019,2016,l_lag_y + l_gdp,1.0045873718826548,0
log_ar_l_gdp,lagged,45,South Carolina,2020,27900000,29886074.0719045,29200000,27520000,185,2019,2016,l_lag_y + l_gdp,1.0045873718826548,0
log_ar_l_gdp,lagged,46,South Dakota,2020,8000000,6909217.213969086,6940000,6666000,185,2019,2016,l_lag_y + l_gdp,1.0045873718826548,0
log_ar_l_gdp,lagged,47,Tennessee,2020,52300000,51890502.87968611,50400000,45080000,185,2019,2016,l_lag_y + l_gdp,1.0045873718826548,0
log_ar_l_gdp,lagged,48,Texas,2020,189000000,202205242.44063625,191000000,169000000,185,2019,2016,l_lag_y + l_gdp,1.0045873718826548,0
log_ar_l_gdp,lagged,49,Utah,2020,12300000,10950517.74170652,10800000,9376000,185,2019,2016,l_lag_y + l_gdp,1.0045873718826548,0
log_ar_l_gdp,lagged,50,Vermont,2020,5230000,5337944.098852362,5400000,4946000,185,2019,2016,l_lag_y + l_gdp,1.0045873718826548,0
log_ar_l_gdp,lagged,51,Virginia,2020,53100000,53174416.3736699,51400000,50080000,185,2019,2016,l_lag_y + l_gdp,1.0045873718826548,0
log_ar_l_gdp,lagged,53,Washington,2020,15200000,15749695.55491653,15400000,15320000,185,2019,2016,l_lag_y + l_gdp,1.0045873718826548,0
log_ar_l_gdp,lagged,54,West Virginia,2020,13600000,17050420.084828146,16900000,15040000,185,2019,2016,l_lag_y + l_gdp,1.0045873718826548,0
log_ar_l_gdp,lagged,55,Wisconsin,2020,25100000,28466841.996849433,27800000,25360000,185,2019,2016,l_lag_y + l_gdp,1.0045873718826548,0
log_ar_l_gdp,lagged,56,Wyoming,2020,9560000,10905583.17420616,10900000,11666000,185,2019,2016,l_lag_y + l_gdp,1.0045873718826548,0
log_ar_l_gdp,lagged,01,Alabama,2021,43800000,41400455.58670254,40700000,38183333.333333336,231,2020,2016,l_lag_y + l_gdp,1.0047831039560051,0
log_ar_l_gdp,lagged,02,Alaska,2021,807000,1515173.309710019,1530000,1220000,231,2020,2016,l_lag_y + l_gdp,1.0047831039560051,0
log_ar_l_gdp,lagged,04,Arizona,2021,11400000,11175584.900906513,11000000,10536666.666666666,231,2020,2016,l_lag_y + l_gdp,1.0047831039560051,0
log_ar_l_gdp,lagged,05,Arkansas,2021,34100000,31426240.960426915,31100000,29633333.333333332,231,2020,2016,l_lag_y + l_gdp,1.0047831039560051,0
log_ar_l_gdp,lagged,06,California,2021,38300000,41752712.43215615,40300000,39716666.666666664,231,2020,2016,l_lag_y + l_gdp,1.0047831039560051,0
log_ar_l_gdp,lagged,08,Colorado,2021,17000000,17632786.39516648,17300000,15750000,231,2020,2016,l_lag_y + l_gdp,1.0047831039560051,0
log_ar_l_gdp,lagged,09,Connecticut,2021,10400000,10379874.106605014,10300000,9831666.666666666,231,2020,2016,l_lag_y + l_gdp,1.0047831039560051,0
log_ar_l_gdp,lagged,12,Florida,2021,86600000,86303412.62599339,83400000,76566666.66666667,231,2020,2016,l_lag_y + l_gdp,1.0047831039560051,0
log_ar_l_gdp,lagged,13,Georgia,2021,61200000,60920286.151105344,59300000,54200000,231,2020,2016,l_lag_y + l_gdp,1.0047831039560051,0
log_ar_l_gdp,lagged,15,Hawaii,2021,5850000,5893854.27390125,5880000,5301666.666666667,231,2020,2016,l_lag_y + l_gdp,1.0047831039560051,0
log_ar_l_gdp,lagged,16,Idaho,2021,5370000,4622501.726759086,4620000,4553333.333333333,231,2020,2016,l_lag_y + l_gdp,1.0047831039560051,0
log_ar_l_gdp,lagged,17,Illinois,2021,51500000,55126971.34806962,53700000,51050000,231,2020,2016,l_lag_y + l_gdp,1.0047831039560051,0
log_ar_l_gdp,lagged,18,Indiana,2021,52300000,53576952.259328716,52400000,50000000,231,2020,2016,l_lag_y + l_gdp,1.0047831039560051,0
log_ar_l_gdp,lagged,19,Iowa,2021,35600000,40220234.96711581,39600000,38883333.333333336,231,2020,2016,l_lag_y + l_gdp,1.0047831039560051,0
log_ar_l_gdp,lagged,20,Kansas,2021,19400000,17978729.366034277,17800000,16533333.333333334,231,2020,2016,l_lag_y + l_gdp,1.0047831039560051,0
log_ar_l_gdp,lagged,21,Kentucky,2021,51100000,50822686.644350335,50000000,51333333.333333336,231,2020,2016,l_lag_y + l_gdp,1.0047831039560051,0
log_ar_l_gdp,lagged,23,Maine,2021,4700000,4667687.234069191,4690000,4361666.666666667,231,2020,2016,l_lag_y + l_gdp,1.0047831039560051,0
log_ar_l_gdp,lagged,24,Maryland,2021,25700000,25122578.20757817,24600000,23650000,231,2020,2016,l_lag_y + l_gdp,1.0047831039560051,0
log_ar_l_gdp,lagged,26,Michigan,2021,36000000,33473752.897465423,32800000,34950000,231,2020,2016,l_lag_y + l_gdp,1.0047831039560051,0
log_ar_l_gdp,lagged,27,Minnesota,2021,9130000,8693941.271679394,8580000,7756666.666666667,231,2020,2016,l_lag_y + l_gdp,1.0047831039560051,0
log_ar_l_gdp,lagged,28,Mississippi,2021,1320000,1310070.0813898211,1320000,1938333.3333333333,231,2020,2016,l_lag_y + l_gdp,1.0047831039560051,0
log_ar_l_gdp,lagged,29,Missouri,2021,85500000,83608975.95118825,81700000,74083333.33333333,231,2020,2016,l_lag_y + l_gdp,1.0047831039560051,0
log_ar_l_gdp,lagged,30,Montana,2021,2890000,2874738.6288419487,2890000,2810000,231,2020,2016,l_lag_y + l_gdp,1.0047831039560051,0
log_ar_l_gdp,lagged,32,Nevada,2021,9960000,11347011.436151156,11200000,10981666.666666666,231,2020,2016,l_lag_y + l_gdp,1.0047831039560051,0
log_ar_l_gdp,lagged,33,New Hampshire,2021,5070000,5288965.248004832,5310000,5398333.333333333,231,2020,2016,l_lag_y + l_gdp,1.0047831039560051,0
log_ar_l_gdp,lagged,34,New Jersey,2021,17700000,17618484.20882894,17300000,17516666.666666668,231,2020,2016,l_lag_y + l_gdp,1.0047831039560051,0
log_ar_l_gdp,lagged,35,New Mexico,2021,4270000,4929122.290703703,4930000,4638333.333333333,231,2020,2016,l_lag_y + l_gdp,1.0047831039560051,0
log_ar_l_gdp,lagged,36,New York,2021,40600000,37764458.072342314,36700000,38600000,231,2020,2016,l_lag_y + l_gdp,1.0047831039560051,0
log_ar_l_gdp,lagged,37,North Carolina,2021,62300000,57349665.947675936,55900000,56033333.333333336,231,2020,2016,l_lag_y + l_gdp,1.0047831039560051,0
log_ar_l_gdp,lagged,38,North Dakota,2021,321000,404821.0521797534,411000,503833.3333333333,231,2020,2016,l_lag_y + l_gdp,1.0047831039560051,0
log_ar_l_gdp,lagged,39,Ohio,2021,72600000,68596419.40658593,66800000,63483333.333333336,231,2020,2016,l_lag_y + l_gdp,1.0047831039560051,0
log_ar_l_gdp,lagged,40,Oklahoma,2021,41500000,38852624.33124294,38300000,37483333.333333336,231,2020,2016,l_lag_y + l_gdp,1.0047831039560051,0
log_ar_l_gdp,lagged,41,Oregon,2021,21600000,20497246.307703268,20200000,20266666.666666668,231,2020,2016,l_lag_y + l_gdp,1.0047831039560051,0
log_ar_l_gdp,lagged,42,Pennsylvania,2021,93400000,91078271.17471287,88500000,89500000,231,2020,2016,l_lag_y + l_gdp,1.0047831039560051,0
log_ar_l_gdp,lagged,44,Rhode Island,2021,2150000,2011401.5452952848,2030000,2105000,231,2020,2016,l_lag_y + l_gdp,1.0047831039560051,0
log_ar_l_gdp,lagged,45,South Carolina,2021,31000000,28367163.137213737,27900000,27583333.333333332,231,2020,2016,l_lag_y + l_gdp,1.0047831039560051,0
log_ar_l_gdp,lagged,46,South Dakota,2021,8300000,7980056.389793098,8000000,6888333.333333333,231,2020,2016,l_lag_y + l_gdp,1.0047831039560051,0
log_ar_l_gdp,lagged,47,Tennessee,2021,56900000,53379759.57979739,52300000,46283333.333333336,231,2020,2016,l_lag_y + l_gdp,1.0047831039560051,0
log_ar_l_gdp,lagged,48,Texas,2021,190000000,196936104.20969528,189000000,172333333.33333334,231,2020,2016,l_lag_y + l_gdp,1.0047831039560051,0
log_ar_l_gdp,lagged,49,Utah,2021,13200000,12471486.92522279,12300000,9863333.333333334,231,2020,2016,l_lag_y + l_gdp,1.0047831039560051,0
log_ar_l_gdp,lagged,50,Vermont,2021,5320000,5178553.79670846,5230000,4993333.333333333,231,2020,2016,l_lag_y + l_gdp,1.0047831039560051,0
log_ar_l_gdp,lagged,51,Virginia,2021,54700000,54452104.70970555,53100000,50583333.333333336,231,2020,2016,l_lag_y + l_gdp,1.0047831039560051,0
log_ar_l_gdp,lagged,53,Washington,2021,16700000,15492354.047614612,15200000,15300000,231,2020,2016,l_lag_y + l_gdp,1.0047831039560051,0
log_ar_l_gdp,lagged,54,West Virginia,2021,14200000,13634556.003825383,13600000,14800000,231,2020,2016,l_lag_y + l_gdp,1.0047831039560051,0
log_ar_l_gdp,lagged,55,Wisconsin,2021,25700000,25533298.739282873,25100000,25316666.666666668,231,2020,2016,l_lag_y + l_gdp,1.0047831039560051,0
log_ar_l_gdp,lagged,56,Wyoming,2021,7440000,9542164.862842424,9560000,11315000,231,2020,2016,l_lag_y + l_gdp,1.0047831039560051,0
log_lag_all,lagged,01,Alabama,2019,41100000,37171259.49218038,36900000,36825000,140,2018,2016,l_lag_y + l_permits + l_highway + l_gdp,1.0049408887038247,0
log_lag_all,lagged,02,Alaska,2019,1540000,1275714.2715526961,1400000,1062500,140,2018,2016,l_lag_y + l_permits + l_highway + l_gdp,1.0049408887038247,0
log_lag_all,lagged,04,Arizona,2019,10900000,12342558.953101935,11800000,10330000,140,2018,2016,l_lag_y + l_permits + l_highway + l_gdp,1.0049408887038247,0
log_lag_all,lagged,05,Arkansas,2019,29600000,29173859.801381845,29000000,29275000,140,2018,2016,l_lag_y + l_permits + l_highway + l_gdp,1.0049408887038247,0
log_lag_all,lagged,06,California,2019,41900000,42738895.55125695,41100000,39025000,140,2018,2016,l_lag_y + l_permits + l_highway + l_gdp,1.0049408887038247,0
log_lag_all,lagged,08,Colorado,2019,16600000,15425834.020454912,14800000,15150000,140,2018,2016,l_lag_y + l_permits + l_highway + l_gdp,1.0049408887038247,0
log_lag_all,lagged,09,Connecticut,2019,10500000,9045971.450114807,9520000,9547500,140,2018,2016,l_lag_y + l_permits + l_highway + l_gdp,1.0049408887038247,0
log_lag_all,lagged,12,Florida,2019,81300000,82285541.00600909,76800000,73675000,140,2018,2016,l_lag_y + l_permits + l_highway + l_gdp,1.0049408887038247,0
log_lag_all,lagged,13,Georgia,2019,57600000,56521713.06277763,53300000,52075000,140,2018,2016,l_lag_y + l_permits + l_highway + l_gdp,1.0049408887038247,0
log_lag_all,lagged,15,Hawaii,2019,5770000,4566717.953980817,4680000,5040000,140,2018,2016,l_lag_y + l_permits + l_highway + l_gdp,1.0049408887038247,0
log_lag_all,lagged,16,Idaho,2019,4210000,4769377.974372678,4600000,4622500,140,2018,2016,l_lag_y + l_permits + l_highway + l_gdp,1.0049408887038247,0
log_lag_all,lagged,17,Illinois,2019,49800000,48039939.42048941,48600000,50700000,140,2018,2016,l_lag_y + l_permits + l_highway + l_gdp,1.0049408887038247,0
log_lag_all,lagged,18,Indiana,2019,51400000,51277368.24116248,50300000,49050000,140,2018,2016,l_lag_y + l_permits + l_highway + l_gdp,1.0049408887038247,0
log_lag_all,lagged,19,Iowa,2019,41700000,39284679.82651115,39200000,38000000,140,2018,2016,l_lag_y + l_permits + l_highway + l_gdp,1.0049408887038247,0
log_lag_all,lagged,20,Kansas,2019,15100000,15449416.88495669,15400000,16575000,140,2018,2016,l_lag_y + l_permits + l_highway + l_gdp,1.0049408887038247,0
log_lag_all,lagged,21,Kentucky,2019,52100000,50462757.69214592,49700000,51475000,140,2018,2016,l_lag_y + l_permits + l_highway + l_gdp,1.0049408887038247,0
log_lag_all,lagged,23,Maine,2019,4500000,3969046.7225917564,4040000,4245000,140,2018,2016,l_lag_y + l_permits + l_highway + l_gdp,1.0049408887038247,0
log_lag_all,lagged,24,Maryland,2019,25700000,22325807.483705245,22500000,22900000,140,2018,2016,l_lag_y + l_permits + l_highway + l_gdp,1.0049408887038247,0
log_lag_all,lagged,26,Michigan,2019,35400000,37720361.956478484,37400000,35375000,140,2018,2016,l_lag_y + l_permits + l_highway + l_gdp,1.0049408887038247,0
log_lag_all,lagged,27,Minnesota,2019,8010000,7846772.369292895,7710000,7487500,140,2018,2016,l_lag_y + l_permits + l_highway + l_gdp,1.0049408887038247,0
log_lag_all,lagged,28,Mississippi,2019,2090000,2015200.289703588,2060000,2055000,140,2018,2016,l_lag_y + l_permits + l_highway + l_gdp,1.0049408887038247,0
log_lag_all,lagged,29,Missouri,2019,74000000,72775988.71606472,71400000,72200000,140,2018,2016,l_lag_y + l_permits + l_highway + l_gdp,1.0049408887038247,0
log_lag_all,lagged,30,Montana,2019,2900000,2700935.7413682686,2760000,2767500,140,2018,2016,l_lag_y + l_permits + l_highway + l_gdp,1.0049408887038247,0
log_lag_all,lagged,32,Nevada,2019,12400000,12368907.711160636,12200000,10572500,140,2018,2016,l_lag_y + l_permits + l_highway + l_gdp,1.0049408887038247,0
log_lag_all,lagged,33,New Hampshire,2019,5430000,5172060.259133834,5250000,5412500,140,2018,2016,l_lag_y + l_permits + l_highway + l_gdp,1.0049408887038247,0
log_lag_all,lagged,34,New Jersey,2019,18400000,17902006.956589486,17800000,17350000,140,2018,2016,l_lag_y + l_permits + l_highway + l_gdp,1.0049408887038247,0
log_lag_all,lagged,35,New Mexico,2019,4220000,4174791.425146094,4300000,4670000,140,2018,2016,l_lag_y + l_permits + l_highway + l_gdp,1.0049408887038247,0
log_lag_all,lagged,36,New York,2019,39100000,40001206.973227635,39800000,38950000,140,2018,2016,l_lag_y + l_permits + l_highway + l_gdp,1.0049408887038247,0
log_lag_all,lagged,37,North Carolina,2019,60700000,59524758.59624327,56100000,54900000,140,2018,2016,l_lag_y + l_permits + l_highway + l_gdp,1.0049408887038247,0
log_lag_all,lagged,38,North Dakota,2019,337000,307594.3009884722,326000,568750,140,2018,2016,l_lag_y + l_permits + l_highway + l_gdp,1.0049408887038247,0
log_lag_all,lagged,39,Ohio,2019,67900000,66625105.397500165,66000000,61550000,140,2018,2016,l_lag_y + l_permits + l_highway + l_gdp,1.0049408887038247,0
log_lag_all,lagged,40,Oklahoma,2019,38400000,36707056.26725722,36800000,37050000,140,2018,2016,l_lag_y + l_permits + l_highway + l_gdp,1.0049408887038247,0
log_lag_all,lagged,42,Pennsylvania,2019,95500000,87081369.052148,87600000,88250000,140,2018,2016,l_lag_y + l_permits + l_highway + l_gdp,1.0049408887038247,0
log_lag_all,lagged,44,Rhode Island,2019,1930000,1651119.7949067003,1800000,2167500,140,2018,2016,l_lag_y + l_permits + l_highway + l_gdp,1.0049408887038247,0
log_lag_all,lagged,45,South Carolina,2019,29200000,28926380.236380935,27500000,27100000,140,2018,2016,l_lag_y + l_permits + l_highway + l_gdp,1.0049408887038247,0
log_lag_all,lagged,46,South Dakota,2019,6940000,6541660.636376851,6520000,6597500,140,2018,2016,l_lag_y + l_permits + l_highway + l_gdp,1.0049408887038247,0
log_lag_all,lagged,47,Tennessee,2019,50400000,47755065.94808869,45100000,43750000,140,2018,2016,l_lag_y + l_permits + l_highway + l_gdp,1.0049408887038247,0
log_lag_all,lagged,48,Texas,2019,191000000,192406736.65955934,178000000,163500000,140,2018,2016,l_lag_y + l_permits + l_highway + l_gdp,1.0049408887038247,0
log_lag_all,lagged,49,Utah,2019,10800000,10398104.729509573,10100000,9020000,140,2018,2016,l_lag_y + l_permits + l_highway + l_gdp,1.0049408887038247,0
log_lag_all,lagged,50,Vermont,2019,5400000,4920169.323024798,5080000,4832500,140,2018,2016,l_lag_y + l_permits + l_highway + l_gdp,1.0049408887038247,0
log_lag_all,lagged,51,Virginia,2019,51400000,50544386.9765721,49500000,49750000,140,2018,2016,l_lag_y + l_permits + l_highway + l_gdp,1.0049408887038247,0
log_lag_all,lagged,53,Washington,2019,15400000,16304766.253284184,15700000,15300000,140,2018,2016,l_lag_y + l_permits + l_highway + l_gdp,1.0049408887038247,0
log_lag_all,lagged,54,West Virginia,2019,16900000,14469990.458009489,15600000,14575000,140,2018,2016,l_lag_y + l_permits + l_highway + l_gdp,1.0049408887038247,0
log_lag_all,lagged,55,Wisconsin,2019,27800000,26732599.44212365,26300000,24750000,140,2018,2016,l_lag_y + l_permits + l_highway + l_gdp,1.0049408887038247,0
log_lag_all,lagged,56,Wyoming,2019,10900000,8822632.527315555,9330000,11857500,140,2018,2016,l_lag_y + l_permits + l_highway + l_gdp,1.0049408887038247,0
log_lag_all,lagged,01,Alabama,2020,40700000,42217620.32761567,41100000,37680000,185,2019,2016,l_lag_y + l_permits + l_highway + l_gdp,1.0045060779143224,0
log_lag_all,lagged,02,Alaska,2020,1530000,1462503.769088266,1540000,1158000,185,2019,2016,l_lag_y + l_permits + l_highway + l_gdp,1.0045060779143224,0
log_lag_all,lagged,04,Arizona,2020,11000000,11320435.339136966,10900000,10444000,185,2019,2016,l_lag_y + l_permits + l_highway + l_gdp,1.0045060779143224,0
log_lag_all,lagged,05,Arkansas,2020,31100000,30430795.30718749,29600000,29340000,185,2019,2016,l_lag_y + l_permits + l_highway + l_gdp,1.0045060779143224,0
log_lag_all,lagged,06,California,2020,40300000,43509009.15107617,41900000,39600000,185,2019,2016,l_lag_y + l_permits + l_highway + l_gdp,1.0045060779143224,0
log_lag_all,lagged,08,Colorado,2020,17300000,17228566.166210856,16600000,15440000,185,2019,2016,l_lag_y + l_permits + l_highway + l_gdp,1.0045060779143224,0
log_lag_all,lagged,09,Connecticut,2020,10300000,10386498.343013436,10500000,9738000,185,2019,2016,l_lag_y + l_permits + l_highway + l_gdp,1.0045060779143224,0
log_lag_all,lagged,12,Florida,2020,83400000,86055936.84141612,81300000,75200000,185,2019,2016,l_lag_y + l_permits + l_highway + l_gdp,1.0045060779143224,0
log_lag_all,lagged,13,Georgia,2020,59300000,60565100.81023434,57600000,53180000,185,2019,2016,l_lag_y + l_permits + l_highway + l_gdp,1.0045060779143224,0
log_lag_all,lagged,15,Hawaii,2020,5880000,5749045.0558398515,5770000,5186000,185,2019,2016,l_lag_y + l_permits + l_highway + l_gdp,1.0045060779143224,0
log_lag_all,lagged,16,Idaho,2020,4620000,4329780.993917124,4210000,4540000,185,2019,2016,l_lag_y + l_permits + l_highway + l_gdp,1.0045060779143224,0
log_lag_all,lagged,17,Illinois,2020,53700000,50224686.19279678,49800000,50520000,185,2019,2016,l_lag_y + l_permits + l_highway + l_gdp,1.0045060779143224,0
log_lag_all,lagged,18,Indiana,2020,52400000,52869081.013947465,51400000,49520000,185,2019,2016,l_lag_y + l_permits + l_highway + l_gdp,1.0045060779143224,0
log_lag_all,lagged,19,Iowa,2020,39600000,42580621.509073146,41700000,38740000,185,2019,2016,l_lag_y + l_permits + l_highway + l_gdp,1.0045060779143224,0
log_lag_all,lagged,20,Kansas,2020,17800000,15309754.503712919,15100000,16280000,185,2019,2016,l_lag_y + l_permits + l_highway + l_gdp,1.0045060779143224,0
log_lag_all,lagged,21,Kentucky,2020,50000000,53133492.794222705,52100000,51600000,185,2019,2016,l_lag_y + l_permits + l_highway + l_gdp,1.0045060779143224,0
log_lag_all,lagged,23,Maine,2020,4690000,4492285.86515094,4500000,4296000,185,2019,2016,l_lag_y + l_permits + l_highway + l_gdp,1.0045060779143224,0
log_lag_all,lagged,24,Maryland,2020,24600000,26016304.57106787,25700000,23460000,185,2019,2016,l_lag_y + l_permits + l_highway + l_gdp,1.0045060779143224,0
log_lag_all,lagged,25,Massachusetts,2020,13000000,13580355.602208568,13400000,12980000,185,2019,2016,l_lag_y + l_permits + l_highway + l_gdp,1.0045060779143224,0
log_lag_all,lagged,26,Michigan,2020,32800000,36193675.47338612,35400000,35380000,185,2019,2016,l_lag_y + l_permits + l_highway + l_gdp,1.0045060779143224,0
log_lag_all,lagged,27,Minnesota,2020,8580000,8194726.391421165,8010000,7592000,185,2019,2016,l_lag_y + l_permits + l_highway + l_gdp,1.0045060779143224,0
log_lag_all,lagged,28,Mississippi,2020,1320000,2073906.8929393275,2090000,2062000,185,2019,2016,l_lag_y + l_permits + l_highway + l_gdp,1.0045060779143224,0
log_lag_all,lagged,29,Missouri,2020,81700000,76680712.14578979,74000000,72560000,185,2019,2016,l_lag_y + l_permits + l_highway + l_gdp,1.0045060779143224,0
log_lag_all,lagged,30,Montana,2020,2890000,2873769.0714085912,2900000,2794000,185,2019,2016,l_lag_y + l_permits + l_highway + l_gdp,1.0045060779143224,0
log_lag_all,lagged,32,Nevada,2020,11200000,12739861.374204282,12400000,10938000,185,2019,2016,l_lag_y + l_permits + l_highway + l_gdp,1.0045060779143224,0
log_lag_all,lagged,33,New Hampshire,2020,5310000,5464560.0122128455,5430000,5416000,185,2019,2016,l_lag_y + l_permits + l_highway + l_gdp,1.0045060779143224,0
log_lag_all,lagged,34,New Jersey,2020,17300000,18812513.404871702,18400000,17560000,185,2019,2016,l_lag_y + l_permits + l_highway + l_gdp,1.0045060779143224,0
log_lag_all,lagged,35,New Mexico,2020,4930000,4195180.646723014,4220000,4580000,185,2019,2016,l_lag_y + l_permits + l_highway + l_gdp,1.0045060779143224,0
log_lag_all,lagged,36,New York,2020,36700000,39910271.59161259,39100000,38980000,185,2019,2016,l_lag_y + l_permits + l_highway + l_gdp,1.0045060779143224,0
log_lag_all,lagged,37,North Carolina,2020,55900000,63465022.980584815,60700000,56060000,185,2019,2016,l_lag_y + l_permits + l_highway + l_gdp,1.0045060779143224,0
log_lag_all,lagged,38,North Dakota,2020,411000,322194.0874149532,337000,522400,185,2019,2016,l_lag_y + l_permits + l_highway + l_gdp,1.0045060779143224,0
log_lag_all,lagged,39,Ohio,2020,66800000,69496139.61050206,67900000,62820000,185,2019,2016,l_lag_y + l_permits + l_highway + l_gdp,1.0045060779143224,0
log_lag_all,lagged,40,Oklahoma,2020,38300000,39101518.94059198,38400000,37320000,185,2019,2016,l_lag_y + l_permits + l_highway + l_gdp,1.0045060779143224,0
log_lag_all,lagged,42,Pennsylvania,2020,88500000,96967812.89044681,95500000,89700000,185,2019,2016,l_lag_y + l_permits + l_highway + l_gdp,1.0045060779143224,0
log_lag_all,lagged,44,Rhode Island,2020,2030000,1848778.2235902098,1930000,2120000,185,2019,2016,l_lag_y + l_permits + l_highway + l_gdp,1.0045060779143224,0
log_lag_all,lagged,45,South Carolina,2020,27900000,30349704.32137283,29200000,27520000,185,2019,2016,l_lag_y + l_permits + l_highway + l_gdp,1.0045060779143224,0
log_lag_all,lagged,46,South Dakota,2020,8000000,7014621.866000139,6940000,6666000,185,2019,2016,l_lag_y + l_permits + l_highway + l_gdp,1.0045060779143224,0
log_lag_all,lagged,47,Tennessee,2020,52300000,53195084.12976712,50400000,45080000,185,2019,2016,l_lag_y + l_permits + l_highway + l_gdp,1.0045060779143224,0
log_lag_all,lagged,48,Texas,2020,189000000,203520024.42676088,191000000,169000000,185,2019,2016,l_lag_y + l_permits + l_highway + l_gdp,1.0045060779143224,0
log_lag_all,lagged,49,Utah,2020,12300000,11155935.17654773,10800000,9376000,185,2019,2016,l_lag_y + l_permits + l_highway + l_gdp,1.0045060779143224,0
log_lag_all,lagged,50,Vermont,2020,5230000,5351444.218266376,5400000,4946000,185,2019,2016,l_lag_y + l_permits + l_highway + l_gdp,1.0045060779143224,0
log_lag_all,lagged,51,Virginia,2020,53100000,53271640.39008099,51400000,50080000,185,2019,2016,l_lag_y + l_permits + l_highway + l_gdp,1.0045060779143224,0
log_lag_all,lagged,53,Washington,2020,15200000,15940936.146203814,15400000,15320000,185,2019,2016,l_lag_y + l_permits + l_highway + l_gdp,1.0045060779143224,0
log_lag_all,lagged,54,West Virginia,2020,13600000,16579043.181974223,16900000,15040000,185,2019,2016,l_lag_y + l_permits + l_highway + l_gdp,1.0045060779143224,0
log_lag_all,lagged,55,Wisconsin,2020,25100000,28329242.200865354,27800000,25360000,185,2019,2016,l_lag_y + l_permits + l_highway + l_gdp,1.0045060779143224,0
log_lag_all,lagged,56,Wyoming,2020,9560000,10666170.263981298,10900000,11666000,185,2019,2016,l_lag_y + l_permits + l_highway + l_gdp,1.0045060779143224,0
log_lag_all,lagged,01,Alabama,2021,43800000,41749978.85961846,40700000,38183333.333333336,231,2020,2016,l_lag_y + l_permits + l_highway + l_gdp,1.0046671080010996,0
log_lag_all,lagged,02,Alaska,2021,807000,1454882.920939411,1530000,1220000,231,2020,2016,l_lag_y + l_permits + l_highway + l_gdp,1.0046671080010996,0
log_lag_all,lagged,04,Arizona,2021,11400000,11564508.721264321,11000000,10536666.666666666,231,2020,2016,l_lag_y + l_permits + l_highway + l_gdp,1.0046671080010996,0
log_lag_all,lagged,05,Arkansas,2021,34100000,31553197.334762096,31100000,29633333.333333332,231,2020,2016,l_lag_y + l_permits + l_highway + l_gdp,1.0046671080010996,0
log_lag_all,lagged,06,California,2021,38300000,41464941.98740372,40300000,39716666.666666664,231,2020,2016,l_lag_y + l_permits + l_highway + l_gdp,1.0046671080010996,0
log_lag_all,lagged,08,Colorado,2021,17000000,17944314.034923047,17300000,15750000,231,2020,2016,l_lag_y + l_permits + l_highway + l_gdp,1.0046671080010996,0
log_lag_all,lagged,09,Connecticut,2021,10400000,10159526.007536357,10300000,9831666.666666666,231,2020,2016,l_lag_y + l_permits + l_highway + l_gdp,1.0046671080010996,0
log_lag_all,lagged,12,Florida,2021,86600000,86736417.97367397,83400000,76566666.66666667,231,2020,2016,l_lag_y + l_permits + l_highway + l_gdp,1.0046671080010996,0
log_lag_all,lagged,13,Georgia,2021,61200000,61970989.4523642,59300000,54200000,231,2020,2016,l_lag_y + l_permits + l_highway + l_gdp,1.0046671080010996,0
log_lag_all,lagged,15,Hawaii,2021,5850000,5898133.948763256,5880000,5301666.666666667,231,2020,2016,l_lag_y + l_permits + l_highway + l_gdp,1.0046671080010996,0
log_lag_all,lagged,16,Idaho,2021,5370000,4782624.003868771,4620000,4553333.333333333,231,2020,2016,l_lag_y + l_permits + l_highway + l_gdp,1.0046671080010996,0
log_lag_all,lagged,17,Illinois,2021,51500000,52995636.34936241,53700000,51050000,231,2020,2016,l_lag_y + l_permits + l_highway + l_gdp,1.0046671080010996,0
log_lag_all,lagged,18,Indiana,2021,52300000,53440151.893435344,52400000,50000000,231,2020,2016,l_lag_y + l_permits + l_highway + l_gdp,1.0046671080010996,0
log_lag_all,lagged,19,Iowa,2021,35600000,40028530.25996208,39600000,38883333.333333336,231,2020,2016,l_lag_y + l_permits + l_highway + l_gdp,1.0046671080010996,0
log_lag_all,lagged,20,Kansas,2021,19400000,17988147.66817522,17800000,16533333.333333334,231,2020,2016,l_lag_y + l_permits + l_highway + l_gdp,1.0046671080010996,0
log_lag_all,lagged,21,Kentucky,2021,51100000,50284741.337127045,50000000,51333333.333333336,231,2020,2016,l_lag_y + l_permits + l_highway + l_gdp,1.0046671080010996,0
log_lag_all,lagged,23,Maine,2021,4700000,4664455.997634979,4690000,4361666.666666667,231,2020,2016,l_lag_y + l_permits + l_highway + l_gdp,1.0046671080010996,0
log_lag_all,lagged,24,Maryland,2021,25700000,24836740.275598787,24600000,23650000,231,2020,2016,l_lag_y + l_permits + l_highway + l_gdp,1.0046671080010996,0
log_lag_all,lagged,26,Michigan,2021,36000000,33321601.03308805,32800000,34950000,231,2020,2016,l_lag_y + l_permits + l_highway + l_gdp,1.0046671080010996,0
log_lag_all,lagged,27,Minnesota,2021,9130000,8776935.007779405,8580000,7756666.666666667,231,2020,2016,l_lag_y + l_permits + l_highway + l_gdp,1.0046671080010996,0
log_lag_all,lagged,28,Mississippi,2021,1320000,1311325.5299401009,1320000,1938333.3333333333,231,2020,2016,l_lag_y + l_permits + l_highway + l_gdp,1.0046671080010996,0
log_lag_all,lagged,29,Missouri,2021,85500000,84391214.96495162,81700000,74083333.33333333,231,2020,2016,l_lag_y + l_permits + l_highway + l_gdp,1.0046671080010996,0
log_lag_all,lagged,30,Montana,2021,2890000,2876598.4235783606,2890000,2810000,231,2020,2016,l_lag_y + l_permits + l_highway + l_gdp,1.0046671080010996,0
log_lag_all,lagged,32,Nevada,2021,9960000,11670321.1762989,11200000,10981666.666666666,231,2020,2016,l_lag_y + l_permits + l_highway + l_gdp,1.0046671080010996,0
log_lag_all,lagged,33,New Hampshire,2021,5070000,5365103.805526516,5310000,5398333.333333333,231,2020,2016,l_lag_y + l_permits + l_highway + l_gdp,1.0046671080010996,0
log_lag_all,lagged,34,New Jersey,2021,17700000,17509141.989098515,17300000,17516666.666666668,231,2020,2016,l_lag_y + l_permits + l_highway + l_gdp,1.0046671080010996,0
log_lag_all,lagged,35,New Mexico,2021,4270000,4931421.598104908,4930000,4638333.333333333,231,2020,2016,l_lag_y + l_permits + l_highway + l_gdp,1.0046671080010996,0
log_lag_all,lagged,36,New York,2021,40600000,36860377.252770804,36700000,38600000,231,2020,2016,l_lag_y + l_permits + l_highway + l_gdp,1.0046671080010996,0
log_lag_all,lagged,37,North Carolina,2021,62300000,57466445.15656383,55900000,56033333.333333336,231,2020,2016,l_lag_y + l_permits + l_highway + l_gdp,1.0046671080010996,0
log_lag_all,lagged,38,North Dakota,2021,321000,403234.1038813118,411000,503833.3333333333,231,2020,2016,l_lag_y + l_permits + l_highway + l_gdp,1.0046671080010996,0
log_lag_all,lagged,39,Ohio,2021,72600000,68179424.43565008,66800000,63483333.333333336,231,2020,2016,l_lag_y + l_permits + l_highway + l_gdp,1.0046671080010996,0
log_lag_all,lagged,40,Oklahoma,2021,41500000,38590817.93407823,38300000,37483333.333333336,231,2020,2016,l_lag_y + l_permits + l_highway + l_gdp,1.0046671080010996,0
log_lag_all,lagged,41,Oregon,2021,21600000,20558894.0837598,20200000,20266666.666666668,231,2020,2016,l_lag_y + l_permits + l_highway + l_gdp,1.0046671080010996,0
log_lag_all,lagged,42,Pennsylvania,2021,93400000,88813046.66507296,88500000,89500000,231,2020,2016,l_lag_y + l_permits + l_highway + l_gdp,1.0046671080010996,0
log_lag_all,lagged,44,Rhode Island,2021,2150000,1954627.7161448228,2030000,2105000,231,2020,2016,l_lag_y + l_permits + l_highway + l_gdp,1.0046671080010996,0
log_lag_all,lagged,45,South Carolina,2021,31000000,28677186.392377224,27900000,27583333.333333332,231,2020,2016,l_lag_y + l_permits + l_highway + l_gdp,1.0046671080010996,0
log_lag_all,lagged,46,South Dakota,2021,8300000,8100834.6174877705,8000000,6888333.333333333,231,2020,2016,l_lag_y + l_permits + l_highway + l_gdp,1.0046671080010996,0
log_lag_all,lagged,47,Tennessee,2021,56900000,54863605.17306451,52300000,46283333.333333336,231,2020,2016,l_lag_y + l_permits + l_highway + l_gdp,1.0046671080010996,0
log_lag_all,lagged,48,Texas,2021,190000000,196339236.58488104,189000000,172333333.33333334,231,2020,2016,l_lag_y + l_permits + l_highway + l_gdp,1.0046671080010996,0
log_lag_all,lagged,49,Utah,2021,13200000,12685924.658379396,12300000,9863333.333333334,231,2020,2016,l_lag_y + l_permits + l_highway + l_gdp,1.0046671080010996,0
log_lag_all,lagged,50,Vermont,2021,5320000,5218134.219313869,5230000,4993333.333333333,231,2020,2016,l_lag_y + l_permits + l_highway + l_gdp,1.0046671080010996,0
log_lag_all,lagged,51,Virginia,2021,54700000,54652339.40238221,53100000,50583333.333333336,231,2020,2016,l_lag_y + l_permits + l_highway + l_gdp,1.0046671080010996,0
log_lag_all,lagged,53,Washington,2021,16700000,15639429.48212143,15200000,15300000,231,2020,2016,l_lag_y + l_permits + l_highway + l_gdp,1.0046671080010996,0
log_lag_all,lagged,54,West Virginia,2021,14200000,13101661.96791241,13600000,14800000,231,2020,2016,l_lag_y + l_permits + l_highway + l_gdp,1.0046671080010996,0
log_lag_all,lagged,55,Wisconsin,2021,25700000,25498477.494584475,25100000,25316666.666666668,231,2020,2016,l_lag_y + l_permits + l_highway + l_gdp,1.0046671080010996,0
log_lag_all,lagged,56,Wyoming,2021,7440000,9390963.073997496,9560000,11315000,231,2020,2016,l_lag_y + l_permits + l_highway + l_gdp,1.0046671080010996,0
levels_lag_all,lagged,01,Alabama,2019,41100000,37081835.442296565,36900000,36825000,140,2018,2016,l_lag_y + l_permits + l_highway + l_gdp,1,1
levels_lag_all,lagged,02,Alaska,2019,1540000,904387.693305941,1400000,1062500,140,2018,2016,l_lag_y + l_permits + l_highway + l_gdp,1,1
levels_lag_all,lagged,04,Arizona,2019,10900000,13026102.855494764,11800000,10330000,140,2018,2016,l_lag_y + l_permits + l_highway + l_gdp,1,1
levels_lag_all,lagged,05,Arkansas,2019,29600000,29079717.74002862,29000000,29275000,140,2018,2016,l_lag_y + l_permits + l_highway + l_gdp,1,1
levels_lag_all,lagged,06,California,2019,41900000,42471272.453481965,41100000,39025000,140,2018,2016,l_lag_y + l_permits + l_highway + l_gdp,1,1
levels_lag_all,lagged,08,Colorado,2019,16600000,15934960.215477668,14800000,15150000,140,2018,2016,l_lag_y + l_permits + l_highway + l_gdp,1,1
levels_lag_all,lagged,09,Connecticut,2019,10500000,9070079.837975739,9520000,9547500,140,2018,2016,l_lag_y + l_permits + l_highway + l_gdp,1,1
levels_lag_all,lagged,12,Florida,2019,81300000,81799814.239167,76800000,73675000,140,2018,2016,l_lag_y + l_permits + l_highway + l_gdp,1,1
levels_lag_all,lagged,13,Georgia,2019,57600000,55466403.12388748,53300000,52075000,140,2018,2016,l_lag_y + l_permits + l_highway + l_gdp,1,1
levels_lag_all,lagged,15,Hawaii,2019,5770000,4398452.177587636,4680000,5040000,140,2018,2016,l_lag_y + l_permits + l_highway + l_gdp,1,1
levels_lag_all,lagged,16,Idaho,2019,4210000,4921269.769823155,4600000,4622500,140,2018,2016,l_lag_y + l_permits + l_highway + l_gdp,1,1
levels_lag_all,lagged,17,Illinois,2019,49800000,48197176.98010306,48600000,50700000,140,2018,2016,l_lag_y + l_permits + l_highway + l_gdp,1,1
levels_lag_all,lagged,18,Indiana,2019,51400000,50809274.61026825,50300000,49050000,140,2018,2016,l_lag_y + l_permits + l_highway + l_gdp,1,1
levels_lag_all,lagged,19,Iowa,2019,41700000,39353681.48568108,39200000,38000000,140,2018,2016,l_lag_y + l_permits + l_highway + l_gdp,1,1
levels_lag_all,lagged,20,Kansas,2019,15100000,15384529.904142806,15400000,16575000,140,2018,2016,l_lag_y + l_permits + l_highway + l_gdp,1,1
levels_lag_all,lagged,21,Kentucky,2019,52100000,50098421.55807167,49700000,51475000,140,2018,2016,l_lag_y + l_permits + l_highway + l_gdp,1,1
levels_lag_all,lagged,23,Maine,2019,4500000,3801126.8195769633,4040000,4245000,140,2018,2016,l_lag_y + l_permits + l_highway + l_gdp,1,1
levels_lag_all,lagged,24,Maryland,2019,25700000,22246974.559618242,22500000,22900000,140,2018,2016,l_lag_y + l_permits + l_highway + l_gdp,1,1
levels_lag_all,lagged,26,Michigan,2019,35400000,37587563.624289006,37400000,35375000,140,2018,2016,l_lag_y + l_permits + l_highway + l_gdp,1,1
levels_lag_all,lagged,27,Minnesota,2019,8010000,8060675.279825905,7710000,7487500,140,2018,2016,l_lag_y + l_permits + l_highway + l_gdp,1,1
levels_lag_all,lagged,28,Mississippi,2019,2090000,1817608.217127091,2060000,2055000,140,2018,2016,l_lag_y + l_permits + l_highway + l_gdp,1,1
levels_lag_all,lagged,29,Missouri,2019,74000000,72047990.77081431,71400000,72200000,140,2018,2016,l_lag_y + l_permits + l_highway + l_gdp,1,1
levels_lag_all,lagged,30,Montana,2019,2900000,2511390.3067365284,2760000,2767500,140,2018,2016,l_lag_y + l_permits + l_highway + l_gdp,1,1
levels_lag_all,lagged,32,Nevada,2019,12400000,12369594.950739969,12200000,10572500,140,2018,2016,l_lag_y + l_permits + l_highway + l_gdp,1,1
levels_lag_all,lagged,33,New Hampshire,2019,5430000,5031037.83710697,5250000,5412500,140,2018,2016,l_lag_y + l_permits + l_highway + l_gdp,1,1
levels_lag_all,lagged,34,New Jersey,2019,18400000,17827798.618335526,17800000,17350000,140,2018,2016,l_lag_y + l_permits + l_highway + l_gdp,1,1
levels_lag_all,lagged,35,New Mexico,2019,4220000,4014610.4753104514,4300000,4670000,140,2018,2016,l_lag_y + l_permits + l_highway + l_gdp,1,1
levels_lag_all,lagged,36,New York,2019,39100000,39464506.605697654,39800000,38950000,140,2018,2016,l_lag_y + l_permits + l_highway + l_gdp,1,1
levels_lag_all,lagged,37,North Carolina,2019,60700000,58642727.441418916,56100000,54900000,140,2018,2016,l_lag_y + l_permits + l_highway + l_gdp,1,1
levels_lag_all,lagged,38,North Dakota,2019,337000,0,326000,568750,140,2018,2016,l_lag_y + l_permits + l_highway + l_gdp,1,1
levels_lag_all,lagged,39,Ohio,2019,67900000,66355705.97624338,66000000,61550000,140,2018,2016,l_lag_y + l_permits + l_highway + l_gdp,1,1
levels_lag_all,lagged,40,Oklahoma,2019,38400000,36867062.15035862,36800000,37050000,140,2018,2016,l_lag_y + l_permits + l_highway + l_gdp,1,1
levels_lag_all,lagged,42,Pennsylvania,2019,95500000,87532931.66705197,87600000,88250000,140,2018,2016,l_lag_y + l_permits + l_highway + l_gdp,1,1
levels_lag_all,lagged,44,Rhode Island,2019,1930000,1388904.6664901208,1800000,2167500,140,2018,2016,l_lag_y + l_permits + l_highway + l_gdp,1,1
levels_lag_all,lagged,45,South Carolina,2019,29200000,28702919.220366735,27500000,27100000,140,2018,2016,l_lag_y + l_permits + l_highway + l_gdp,1,1
levels_lag_all,lagged,46,South Dakota,2019,6940000,6375475.256438981,6520000,6597500,140,2018,2016,l_lag_y + l_permits + l_highway + l_gdp,1,1
levels_lag_all,lagged,47,Tennessee,2019,50400000,46577096.5238452,45100000,43750000,140,2018,2016,l_lag_y + l_permits + l_highway + l_gdp,1,1
levels_lag_all,lagged,48,Texas,2019,191000000,185361546.0618278,178000000,163500000,140,2018,2016,l_lag_y + l_permits + l_highway + l_gdp,1,1
levels_lag_all,lagged,49,Utah,2019,10800000,10639594.538482595,10100000,9020000,140,2018,2016,l_lag_y + l_permits + l_highway + l_gdp,1,1
levels_lag_all,lagged,50,Vermont,2019,5400000,4793051.153132581,5080000,4832500,140,2018,2016,l_lag_y + l_permits + l_highway + l_gdp,1,1
levels_lag_all,lagged,51,Virginia,2019,51400000,50072439.236311816,49500000,49750000,140,2018,2016,l_lag_y + l_permits + l_highway + l_gdp,1,1
levels_lag_all,lagged,53,Washington,2019,15400000,16895867.732299298,15700000,15300000,140,2018,2016,l_lag_y + l_permits + l_highway + l_gdp,1,1
levels_lag_all,lagged,54,West Virginia,2019,16900000,15002155.862439144,15600000,14575000,140,2018,2016,l_lag_y + l_permits + l_highway + l_gdp,1,1
levels_lag_all,lagged,55,Wisconsin,2019,27800000,26581180.96098948,26300000,24750000,140,2018,2016,l_lag_y + l_permits + l_highway + l_gdp,1,1
levels_lag_all,lagged,56,Wyoming,2019,10900000,9016654.70226193,9330000,11857500,140,2018,2016,l_lag_y + l_permits + l_highway + l_gdp,1,1
levels_lag_all,lagged,01,Alabama,2020,40700000,42036512.57220703,41100000,37680000,185,2019,2016,l_lag_y + l_permits + l_highway + l_gdp,1,1
levels_lag_all,lagged,02,Alaska,2020,1530000,1043831.60002733,1540000,1158000,185,2019,2016,l_lag_y + l_permits + l_highway + l_gdp,1,1
levels_lag_all,lagged,04,Arizona,2020,11000000,12157557.162496371,10900000,10444000,185,2019,2016,l_lag_y + l_permits + l_highway + l_gdp,1,1
levels_lag_all,lagged,05,Arkansas,2020,31100000,30272963.098069035,29600000,29340000,185,2019,2016,l_lag_y + l_permits + l_highway + l_gdp,1,1
levels_lag_all,lagged,06,California,2020,40300000,42715697.30531204,41900000,39600000,185,2019,2016,l_lag_y + l_permits + l_highway + l_gdp,1,1
levels_lag_all,lagged,08,Colorado,2020,17300000,17525838.97658591,16600000,15440000,185,2019,2016,l_lag_y + l_permits + l_highway + l_gdp,1,1
levels_lag_all,lagged,09,Connecticut,2020,10300000,10230062.325077917,10500000,9738000,185,2019,2016,l_lag_y + l_permits + l_highway + l_gdp,1,1
levels_lag_all,lagged,12,Florida,2020,83400000,87070490.84503546,81300000,75200000,185,2019,2016,l_lag_y + l_permits + l_highway + l_gdp,1,1
levels_lag_all,lagged,13,Georgia,2020,59300000,60031174.63171733,57600000,53180000,185,2019,2016,l_lag_y + l_permits + l_highway + l_gdp,1,1
levels_lag_all,lagged,15,Hawaii,2020,5880000,5529592.094019235,5770000,5186000,185,2019,2016,l_lag_y + l_permits + l_highway + l_gdp,1,1
levels_lag_all,lagged,16,Idaho,2020,4620000,4552202.545905953,4210000,4540000,185,2019,2016,l_lag_y + l_permits + l_highway + l_gdp,1,1
levels_lag_all,lagged,17,Illinois,2020,53700000,49986282.84070802,49800000,50520000,185,2019,2016,l_lag_y + l_permits + l_highway + l_gdp,1,1
levels_lag_all,lagged,18,Indiana,2020,52400000,52546965.0441915,51400000,49520000,185,2019,2016,l_lag_y + l_permits + l_highway + l_gdp,1,1
levels_lag_all,lagged,19,Iowa,2020,39600000,42500934.41292654,41700000,38740000,185,2019,2016,l_lag_y + l_permits + l_highway + l_gdp,1,1
levels_lag_all,lagged,20,Kansas,2020,17800000,15194039.399521222,15100000,16280000,185,2019,2016,l_lag_y + l_permits + l_highway + l_gdp,1,1
levels_lag_all,lagged,21,Kentucky,2020,50000000,53120314.185429744,52100000,51600000,185,2019,2016,l_lag_y + l_permits + l_highway + l_gdp,1,1
levels_lag_all,lagged,23,Maine,2020,4690000,4309403.939382787,4500000,4296000,185,2019,2016,l_lag_y + l_permits + l_highway + l_gdp,1,1
levels_lag_all,lagged,24,Maryland,2020,24600000,25718543.42228444,25700000,23460000,185,2019,2016,l_lag_y + l_permits + l_highway + l_gdp,1,1
levels_lag_all,lagged,25,Massachusetts,2020,13000000,13253373.803246366,13400000,12980000,185,2019,2016,l_lag_y + l_permits + l_highway + l_gdp,1,1
levels_lag_all,lagged,26,Michigan,2020,32800000,35998257.74300723,35400000,35380000,185,2019,2016,l_lag_y + l_permits + l_highway + l_gdp,1,1
levels_lag_all,lagged,27,Minnesota,2020,8580000,8389958.769456666,8010000,7592000,185,2019,2016,l_lag_y + l_permits + l_highway + l_gdp,1,1
levels_lag_all,lagged,28,Mississippi,2020,1320000,1842801.1612993754,2090000,2062000,185,2019,2016,l_lag_y + l_permits + l_highway + l_gdp,1,1
levels_lag_all,lagged,29,Missouri,2020,81700000,75782226.72584704,74000000,72560000,185,2019,2016,l_lag_y + l_permits + l_highway + l_gdp,1,1
levels_lag_all,lagged,30,Montana,2020,2890000,2639552.236047153,2900000,2794000,185,2019,2016,l_lag_y + l_permits + l_highway + l_gdp,1,1
levels_lag_all,lagged,32,Nevada,2020,11200000,12745243.695302367,12400000,10938000,185,2019,2016,l_lag_y + l_permits + l_highway + l_gdp,1,1
levels_lag_all,lagged,33,New Hampshire,2020,5310000,5297470.58727497,5430000,5416000,185,2019,2016,l_lag_y + l_permits + l_highway + l_gdp,1,1
levels_lag_all,lagged,34,New Jersey,2020,17300000,18888201.03833426,18400000,17560000,185,2019,2016,l_lag_y + l_permits + l_highway + l_gdp,1,1
levels_lag_all,lagged,35,New Mexico,2020,4930000,3979132.159568941,4220000,4580000,185,2019,2016,l_lag_y + l_permits + l_highway + l_gdp,1,1
levels_lag_all,lagged,36,New York,2020,36700000,39136601.5673371,39100000,38980000,185,2019,2016,l_lag_y + l_permits + l_highway + l_gdp,1,1
levels_lag_all,lagged,37,North Carolina,2020,55900000,63454407.60012614,60700000,56060000,185,2019,2016,l_lag_y + l_permits + l_highway + l_gdp,1,1
levels_lag_all,lagged,38,North Dakota,2020,411000,0,337000,522400,185,2019,2016,l_lag_y + l_permits + l_highway + l_gdp,1,1
levels_lag_all,lagged,39,Ohio,2020,66800000,69095902.08279122,67900000,62820000,185,2019,2016,l_lag_y + l_permits + l_highway + l_gdp,1,1
levels_lag_all,lagged,40,Oklahoma,2020,38300000,39084886.47258744,38400000,37320000,185,2019,2016,l_lag_y + l_permits + l_highway + l_gdp,1,1
levels_lag_all,lagged,42,Pennsylvania,2020,88500000,96840146.93441184,95500000,89700000,185,2019,2016,l_lag_y + l_permits + l_highway + l_gdp,1,1
levels_lag_all,lagged,44,Rhode Island,2020,2030000,1533737.5618128786,1930000,2120000,185,2019,2016,l_lag_y + l_permits + l_highway + l_gdp,1,1
levels_lag_all,lagged,45,South Carolina,2020,27900000,30519095.746331636,29200000,27520000,185,2019,2016,l_lag_y + l_permits + l_highway + l_gdp,1,1
levels_lag_all,lagged,46,South Dakota,2020,8000000,6858873.115195908,6940000,6666000,185,2019,2016,l_lag_y + l_permits + l_highway + l_gdp,1,1
levels_lag_all,lagged,47,Tennessee,2020,52300000,52677319.36947212,50400000,45080000,185,2019,2016,l_lag_y + l_permits + l_highway + l_gdp,1,1
levels_lag_all,lagged,48,Texas,2020,189000000,200568565.70394313,191000000,169000000,185,2019,2016,l_lag_y + l_permits + l_highway + l_gdp,1,1
levels_lag_all,lagged,49,Utah,2020,12300000,11473030.970903216,10800000,9376000,185,2019,2016,l_lag_y + l_permits + l_highway + l_gdp,1,1
levels_lag_all,lagged,50,Vermont,2020,5230000,5195364.840294607,5400000,4946000,185,2019,2016,l_lag_y + l_permits + l_highway + l_gdp,1,1
levels_lag_all,lagged,51,Virginia,2020,53100000,52783029.27778413,51400000,50080000,185,2019,2016,l_lag_y + l_permits + l_highway + l_gdp,1,1
levels_lag_all,lagged,53,Washington,2020,15200000,16519908.45457425,15400000,15320000,185,2019,2016,l_lag_y + l_permits + l_highway + l_gdp,1,1
levels_lag_all,lagged,54,West Virginia,2020,13600000,16796957.06749879,16900000,15040000,185,2019,2016,l_lag_y + l_permits + l_highway + l_gdp,1,1
levels_lag_all,lagged,55,Wisconsin,2020,25100000,28223126.504817102,27800000,25360000,185,2019,2016,l_lag_y + l_permits + l_highway + l_gdp,1,1
levels_lag_all,lagged,56,Wyoming,2020,9560000,10754501.526392354,10900000,11666000,185,2019,2016,l_lag_y + l_permits + l_highway + l_gdp,1,1
levels_lag_all,lagged,01,Alabama,2021,43800000,41559360.58671951,40700000,38183333.333333336,231,2020,2016,l_lag_y + l_permits + l_highway + l_gdp,1,0
levels_lag_all,lagged,02,Alaska,2021,807000,1170752.7848471885,1530000,1220000,231,2020,2016,l_lag_y + l_permits + l_highway + l_gdp,1,0
levels_lag_all,lagged,04,Arizona,2021,11400000,12616620.023575975,11000000,10536666.666666666,231,2020,2016,l_lag_y + l_permits + l_highway + l_gdp,1,0
levels_lag_all,lagged,05,Arkansas,2021,34100000,31624539.561135184,31100000,29633333.333333332,231,2020,2016,l_lag_y + l_permits + l_highway + l_gdp,1,0
levels_lag_all,lagged,06,California,2021,38300000,40535750.09817841,40300000,39716666.666666664,231,2020,2016,l_lag_y + l_permits + l_highway + l_gdp,1,0
levels_lag_all,lagged,08,Colorado,2021,17000000,18102848.699617572,17300000,15750000,231,2020,2016,l_lag_y + l_permits + l_highway + l_gdp,1,0
levels_lag_all,lagged,09,Connecticut,2021,10400000,10058057.302621152,10300000,9831666.666666666,231,2020,2016,l_lag_y + l_permits + l_highway + l_gdp,1,0
levels_lag_all,lagged,12,Florida,2021,86600000,87883917.79441302,83400000,76566666.66666667,231,2020,2016,l_lag_y + l_permits + l_highway + l_gdp,1,0
levels_lag_all,lagged,13,Georgia,2021,61200000,61310707.8015078,59300000,54200000,231,2020,2016,l_lag_y + l_permits + l_highway + l_gdp,1,0
levels_lag_all,lagged,15,Hawaii,2021,5850000,5731396.1012055725,5880000,5301666.666666667,231,2020,2016,l_lag_y + l_permits + l_highway + l_gdp,1,0
levels_lag_all,lagged,16,Idaho,2021,5370000,5022551.54042152,4620000,4553333.333333333,231,2020,2016,l_lag_y + l_permits + l_highway + l_gdp,1,0
levels_lag_all,lagged,17,Illinois,2021,51500000,53244835.62864888,53700000,51050000,231,2020,2016,l_lag_y + l_permits + l_highway + l_gdp,1,0
levels_lag_all,lagged,18,Indiana,2021,52300000,53301715.57460145,52400000,50000000,231,2020,2016,l_lag_y + l_permits + l_highway + l_gdp,1,0
levels_lag_all,lagged,19,Iowa,2021,35600000,40157216.00431304,39600000,38883333.333333336,231,2020,2016,l_lag_y + l_permits + l_highway + l_gdp,1,0
levels_lag_all,lagged,20,Kansas,2021,19400000,17932229.1862275,17800000,16533333.333333334,231,2020,2016,l_lag_y + l_permits + l_highway + l_gdp,1,0
levels_lag_all,lagged,21,Kentucky,2021,51100000,50686186.8976393,50000000,51333333.333333336,231,2020,2016,l_lag_y + l_permits + l_highway + l_gdp,1,0
levels_lag_all,lagged,23,Maine,2021,4700000,4565793.994149722,4690000,4361666.666666667,231,2020,2016,l_lag_y + l_permits + l_highway + l_gdp,1,0
levels_lag_all,lagged,24,Maryland,2021,25700000,24523394.967984296,24600000,23650000,231,2020,2016,l_lag_y + l_permits + l_highway + l_gdp,1,0
levels_lag_all,lagged,26,Michigan,2021,36000000,33153087.30569818,32800000,34950000,231,2020,2016,l_lag_y + l_permits + l_highway + l_gdp,1,0
levels_lag_all,lagged,27,Minnesota,2021,9130000,8863684.266598077,8580000,7756666.666666667,231,2020,2016,l_lag_y + l_permits + l_highway + l_gdp,1,0
levels_lag_all,lagged,28,Mississippi,2021,1320000,1158306.8762185536,1320000,1938333.3333333333,231,2020,2016,l_lag_y + l_permits + l_highway + l_gdp,1,0
levels_lag_all,lagged,29,Missouri,2021,85500000,83373935.1254757,81700000,74083333.33333333,231,2020,2016,l_lag_y + l_permits + l_highway + l_gdp,1,0
levels_lag_all,lagged,30,Montana,2021,2890000,2741331.4879994974,2890000,2810000,231,2020,2016,l_lag_y + l_permits + l_highway + l_gdp,1,0
levels_lag_all,lagged,32,Nevada,2021,9960000,11536606.081663802,11200000,10981666.666666666,231,2020,2016,l_lag_y + l_permits + l_highway + l_gdp,1,0
levels_lag_all,lagged,33,New Hampshire,2021,5070000,5263072.601119582,5310000,5398333.333333333,231,2020,2016,l_lag_y + l_permits + l_highway + l_gdp,1,0
levels_lag_all,lagged,34,New Jersey,2021,17700000,17493154.766491454,17300000,17516666.666666668,231,2020,2016,l_lag_y + l_permits + l_highway + l_gdp,1,0
levels_lag_all,lagged,35,New Mexico,2021,4270000,4801400.920356479,4930000,4638333.333333333,231,2020,2016,l_lag_y + l_permits + l_highway + l_gdp,1,0
levels_lag_all,lagged,36,New York,2021,40600000,36086056.58742256,36700000,38600000,231,2020,2016,l_lag_y + l_permits + l_highway + l_gdp,1,0
levels_lag_all,lagged,37,North Carolina,2021,62300000,58003901.79833574,55900000,56033333.333333336,231,2020,2016,l_lag_y + l_permits + l_highway + l_gdp,1,0
levels_lag_all,lagged,38,North Dakota,2021,321000,181139.01064760284,411000,503833.3333333333,231,2020,2016,l_lag_y + l_permits + l_highway + l_gdp,1,0
levels_lag_all,lagged,39,Ohio,2021,72600000,67850520.5112031,66800000,63483333.333333336,231,2020,2016,l_lag_y + l_permits + l_highway + l_gdp,1,0
levels_lag_all,lagged,40,Oklahoma,2021,41500000,38813454.121605106,38300000,37483333.333333336,231,2020,2016,l_lag_y + l_permits + l_highway + l_gdp,1,0
levels_lag_all,lagged,41,Oregon,2021,21600000,20502208.50305551,20200000,20266666.666666668,231,2020,2016,l_lag_y + l_permits + l_highway + l_gdp,1,0
levels_lag_all,lagged,42,Pennsylvania,2021,93400000,89281355.69855802,88500000,89500000,231,2020,2016,l_lag_y + l_permits + l_highway + l_gdp,1,0
levels_lag_all,lagged,44,Rhode Island,2021,2150000,1756197.612585237,2030000,2105000,231,2020,2016,l_lag_y + l_permits + l_highway + l_gdp,1,0
levels_lag_all,lagged,45,South Carolina,2021,31000000,29017544.349975813,27900000,27583333.333333332,231,2020,2016,l_lag_y + l_permits + l_highway + l_gdp,1,0
levels_lag_all,lagged,46,South Dakota,2021,8300000,8056567.538426507,8000000,6888333.333333333,231,2020,2016,l_lag_y + l_permits + l_highway + l_gdp,1,0
levels_lag_all,lagged,47,Tennessee,2021,56900000,54461743.51809303,52300000,46283333.333333336,231,2020,2016,l_lag_y + l_permits + l_highway + l_gdp,1,0
levels_lag_all,lagged,48,Texas,2021,190000000,196115139.60544914,189000000,172333333.33333334,231,2020,2016,l_lag_y + l_permits + l_highway + l_gdp,1,0
levels_lag_all,lagged,49,Utah,2021,13200000,12908278.320969284,12300000,9863333.333333334,231,2020,2016,l_lag_y + l_permits + l_highway + l_gdp,1,0
levels_lag_all,lagged,50,Vermont,2021,5320000,5146350.404258393,5230000,4993333.333333333,231,2020,2016,l_lag_y + l_permits + l_highway + l_gdp,1,0
levels_lag_all,lagged,51,Virginia,2021,54700000,54189396.776831865,53100000,50583333.333333336,231,2020,2016,l_lag_y + l_permits + l_highway + l_gdp,1,0
levels_lag_all,lagged,53,Washington,2021,16700000,15868957.124290561,15200000,15300000,231,2020,2016,l_lag_y + l_permits + l_highway + l_gdp,1,0
levels_lag_all,lagged,54,West Virginia,2021,14200000,13297016.612292683,13600000,14800000,231,2020,2016,l_lag_y + l_permits + l_highway + l_gdp,1,0
levels_lag_all,lagged,55,Wisconsin,2021,25700000,25439101.33935979,25100000,25316666.666666668,231,2020,2016,l_lag_y + l_permits + l_highway + l_gdp,1,0
levels_lag_all,lagged,56,Wyoming,2021,7440000,9472880.627450718,9560000,11315000,231,2020,2016,l_lag_y + l_permits + l_highway + l_gdp,1,0
state_log_lag_all,lagged,01,Alabama,2019,41100000,39878118.15341529,36900000,36825000,140,2018,2016,l_lag_y + l_permits + l_highway + l_gdp,1.0016551241027052,0
state_log_lag_all,lagged,02,Alaska,2019,1540000,926093.115969453,1400000,1062500,140,2018,2016,l_lag_y + l_permits + l_highway + l_gdp,1.0016551241027052,0
state_log_lag_all,lagged,04,Arizona,2019,10900000,11685027.946886886,11800000,10330000,140,2018,2016,l_lag_y + l_permits + l_highway + l_gdp,1.0016551241027052,0
state_log_lag_all,lagged,05,Arkansas,2019,29600000,30567457.658436056,29000000,29275000,140,2018,2016,l_lag_y + l_permits + l_highway + l_gdp,1.0016551241027052,0
state_log_lag_all,lagged,06,California,2019,41900000,42991077.874955386,41100000,39025000,140,2018,2016,l_lag_y + l_permits + l_highway + l_gdp,1.0016551241027052,0
state_log_lag_all,lagged,08,Colorado,2019,16600000,16462173.981494686,14800000,15150000,140,2018,2016,l_lag_y + l_permits + l_highway + l_gdp,1.0016551241027052,0
state_log_lag_all,lagged,09,Connecticut,2019,10500000,9325199.624112494,9520000,9547500,140,2018,2016,l_lag_y + l_permits + l_highway + l_gdp,1.0016551241027052,0
state_log_lag_all,lagged,12,Florida,2019,81300000,84654358.63564458,76800000,73675000,140,2018,2016,l_lag_y + l_permits + l_highway + l_gdp,1.0016551241027052,0
state_log_lag_all,lagged,13,Georgia,2019,57600000,58974957.4846682,53300000,52075000,140,2018,2016,l_lag_y + l_permits + l_highway + l_gdp,1.0016551241027052,0
state_log_lag_all,lagged,15,Hawaii,2019,5770000,4969407.214281482,4680000,5040000,140,2018,2016,l_lag_y + l_permits + l_highway + l_gdp,1.0016551241027052,0
state_log_lag_all,lagged,16,Idaho,2019,4210000,4859400.047590579,4600000,4622500,140,2018,2016,l_lag_y + l_permits + l_highway + l_gdp,1.0016551241027052,0
state_log_lag_all,lagged,17,Illinois,2019,49800000,48145870.03527488,48600000,50700000,140,2018,2016,l_lag_y + l_permits + l_highway + l_gdp,1.0016551241027052,0
state_log_lag_all,lagged,18,Indiana,2019,51400000,51588932.73239355,50300000,49050000,140,2018,2016,l_lag_y + l_permits + l_highway + l_gdp,1.0016551241027052,0
state_log_lag_all,lagged,19,Iowa,2019,41700000,37436168.050081775,39200000,38000000,140,2018,2016,l_lag_y + l_permits + l_highway + l_gdp,1.0016551241027052,0
state_log_lag_all,lagged,20,Kansas,2019,15100000,16183657.100504227,15400000,16575000,140,2018,2016,l_lag_y + l_permits + l_highway + l_gdp,1.0016551241027052,0
state_log_lag_all,lagged,21,Kentucky,2019,52100000,50689016.61081075,49700000,51475000,140,2018,2016,l_lag_y + l_permits + l_highway + l_gdp,1.0016551241027052,0
state_log_lag_all,lagged,23,Maine,2019,4500000,4385350.6218421105,4040000,4245000,140,2018,2016,l_lag_y + l_permits + l_highway + l_gdp,1.0016551241027052,0
state_log_lag_all,lagged,24,Maryland,2019,25700000,24152173.529313404,22500000,22900000,140,2018,2016,l_lag_y + l_permits + l_highway + l_gdp,1.0016551241027052,0
state_log_lag_all,lagged,26,Michigan,2019,35400000,36843015.14856265,37400000,35375000,140,2018,2016,l_lag_y + l_permits + l_highway + l_gdp,1.0016551241027052,0
state_log_lag_all,lagged,27,Minnesota,2019,8010000,7796957.776628394,7710000,7487500,140,2018,2016,l_lag_y + l_permits + l_highway + l_gdp,1.0016551241027052,0
state_log_lag_all,lagged,28,Mississippi,2019,2090000,2040832.9286156457,2060000,2055000,140,2018,2016,l_lag_y + l_permits + l_highway + l_gdp,1.0016551241027052,0
state_log_lag_all,lagged,29,Missouri,2019,74000000,73318460.44538355,71400000,72200000,140,2018,2016,l_lag_y + l_permits + l_highway + l_gdp,1.0016551241027052,0
state_log_lag_all,lagged,30,Montana,2019,2900000,2813825.5827500587,2760000,2767500,140,2018,2016,l_lag_y + l_permits + l_highway + l_gdp,1.0016551241027052,0
state_log_lag_all,lagged,32,Nevada,2019,12400000,12438801.796290249,12200000,10572500,140,2018,2016,l_lag_y + l_permits + l_highway + l_gdp,1.0016551241027052,0
state_log_lag_all,lagged,33,New Hampshire,2019,5430000,5660914.717224192,5250000,5412500,140,2018,2016,l_lag_y + l_permits + l_highway + l_gdp,1.0016551241027052,0
state_log_lag_all,lagged,34,New Jersey,2019,18400000,17127697.237668343,17800000,17350000,140,2018,2016,l_lag_y + l_permits + l_highway + l_gdp,1.0016551241027052,0
state_log_lag_all,lagged,35,New Mexico,2019,4220000,4630019.837222367,4300000,4670000,140,2018,2016,l_lag_y + l_permits + l_highway + l_gdp,1.0016551241027052,0
state_log_lag_all,lagged,36,New York,2019,39100000,36908372.95392482,39800000,38950000,140,2018,2016,l_lag_y + l_permits + l_highway + l_gdp,1.0016551241027052,0
state_log_lag_all,lagged,37,North Carolina,2019,60700000,62002423.526125945,56100000,54900000,140,2018,2016,l_lag_y + l_permits + l_highway + l_gdp,1.0016551241027052,0
state_log_lag_all,lagged,38,North Dakota,2019,337000,373067.7783237748,326000,568750,140,2018,2016,l_lag_y + l_permits + l_highway + l_gdp,1.0016551241027052,0
state_log_lag_all,lagged,39,Ohio,2019,67900000,64747438.14135348,66000000,61550000,140,2018,2016,l_lag_y + l_permits + l_highway + l_gdp,1.0016551241027052,0
state_log_lag_all,lagged,40,Oklahoma,2019,38400000,35387804.14028594,36800000,37050000,140,2018,2016,l_lag_y + l_permits + l_highway + l_gdp,1.0016551241027052,0
state_log_lag_all,lagged,42,Pennsylvania,2019,95500000,89530145.04338747,87600000,88250000,140,2018,2016,l_lag_y + l_permits + l_highway + l_gdp,1.0016551241027052,0
state_log_lag_all,lagged,44,Rhode Island,2019,1930000,2069578.9622415144,1800000,2167500,140,2018,2016,l_lag_y + l_permits + l_highway + l_gdp,1.0016551241027052,0
state_log_lag_all,lagged,45,South Carolina,2019,29200000,30297048.0065172,27500000,27100000,140,2018,2016,l_lag_y + l_permits + l_highway + l_gdp,1.0016551241027052,0
state_log_lag_all,lagged,46,South Dakota,2019,6940000,6495255.120251786,6520000,6597500,140,2018,2016,l_lag_y + l_permits + l_highway + l_gdp,1.0016551241027052,0
state_log_lag_all,lagged,47,Tennessee,2019,50400000,46977653.8196331,45100000,43750000,140,2018,2016,l_lag_y + l_permits + l_highway + l_gdp,1.0016551241027052,0
state_log_lag_all,lagged,48,Texas,2019,191000000,170359339.1779252,178000000,163500000,140,2018,2016,l_lag_y + l_permits + l_highway + l_gdp,1.0016551241027052,0
state_log_lag_all,lagged,49,Utah,2019,10800000,10446206.446108926,10100000,9020000,140,2018,2016,l_lag_y + l_permits + l_highway + l_gdp,1.0016551241027052,0
state_log_lag_all,lagged,50,Vermont,2019,5400000,4962485.667594128,5080000,4832500,140,2018,2016,l_lag_y + l_permits + l_highway + l_gdp,1.0016551241027052,0
state_log_lag_all,lagged,51,Virginia,2019,51400000,51868870.29064101,49500000,49750000,140,2018,2016,l_lag_y + l_permits + l_highway + l_gdp,1.0016551241027052,0
state_log_lag_all,lagged,53,Washington,2019,15400000,16870232.429347437,15700000,15300000,140,2018,2016,l_lag_y + l_permits + l_highway + l_gdp,1.0016551241027052,0
state_log_lag_all,lagged,54,West Virginia,2019,16900000,17218556.572748415,15600000,14575000,140,2018,2016,l_lag_y + l_permits + l_highway + l_gdp,1.0016551241027052,0
state_log_lag_all,lagged,55,Wisconsin,2019,27800000,25908452.56747997,26300000,24750000,140,2018,2016,l_lag_y + l_permits + l_highway + l_gdp,1.0016551241027052,0
state_log_lag_all,lagged,56,Wyoming,2019,10900000,9231992.674360473,9330000,11857500,140,2018,2016,l_lag_y + l_permits + l_highway + l_gdp,1.0016551241027052,0
state_log_lag_all,lagged,01,Alabama,2020,40700000,42146628.73181079,41100000,37680000,185,2019,2016,l_lag_y + l_permits + l_highway + l_gdp,1.0019817873014831,0
state_log_lag_all,lagged,02,Alaska,2020,1530000,1230649.6058573148,1540000,1158000,185,2019,2016,l_lag_y + l_permits + l_highway + l_gdp,1.0019817873014831,0
state_log_lag_all,lagged,04,Arizona,2020,11000000,11670786.14954995,10900000,10444000,185,2019,2016,l_lag_y + l_permits + l_highway + l_gdp,1.0019817873014831,0
state_log_lag_all,lagged,05,Arkansas,2020,31100000,32038896.716863412,29600000,29340000,185,2019,2016,l_lag_y + l_permits + l_highway + l_gdp,1.0019817873014831,0
state_log_lag_all,lagged,06,California,2020,40300000,41743323.11153958,41900000,39600000,185,2019,2016,l_lag_y + l_permits + l_highway + l_gdp,1.0019817873014831,0
state_log_lag_all,lagged,08,Colorado,2020,17300000,16312793.881717162,16600000,15440000,185,2019,2016,l_lag_y + l_permits + l_highway + l_gdp,1.0019817873014831,0
state_log_lag_all,lagged,09,Connecticut,2020,10300000,10371891.935729204,10500000,9738000,185,2019,2016,l_lag_y + l_permits + l_highway + l_gdp,1.0019817873014831,0
state_log_lag_all,lagged,12,Florida,2020,83400000,85393124.4513014,81300000,75200000,185,2019,2016,l_lag_y + l_permits + l_highway + l_gdp,1.0019817873014831,0
state_log_lag_all,lagged,13,Georgia,2020,59300000,57854375.58753279,57600000,53180000,185,2019,2016,l_lag_y + l_permits + l_highway + l_gdp,1.0019817873014831,0
state_log_lag_all,lagged,15,Hawaii,2020,5880000,5321265.6559873335,5770000,5186000,185,2019,2016,l_lag_y + l_permits + l_highway + l_gdp,1.0019817873014831,0
state_log_lag_all,lagged,16,Idaho,2020,4620000,4711872.359142142,4210000,4540000,185,2019,2016,l_lag_y + l_permits + l_highway + l_gdp,1.0019817873014831,0
state_log_lag_all,lagged,17,Illinois,2020,53700000,48349965.81768386,49800000,50520000,185,2019,2016,l_lag_y + l_permits + l_highway + l_gdp,1.0019817873014831,0
state_log_lag_all,lagged,18,Indiana,2020,52400000,52333285.26707218,51400000,49520000,185,2019,2016,l_lag_y + l_permits + l_highway + l_gdp,1.0019817873014831,0
state_log_lag_all,lagged,19,Iowa,2020,39600000,39546336.26575871,41700000,38740000,185,2019,2016,l_lag_y + l_permits + l_highway + l_gdp,1.0019817873014831,0
state_log_lag_all,lagged,20,Kansas,2020,17800000,15106948.764519945,15100000,16280000,185,2019,2016,l_lag_y + l_permits + l_highway + l_gdp,1.0019817873014831,0
state_log_lag_all,lagged,21,Kentucky,2020,50000000,50509795.027921356,52100000,51600000,185,2019,2016,l_lag_y + l_permits + l_highway + l_gdp,1.0019817873014831,0
state_log_lag_all,lagged,23,Maine,2020,4690000,4526529.860263803,4500000,4296000,185,2019,2016,l_lag_y + l_permits + l_highway + l_gdp,1.0019817873014831,0
state_log_lag_all,lagged,24,Maryland,2020,24600000,25030995.249929953,25700000,23460000,185,2019,2016,l_lag_y + l_permits + l_highway + l_gdp,1.0019817873014831,0
state_log_lag_all,lagged,25,Massachusetts,2020,13000000,14115179.25487665,13400000,12980000,185,2019,2016,l_lag_y + l_permits + l_highway + l_gdp,1.0019817873014831,0
state_log_lag_all,lagged,26,Michigan,2020,32800000,36273796.180993155,35400000,35380000,185,2019,2016,l_lag_y + l_permits + l_highway + l_gdp,1.0019817873014831,0
state_log_lag_all,lagged,27,Minnesota,2020,8580000,8280986.178167984,8010000,7592000,185,2019,2016,l_lag_y + l_permits + l_highway + l_gdp,1.0019817873014831,0
state_log_lag_all,lagged,28,Mississippi,2020,1320000,2098363.2061703173,2090000,2062000,185,2019,2016,l_lag_y + l_permits + l_highway + l_gdp,1.0019817873014831,0
state_log_lag_all,lagged,29,Missouri,2020,81700000,73649228.58411792,74000000,72560000,185,2019,2016,l_lag_y + l_permits + l_highway + l_gdp,1.0019817873014831,0
state_log_lag_all,lagged,30,Montana,2020,2890000,2824829.536646546,2900000,2794000,185,2019,2016,l_lag_y + l_permits + l_highway + l_gdp,1.0019817873014831,0
state_log_lag_all,lagged,32,Nevada,2020,11200000,12955222.589164753,12400000,10938000,185,2019,2016,l_lag_y + l_permits + l_highway + l_gdp,1.0019817873014831,0
state_log_lag_all,lagged,33,New Hampshire,2020,5310000,5717458.887770926,5430000,5416000,185,2019,2016,l_lag_y + l_permits + l_highway + l_gdp,1.0019817873014831,0
state_log_lag_all,lagged,34,New Jersey,2020,17300000,18923862.342274077,18400000,17560000,185,2019,2016,l_lag_y + l_permits + l_highway + l_gdp,1.0019817873014831,0
state_log_lag_all,lagged,35,New Mexico,2020,4930000,4459516.601185844,4220000,4580000,185,2019,2016,l_lag_y + l_permits + l_highway + l_gdp,1.0019817873014831,0
state_log_lag_all,lagged,36,New York,2020,36700000,39133561.793615915,39100000,38980000,185,2019,2016,l_lag_y + l_permits + l_highway + l_gdp,1.0019817873014831,0
state_log_lag_all,lagged,37,North Carolina,2020,55900000,62221786.293383285,60700000,56060000,185,2019,2016,l_lag_y + l_permits + l_highway + l_gdp,1.0019817873014831,0
state_log_lag_all,lagged,38,North Dakota,2020,411000,332149.93196855456,337000,522400,185,2019,2016,l_lag_y + l_permits + l_highway + l_gdp,1.0019817873014831,0
state_log_lag_all,lagged,39,Ohio,2020,66800000,66601779.175988734,67900000,62820000,185,2019,2016,l_lag_y + l_permits + l_highway + l_gdp,1.0019817873014831,0
state_log_lag_all,lagged,40,Oklahoma,2020,38300000,38111840.245846026,38400000,37320000,185,2019,2016,l_lag_y + l_permits + l_highway + l_gdp,1.0019817873014831,0
state_log_lag_all,lagged,42,Pennsylvania,2020,88500000,92801005.4419845,95500000,89700000,185,2019,2016,l_lag_y + l_permits + l_highway + l_gdp,1.0019817873014831,0
state_log_lag_all,lagged,44,Rhode Island,2020,2030000,2025522.8082333123,1930000,2120000,185,2019,2016,l_lag_y + l_permits + l_highway + l_gdp,1.0019817873014831,0
state_log_lag_all,lagged,45,South Carolina,2020,27900000,30074287.069390807,29200000,27520000,185,2019,2016,l_lag_y + l_permits + l_highway + l_gdp,1.0019817873014831,0
state_log_lag_all,lagged,46,South Dakota,2020,8000000,6613176.237509064,6940000,6666000,185,2019,2016,l_lag_y + l_permits + l_highway + l_gdp,1.0019817873014831,0
state_log_lag_all,lagged,47,Tennessee,2020,52300000,50699147.61901641,50400000,45080000,185,2019,2016,l_lag_y + l_permits + l_highway + l_gdp,1.0019817873014831,0
state_log_lag_all,lagged,48,Texas,2020,189000000,188196020.0094546,191000000,169000000,185,2019,2016,l_lag_y + l_permits + l_highway + l_gdp,1.0019817873014831,0
state_log_lag_all,lagged,49,Utah,2020,12300000,11017306.769677442,10800000,9376000,185,2019,2016,l_lag_y + l_permits + l_highway + l_gdp,1.0019817873014831,0
state_log_lag_all,lagged,50,Vermont,2020,5230000,5048901.210849875,5400000,4946000,185,2019,2016,l_lag_y + l_permits + l_highway + l_gdp,1.0019817873014831,0
state_log_lag_all,lagged,51,Virginia,2020,53100000,51874995.778975666,51400000,50080000,185,2019,2016,l_lag_y + l_permits + l_highway + l_gdp,1.0019817873014831,0
state_log_lag_all,lagged,53,Washington,2020,15200000,16302753.711674213,15400000,15320000,185,2019,2016,l_lag_y + l_permits + l_highway + l_gdp,1.0019817873014831,0
state_log_lag_all,lagged,54,West Virginia,2020,13600000,16051866.11897728,16900000,15040000,185,2019,2016,l_lag_y + l_permits + l_highway + l_gdp,1.0019817873014831,0
state_log_lag_all,lagged,55,Wisconsin,2020,25100000,26731390.747112755,27800000,25360000,185,2019,2016,l_lag_y + l_permits + l_highway + l_gdp,1.0019817873014831,0
state_log_lag_all,lagged,56,Wyoming,2020,9560000,9810615.58664294,10900000,11666000,185,2019,2016,l_lag_y + l_permits + l_highway + l_gdp,1.0019817873014831,0
state_log_lag_all,lagged,01,Alabama,2021,43800000,42446494.85478015,40700000,38183333.333333336,231,2020,2016,l_lag_y + l_permits + l_highway + l_gdp,1.0024577037561202,0
state_log_lag_all,lagged,02,Alaska,2021,807000,1249895.8677069484,1530000,1220000,231,2020,2016,l_lag_y + l_permits + l_highway + l_gdp,1.0024577037561202,0
state_log_lag_all,lagged,04,Arizona,2021,11400000,12197085.768040348,11000000,10536666.666666666,231,2020,2016,l_lag_y + l_permits + l_highway + l_gdp,1.0024577037561202,0
state_log_lag_all,lagged,05,Arkansas,2021,34100000,31910294.28496142,31100000,29633333.333333332,231,2020,2016,l_lag_y + l_permits + l_highway + l_gdp,1.0024577037561202,0
state_log_lag_all,lagged,06,California,2021,38300000,40170932.54164866,40300000,39716666.666666664,231,2020,2016,l_lag_y + l_permits + l_highway + l_gdp,1.0024577037561202,0
state_log_lag_all,lagged,08,Colorado,2021,17000000,16837032.04856952,17300000,15750000,231,2020,2016,l_lag_y + l_permits + l_highway + l_gdp,1.0024577037561202,0
state_log_lag_all,lagged,09,Connecticut,2021,10400000,10038423.208933124,10300000,9831666.666666666,231,2020,2016,l_lag_y + l_permits + l_highway + l_gdp,1.0024577037561202,0
state_log_lag_all,lagged,12,Florida,2021,86600000,86113770.75968531,83400000,76566666.66666667,231,2020,2016,l_lag_y + l_permits + l_highway + l_gdp,1.0024577037561202,0
state_log_lag_all,lagged,13,Georgia,2021,61200000,59116572.03665367,59300000,54200000,231,2020,2016,l_lag_y + l_permits + l_highway + l_gdp,1.0024577037561202,0
state_log_lag_all,lagged,15,Hawaii,2021,5850000,5210013.326093761,5880000,5301666.666666667,231,2020,2016,l_lag_y + l_permits + l_highway + l_gdp,1.0024577037561202,0
state_log_lag_all,lagged,16,Idaho,2021,5370000,4866674.001567719,4620000,4553333.333333333,231,2020,2016,l_lag_y + l_permits + l_highway + l_gdp,1.0024577037561202,0
state_log_lag_all,lagged,17,Illinois,2021,51500000,49034759.988680884,53700000,51050000,231,2020,2016,l_lag_y + l_permits + l_highway + l_gdp,1.0024577037561202,0
state_log_lag_all,lagged,18,Indiana,2021,52300000,53385575.04274871,52400000,50000000,231,2020,2016,l_lag_y + l_permits + l_highway + l_gdp,1.0024577037561202,0
state_log_lag_all,lagged,19,Iowa,2021,35600000,39491864.64340261,39600000,38883333.333333336,231,2020,2016,l_lag_y + l_permits + l_highway + l_gdp,1.0024577037561202,0
state_log_lag_all,lagged,20,Kansas,2021,19400000,16548231.426170958,17800000,16533333.333333334,231,2020,2016,l_lag_y + l_permits + l_highway + l_gdp,1.0024577037561202,0
state_log_lag_all,lagged,21,Kentucky,2021,51100000,49622009.49047787,50000000,51333333.333333336,231,2020,2016,l_lag_y + l_permits + l_highway + l_gdp,1.0024577037561202,0
state_log_lag_all,lagged,23,Maine,2021,4700000,4657987.258187497,4690000,4361666.666666667,231,2020,2016,l_lag_y + l_permits + l_highway + l_gdp,1.0024577037561202,0
state_log_lag_all,lagged,24,Maryland,2021,25700000,24374656.427467536,24600000,23650000,231,2020,2016,l_lag_y + l_permits + l_highway + l_gdp,1.0024577037561202,0
state_log_lag_all,lagged,26,Michigan,2021,36000000,34245593.3154572,32800000,34950000,231,2020,2016,l_lag_y + l_permits + l_highway + l_gdp,1.0024577037561202,0
state_log_lag_all,lagged,27,Minnesota,2021,9130000,8333748.030234704,8580000,7756666.666666667,231,2020,2016,l_lag_y + l_permits + l_highway + l_gdp,1.0024577037561202,0
state_log_lag_all,lagged,28,Mississippi,2021,1320000,1724024.6549010437,1320000,1938333.3333333333,231,2020,2016,l_lag_y + l_permits + l_highway + l_gdp,1.0024577037561202,0
state_log_lag_all,lagged,29,Missouri,2021,85500000,79531717.38285866,81700000,74083333.33333333,231,2020,2016,l_lag_y + l_permits + l_highway + l_gdp,1.0024577037561202,0
state_log_lag_all,lagged,30,Montana,2021,2890000,2973507.051863376,2890000,2810000,231,2020,2016,l_lag_y + l_permits + l_highway + l_gdp,1.0024577037561202,0
state_log_lag_all,lagged,32,Nevada,2021,9960000,12383960.573161542,11200000,10981666.666666666,231,2020,2016,l_lag_y + l_permits + l_highway + l_gdp,1.0024577037561202,0
state_log_lag_all,lagged,33,New Hampshire,2021,5070000,5334485.110643335,5310000,5398333.333333333,231,2020,2016,l_lag_y + l_permits + l_highway + l_gdp,1.0024577037561202,0
state_log_lag_all,lagged,34,New Jersey,2021,17700000,17894050.72865837,17300000,17516666.666666668,231,2020,2016,l_lag_y + l_permits + l_highway + l_gdp,1.0024577037561202,0
state_log_lag_all,lagged,35,New Mexico,2021,4270000,4764459.231726839,4930000,4638333.333333333,231,2020,2016,l_lag_y + l_permits + l_highway + l_gdp,1.0024577037561202,0
state_log_lag_all,lagged,36,New York,2021,40600000,36068577.8154075,36700000,38600000,231,2020,2016,l_lag_y + l_permits + l_highway + l_gdp,1.0024577037561202,0
state_log_lag_all,lagged,37,North Carolina,2021,62300000,60461140.47097708,55900000,56033333.333333336,231,2020,2016,l_lag_y + l_permits + l_highway + l_gdp,1.0024577037561202,0
state_log_lag_all,lagged,38,North Dakota,2021,321000,391896.83338854625,411000,503833.3333333333,231,2020,2016,l_lag_y + l_permits + l_highway + l_gdp,1.0024577037561202,0
state_log_lag_all,lagged,39,Ohio,2021,72600000,69409417.34616342,66800000,63483333.333333336,231,2020,2016,l_lag_y + l_permits + l_highway + l_gdp,1.0024577037561202,0
state_log_lag_all,lagged,40,Oklahoma,2021,41500000,38687672.56147897,38300000,37483333.333333336,231,2020,2016,l_lag_y + l_permits + l_highway + l_gdp,1.0024577037561202,0
state_log_lag_all,lagged,41,Oregon,2021,21600000,21644372.614271484,20200000,20266666.666666668,231,2020,2016,l_lag_y + l_permits + l_highway + l_gdp,1.0024577037561202,0
state_log_lag_all,lagged,42,Pennsylvania,2021,93400000,90157426.19075842,88500000,89500000,231,2020,2016,l_lag_y + l_permits + l_highway + l_gdp,1.0024577037561202,0
state_log_lag_all,lagged,44,Rhode Island,2021,2150000,2007736.020810907,2030000,2105000,231,2020,2016,l_lag_y + l_permits + l_highway + l_gdp,1.0024577037561202,0
state_log_lag_all,lagged,45,South Carolina,2021,31000000,29669311.34948012,27900000,27583333.333333332,231,2020,2016,l_lag_y + l_permits + l_highway + l_gdp,1.0024577037561202,0
state_log_lag_all,lagged,46,South Dakota,2021,8300000,7748896.433102809,8000000,6888333.333333333,231,2020,2016,l_lag_y + l_permits + l_highway + l_gdp,1.0024577037561202,0
state_log_lag_all,lagged,47,Tennessee,2021,56900000,52856921.9367852,52300000,46283333.333333336,231,2020,2016,l_lag_y + l_permits + l_highway + l_gdp,1.0024577037561202,0
state_log_lag_all,lagged,48,Texas,2021,190000000,187988468.2420769,189000000,172333333.33333334,231,2020,2016,l_lag_y + l_permits + l_highway + l_gdp,1.0024577037561202,0
state_log_lag_all,lagged,49,Utah,2021,13200000,11889166.749874508,12300000,9863333.333333334,231,2020,2016,l_lag_y + l_permits + l_highway + l_gdp,1.0024577037561202,0
state_log_lag_all,lagged,50,Vermont,2021,5320000,5123961.980954532,5230000,4993333.333333333,231,2020,2016,l_lag_y + l_permits + l_highway + l_gdp,1.0024577037561202,0
state_log_lag_all,lagged,51,Virginia,2021,54700000,53273701.689608365,53100000,50583333.333333336,231,2020,2016,l_lag_y + l_permits + l_highway + l_gdp,1.0024577037561202,0
state_log_lag_all,lagged,53,Washington,2021,16700000,15737977.622574449,15200000,15300000,231,2020,2016,l_lag_y + l_permits + l_highway + l_gdp,1.0024577037561202,0
state_log_lag_all,lagged,54,West Virginia,2021,14200000,14044076.710591892,13600000,14800000,231,2020,2016,l_lag_y + l_permits + l_highway + l_gdp,1.0024577037561202,0
state_log_lag_all,lagged,55,Wisconsin,2021,25700000,26628325.31175513,25100000,25316666.666666668,231,2020,2016,l_lag_y + l_permits + l_highway + l_gdp,1.0024577037561202,0
state_log_lag_all,lagged,56,Wyoming,2021,7440000,9716687.23343115,9560000,11315000,231,2020,2016,l_lag_y + l_permits + l_highway + l_gdp,1.0024577037561202,0
sameyear_pooled_log,sameyear_conditional,01,Alabama,2019,41100000,26073056.203602523,36900000,36825000,140,2018,2016,l_permits_t + l_highway_t + l_gdp_t,1.282417004029189,0
sameyear_pooled_log,sameyear_conditional,02,Alaska,2019,1540000,7070654.384534763,1400000,1062500,140,2018,2016,l_permits_t + l_highway_t + l_gdp_t,1.282417004029189,0
sameyear_pooled_log,sameyear_conditional,04,Arizona,2019,10900000,38865078.48059714,11800000,10330000,140,2018,2016,l_permits_t + l_highway_t + l_gdp_t,1.282417004029189,0
sameyear_pooled_log,sameyear_conditional,05,Arkansas,2019,29600000,17092216.882921275,29000000,29275000,140,2018,2016,l_permits_t + l_highway_t + l_gdp_t,1.282417004029189,0
sameyear_pooled_log,sameyear_conditional,06,California,2019,41900000,124994072.52892435,41100000,39025000,140,2018,2016,l_permits_t + l_highway_t + l_gdp_t,1.282417004029189,0
sameyear_pooled_log,sameyear_conditional,08,Colorado,2019,16600000,31937106.214989234,14800000,15150000,140,2018,2016,l_permits_t + l_highway_t + l_gdp_t,1.282417004029189,0
sameyear_pooled_log,sameyear_conditional,09,Connecticut,2019,10500000,13647430.961079648,9520000,9547500,140,2018,2016,l_permits_t + l_highway_t + l_gdp_t,1.282417004029189,0
sameyear_pooled_log,sameyear_conditional,12,Florida,2019,81300000,161384472.97159657,76800000,73675000,140,2018,2016,l_permits_t + l_highway_t + l_gdp_t,1.282417004029189,0
sameyear_pooled_log,sameyear_conditional,13,Georgia,2019,57600000,46033519.77629726,53300000,52075000,140,2018,2016,l_permits_t + l_highway_t + l_gdp_t,1.282417004029189,0
sameyear_pooled_log,sameyear_conditional,15,Hawaii,2019,5770000,5421180.3752533225,4680000,5040000,140,2018,2016,l_permits_t + l_highway_t + l_gdp_t,1.282417004029189,0
sameyear_pooled_log,sameyear_conditional,16,Idaho,2019,4210000,14937949.136755325,4600000,4622500,140,2018,2016,l_permits_t + l_highway_t + l_gdp_t,1.282417004029189,0
sameyear_pooled_log,sameyear_conditional,17,Illinois,2019,49800000,48787186.155398585,48600000,50700000,140,2018,2016,l_permits_t + l_highway_t + l_gdp_t,1.282417004029189,0
sameyear_pooled_log,sameyear_conditional,18,Indiana,2019,51400000,31799514.09954543,50300000,49050000,140,2018,2016,l_permits_t + l_highway_t + l_gdp_t,1.282417004029189,0
sameyear_pooled_log,sameyear_conditional,19,Iowa,2019,41700000,18602081.071988948,39200000,38000000,140,2018,2016,l_permits_t + l_highway_t + l_gdp_t,1.282417004029189,0
sameyear_pooled_log,sameyear_conditional,20,Kansas,2019,15100000,9931987.797175786,15400000,16575000,140,2018,2016,l_permits_t + l_highway_t + l_gdp_t,1.282417004029189,0
sameyear_pooled_log,sameyear_conditional,21,Kentucky,2019,52100000,21256619.24345761,49700000,51475000,140,2018,2016,l_permits_t + l_highway_t + l_gdp_t,1.282417004029189,0
sameyear_pooled_log,sameyear_conditional,23,Maine,2019,4500000,7793818.48893821,4040000,4245000,140,2018,2016,l_permits_t + l_highway_t + l_gdp_t,1.282417004029189,0
sameyear_pooled_log,sameyear_conditional,24,Maryland,2019,25700000,30502099.60182053,22500000,22900000,140,2018,2016,l_permits_t + l_highway_t + l_gdp_t,1.282417004029189,0
sameyear_pooled_log,sameyear_conditional,25,Massachusetts,2019,13400000,21668746.134147525,13900000,12875000,140,2018,2016,l_permits_t + l_highway_t + l_gdp_t,1.282417004029189,0
sameyear_pooled_log,sameyear_conditional,26,Michigan,2019,35400000,30071529.205219056,37400000,35375000,140,2018,2016,l_permits_t + l_highway_t + l_gdp_t,1.282417004029189,0
sameyear_pooled_log,sameyear_conditional,27,Minnesota,2019,8010000,30007451.855854303,7710000,7487500,140,2018,2016,l_permits_t + l_highway_t + l_gdp_t,1.282417004029189,0
sameyear_pooled_log,sameyear_conditional,28,Mississippi,2019,2090000,11570537.333923867,2060000,2055000,140,2018,2016,l_permits_t + l_highway_t + l_gdp_t,1.282417004029189,0
sameyear_pooled_log,sameyear_conditional,29,Missouri,2019,74000000,19700881.575763017,71400000,72200000,140,2018,2016,l_permits_t + l_highway_t + l_gdp_t,1.282417004029189,0
sameyear_pooled_log,sameyear_conditional,30,Montana,2019,2900000,8349134.554830544,2760000,2767500,140,2018,2016,l_permits_t + l_highway_t + l_gdp_t,1.282417004029189,0
sameyear_pooled_log,sameyear_conditional,32,Nevada,2019,12400000,18867911.335743852,12200000,10572500,140,2018,2016,l_permits_t + l_highway_t + l_gdp_t,1.282417004029189,0
sameyear_pooled_log,sameyear_conditional,33,New Hampshire,2019,5430000,5706206.310153596,5250000,5412500,140,2018,2016,l_permits_t + l_highway_t + l_gdp_t,1.282417004029189,0
sameyear_pooled_log,sameyear_conditional,34,New Jersey,2019,18400000,55742264.38409431,17800000,17350000,140,2018,2016,l_permits_t + l_highway_t + l_gdp_t,1.282417004029189,0
sameyear_pooled_log,sameyear_conditional,35,New Mexico,2019,4220000,7921818.351058883,4300000,4670000,140,2018,2016,l_permits_t + l_highway_t + l_gdp_t,1.282417004029189,0
sameyear_pooled_log,sameyear_conditional,36,New York,2019,39100000,77949659.54707637,39800000,38950000,140,2018,2016,l_permits_t + l_highway_t + l_gdp_t,1.282417004029189,0
sameyear_pooled_log,sameyear_conditional,37,North Carolina,2019,60700000,95192966.01415876,56100000,54900000,140,2018,2016,l_permits_t + l_highway_t + l_gdp_t,1.282417004029189,0
sameyear_pooled_log,sameyear_conditional,38,North Dakota,2019,337000,5540443.710756049,326000,568750,140,2018,2016,l_permits_t + l_highway_t + l_gdp_t,1.282417004029189,0
sameyear_pooled_log,sameyear_conditional,39,Ohio,2019,67900000,38449070.15962487,66000000,61550000,140,2018,2016,l_permits_t + l_highway_t + l_gdp_t,1.282417004029189,0
sameyear_pooled_log,sameyear_conditional,40,Oklahoma,2019,38400000,21894050.60830704,36800000,37050000,140,2018,2016,l_permits_t + l_highway_t + l_gdp_t,1.282417004029189,0
sameyear_pooled_log,sameyear_conditional,42,Pennsylvania,2019,95500000,57397325.2900439,87600000,88250000,140,2018,2016,l_permits_t + l_highway_t + l_gdp_t,1.282417004029189,0
sameyear_pooled_log,sameyear_conditional,44,Rhode Island,2019,1930000,4246794.272551848,1800000,2167500,140,2018,2016,l_permits_t + l_highway_t + l_gdp_t,1.282417004029189,0
sameyear_pooled_log,sameyear_conditional,45,South Carolina,2019,29200000,40963184.74426049,27500000,27100000,140,2018,2016,l_permits_t + l_highway_t + l_gdp_t,1.282417004029189,0
sameyear_pooled_log,sameyear_conditional,46,South Dakota,2019,6940000,5112188.087727825,6520000,6597500,140,2018,2016,l_permits_t + l_highway_t + l_gdp_t,1.282417004029189,0
sameyear_pooled_log,sameyear_conditional,47,Tennessee,2019,50400000,32920416.430156138,45100000,43750000,140,2018,2016,l_permits_t + l_highway_t + l_gdp_t,1.282417004029189,0
sameyear_pooled_log,sameyear_conditional,48,Texas,2019,191000000,234363535.55826432,178000000,163500000,140,2018,2016,l_permits_t + l_highway_t + l_gdp_t,1.282417004029189,0
sameyear_pooled_log,sameyear_conditional,49,Utah,2019,10800000,25475345.450796764,10100000,9020000,140,2018,2016,l_permits_t + l_highway_t + l_gdp_t,1.282417004029189,0
sameyear_pooled_log,sameyear_conditional,50,Vermont,2019,5400000,3070153.8284031325,5080000,4832500,140,2018,2016,l_permits_t + l_highway_t + l_gdp_t,1.282417004029189,0
sameyear_pooled_log,sameyear_conditional,51,Virginia,2019,51400000,37333960.41935125,49500000,49750000,140,2018,2016,l_permits_t + l_highway_t + l_gdp_t,1.282417004029189,0
sameyear_pooled_log,sameyear_conditional,53,Washington,2019,15400000,47492801.81461019,15700000,15300000,140,2018,2016,l_permits_t + l_highway_t + l_gdp_t,1.282417004029189,0
sameyear_pooled_log,sameyear_conditional,54,West Virginia,2019,16900000,9967301.386146393,15600000,14575000,140,2018,2016,l_permits_t + l_highway_t + l_gdp_t,1.282417004029189,0
sameyear_pooled_log,sameyear_conditional,55,Wisconsin,2019,27800000,26832368.133715466,26300000,24750000,140,2018,2016,l_permits_t + l_highway_t + l_gdp_t,1.282417004029189,0
sameyear_pooled_log,sameyear_conditional,56,Wyoming,2019,10900000,4670851.568382563,9330000,11857500,140,2018,2016,l_permits_t + l_highway_t + l_gdp_t,1.282417004029189,0
sameyear_pooled_log,sameyear_conditional,01,Alabama,2020,40700000,24350047.325012807,41100000,37680000,186,2019,2016,l_permits_t + l_highway_t + l_gdp_t,1.2944801683074683,0
sameyear_pooled_log,sameyear_conditional,02,Alaska,2020,1530000,5958019.721414783,1540000,1158000,186,2019,2016,l_permits_t + l_highway_t + l_gdp_t,1.2944801683074683,0
sameyear_pooled_log,sameyear_conditional,04,Arizona,2020,11000000,37043827.27594622,10900000,10444000,186,2019,2016,l_permits_t + l_highway_t + l_gdp_t,1.2944801683074683,0
sameyear_pooled_log,sameyear_conditional,05,Arkansas,2020,31100000,17792522.222942237,29600000,29340000,186,2019,2016,l_permits_t + l_highway_t + l_gdp_t,1.2944801683074683,0
sameyear_pooled_log,sameyear_conditional,06,California,2020,40300000,134522189.47894955,41900000,39600000,186,2019,2016,l_permits_t + l_highway_t + l_gdp_t,1.2944801683074683,0
sameyear_pooled_log,sameyear_conditional,08,Colorado,2020,17300000,36361668.86415773,16600000,15440000,186,2019,2016,l_permits_t + l_highway_t + l_gdp_t,1.2944801683074683,0
sameyear_pooled_log,sameyear_conditional,09,Connecticut,2020,10300000,13633027.81964678,10500000,9738000,186,2019,2016,l_permits_t + l_highway_t + l_gdp_t,1.2944801683074683,0
sameyear_pooled_log,sameyear_conditional,12,Florida,2020,83400000,162591509.41555184,81300000,75200000,186,2019,2016,l_permits_t + l_highway_t + l_gdp_t,1.2944801683074683,0
sameyear_pooled_log,sameyear_conditional,13,Georgia,2020,59300000,49781660.376309164,57600000,53180000,186,2019,2016,l_permits_t + l_highway_t + l_gdp_t,1.2944801683074683,0
sameyear_pooled_log,sameyear_conditional,15,Hawaii,2020,5880000,5381104.047167054,5770000,5186000,186,2019,2016,l_permits_t + l_highway_t + l_gdp_t,1.2944801683074683,0
sameyear_pooled_log,sameyear_conditional,16,Idaho,2020,4620000,13758671.168381015,4210000,4540000,186,2019,2016,l_permits_t + l_highway_t + l_gdp_t,1.2944801683074683,0
sameyear_pooled_log,sameyear_conditional,17,Illinois,2020,53700000,55924937.4448943,49800000,50520000,186,2019,2016,l_permits_t + l_highway_t + l_gdp_t,1.2944801683074683,0
sameyear_pooled_log,sameyear_conditional,18,Indiana,2020,52400000,36424679.513971895,51400000,49520000,186,2019,2016,l_permits_t + l_highway_t + l_gdp_t,1.2944801683074683,0
sameyear_pooled_log,sameyear_conditional,19,Iowa,2020,39600000,21133043.78701706,41700000,38740000,186,2019,2016,l_permits_t + l_highway_t + l_gdp_t,1.2944801683074683,0
sameyear_pooled_log,sameyear_conditional,20,Kansas,2020,17800000,12828371.197817652,15100000,16280000,186,2019,2016,l_permits_t + l_highway_t + l_gdp_t,1.2944801683074683,0
sameyear_pooled_log,sameyear_conditional,21,Kentucky,2020,50000000,21629240.524678923,52100000,51600000,186,2019,2016,l_permits_t + l_highway_t + l_gdp_t,1.2944801683074683,0
sameyear_pooled_log,sameyear_conditional,23,Maine,2020,4690000,8966269.729175568,4500000,4296000,186,2019,2016,l_permits_t + l_highway_t + l_gdp_t,1.2944801683074683,0
sameyear_pooled_log,sameyear_conditional,24,Maryland,2020,24600000,31589540.609153554,25700000,23460000,186,2019,2016,l_permits_t + l_highway_t + l_gdp_t,1.2944801683074683,0
sameyear_pooled_log,sameyear_conditional,26,Michigan,2020,32800000,30409205.605432454,35400000,35380000,186,2019,2016,l_permits_t + l_highway_t + l_gdp_t,1.2944801683074683,0
sameyear_pooled_log,sameyear_conditional,27,Minnesota,2020,8580000,30703363.12319588,8010000,7592000,186,2019,2016,l_permits_t + l_highway_t + l_gdp_t,1.2944801683074683,0
sameyear_pooled_log,sameyear_conditional,28,Mississippi,2020,1320000,11724431.205076873,2090000,2062000,186,2019,2016,l_permits_t + l_highway_t + l_gdp_t,1.2944801683074683,0
sameyear_pooled_log,sameyear_conditional,29,Missouri,2020,81700000,23854658.881717063,74000000,72560000,186,2019,2016,l_permits_t + l_highway_t + l_gdp_t,1.2944801683074683,0
sameyear_pooled_log,sameyear_conditional,30,Montana,2020,2890000,9531548.347877134,2900000,2794000,186,2019,2016,l_permits_t + l_highway_t + l_gdp_t,1.2944801683074683,0
sameyear_pooled_log,sameyear_conditional,32,Nevada,2020,11200000,15644348.847400352,12400000,10938000,186,2019,2016,l_permits_t + l_highway_t + l_gdp_t,1.2944801683074683,0
sameyear_pooled_log,sameyear_conditional,33,New Hampshire,2020,5310000,5555156.880883994,5430000,5416000,186,2019,2016,l_permits_t + l_highway_t + l_gdp_t,1.2944801683074683,0
sameyear_pooled_log,sameyear_conditional,34,New Jersey,2020,17300000,52890059.47921052,18400000,17560000,186,2019,2016,l_permits_t + l_highway_t + l_gdp_t,1.2944801683074683,0
sameyear_pooled_log,sameyear_conditional,35,New Mexico,2020,4930000,8479178.324302066,4220000,4580000,186,2019,2016,l_permits_t + l_highway_t + l_gdp_t,1.2944801683074683,0
sameyear_pooled_log,sameyear_conditional,36,New York,2020,36700000,76832078.23686501,39100000,38980000,186,2019,2016,l_permits_t + l_highway_t + l_gdp_t,1.2944801683074683,0
sameyear_pooled_log,sameyear_conditional,37,North Carolina,2020,55900000,93352634.17761938,60700000,56060000,186,2019,2016,l_permits_t + l_highway_t + l_gdp_t,1.2944801683074683,0
sameyear_pooled_log,sameyear_conditional,38,North Dakota,2020,411000,6196483.304823313,337000,522400,186,2019,2016,l_permits_t + l_highway_t + l_gdp_t,1.2944801683074683,0
sameyear_pooled_log,sameyear_conditional,39,Ohio,2020,66800000,45283708.937768474,67900000,62820000,186,2019,2016,l_permits_t + l_highway_t + l_gdp_t,1.2944801683074683,0
sameyear_pooled_log,sameyear_conditional,40,Oklahoma,2020,38300000,23791917.191558745,38400000,37320000,186,2019,2016,l_permits_t + l_highway_t + l_gdp_t,1.2944801683074683,0
sameyear_pooled_log,sameyear_conditional,41,Oregon,2020,20200000,25004716.75167189,20700000,20280000,186,2019,2016,l_permits_t + l_highway_t + l_gdp_t,1.2944801683074683,0
sameyear_pooled_log,sameyear_conditional,42,Pennsylvania,2020,88500000,58362582.759183444,95500000,89700000,186,2019,2016,l_permits_t + l_highway_t + l_gdp_t,1.2944801683074683,0
sameyear_pooled_log,sameyear_conditional,44,Rhode Island,2020,2030000,4607323.584455692,1930000,2120000,186,2019,2016,l_permits_t + l_highway_t + l_gdp_t,1.2944801683074683,0
sameyear_pooled_log,sameyear_conditional,45,South Carolina,2020,27900000,44614815.70695043,29200000,27520000,186,2019,2016,l_permits_t + l_highway_t + l_gdp_t,1.2944801683074683,0
sameyear_pooled_log,sameyear_conditional,46,South Dakota,2020,8000000,8146619.929796983,6940000,6666000,186,2019,2016,l_permits_t + l_highway_t + l_gdp_t,1.2944801683074683,0
sameyear_pooled_log,sameyear_conditional,47,Tennessee,2020,52300000,37453120.987566516,50400000,45080000,186,2019,2016,l_permits_t + l_highway_t + l_gdp_t,1.2944801683074683,0
sameyear_pooled_log,sameyear_conditional,48,Texas,2020,189000000,259626128.33172253,191000000,169000000,186,2019,2016,l_permits_t + l_highway_t + l_gdp_t,1.2944801683074683,0
sameyear_pooled_log,sameyear_conditional,49,Utah,2020,12300000,29829025.341064252,10800000,9376000,186,2019,2016,l_permits_t + l_highway_t + l_gdp_t,1.2944801683074683,0
sameyear_pooled_log,sameyear_conditional,50,Vermont,2020,5230000,3389705.221677352,5400000,4946000,186,2019,2016,l_permits_t + l_highway_t + l_gdp_t,1.2944801683074683,0
sameyear_pooled_log,sameyear_conditional,51,Virginia,2020,53100000,41716948.93667192,51400000,50080000,186,2019,2016,l_permits_t + l_highway_t + l_gdp_t,1.2944801683074683,0
sameyear_pooled_log,sameyear_conditional,53,Washington,2020,15200000,45611877.57363451,15400000,15320000,186,2019,2016,l_permits_t + l_highway_t + l_gdp_t,1.2944801683074683,0
sameyear_pooled_log,sameyear_conditional,54,West Virginia,2020,13600000,12644296.204494609,16900000,15040000,186,2019,2016,l_permits_t + l_highway_t + l_gdp_t,1.2944801683074683,0
sameyear_pooled_log,sameyear_conditional,55,Wisconsin,2020,25100000,30533367.39487033,27800000,25360000,186,2019,2016,l_permits_t + l_highway_t + l_gdp_t,1.2944801683074683,0
sameyear_pooled_log,sameyear_conditional,56,Wyoming,2020,9560000,5483882.514868337,10900000,11666000,186,2019,2016,l_permits_t + l_highway_t + l_gdp_t,1.2944801683074683,0
sameyear_pooled_log,sameyear_conditional,01,Alabama,2021,43800000,21256422.011665132,40700000,38183333.333333336,232,2020,2016,l_permits_t + l_highway_t + l_gdp_t,1.295238044546224,0
sameyear_pooled_log,sameyear_conditional,02,Alaska,2021,807000,6678686.724764911,1530000,1220000,232,2020,2016,l_permits_t + l_highway_t + l_gdp_t,1.295238044546224,0
sameyear_pooled_log,sameyear_conditional,04,Arizona,2021,11400000,31192458.162532985,11000000,10536666.666666666,232,2020,2016,l_permits_t + l_highway_t + l_gdp_t,1.295238044546224,0
sameyear_pooled_log,sameyear_conditional,05,Arkansas,2021,34100000,20707883.40451709,31100000,29633333.333333332,232,2020,2016,l_permits_t + l_highway_t + l_gdp_t,1.295238044546224,0
sameyear_pooled_log,sameyear_conditional,06,California,2021,38300000,142396641.34087634,40300000,39716666.666666664,232,2020,2016,l_permits_t + l_highway_t + l_gdp_t,1.295238044546224,0
sameyear_pooled_log,sameyear_conditional,08,Colorado,2021,17000000,35446957.18777189,17300000,15750000,232,2020,2016,l_permits_t + l_highway_t + l_gdp_t,1.295238044546224,0
sameyear_pooled_log,sameyear_conditional,09,Connecticut,2021,10400000,12964960.076150155,10300000,9831666.666666666,232,2020,2016,l_permits_t + l_highway_t + l_gdp_t,1.295238044546224,0
sameyear_pooled_log,sameyear_conditional,12,Florida,2021,86600000,166984382.37645745,83400000,76566666.66666667,232,2020,2016,l_permits_t + l_highway_t + l_gdp_t,1.295238044546224,0
sameyear_pooled_log,sameyear_conditional,13,Georgia,2021,61200000,50583595.002652355,59300000,54200000,232,2020,2016,l_permits_t + l_highway_t + l_gdp_t,1.295238044546224,0
sameyear_pooled_log,sameyear_conditional,15,Hawaii,2021,5850000,3591594.9110330623,5880000,5301666.666666667,232,2020,2016,l_permits_t + l_highway_t + l_gdp_t,1.295238044546224,0
sameyear_pooled_log,sameyear_conditional,16,Idaho,2021,5370000,15601725.637439486,4620000,4553333.333333333,232,2020,2016,l_permits_t + l_highway_t + l_gdp_t,1.295238044546224,0
sameyear_pooled_log,sameyear_conditional,17,Illinois,2021,51500000,61732398.24631722,53700000,51050000,232,2020,2016,l_permits_t + l_highway_t + l_gdp_t,1.295238044546224,0
sameyear_pooled_log,sameyear_conditional,18,Indiana,2021,52300000,42393084.82878026,52400000,50000000,232,2020,2016,l_permits_t + l_highway_t + l_gdp_t,1.295238044546224,0
sameyear_pooled_log,sameyear_conditional,19,Iowa,2021,35600000,21486441.45544861,39600000,38883333.333333336,232,2020,2016,l_permits_t + l_highway_t + l_gdp_t,1.295238044546224,0
sameyear_pooled_log,sameyear_conditional,20,Kansas,2021,19400000,14062591.4260716,17800000,16533333.333333334,232,2020,2016,l_permits_t + l_highway_t + l_gdp_t,1.295238044546224,0
sameyear_pooled_log,sameyear_conditional,21,Kentucky,2021,51100000,22058642.108084273,50000000,51333333.333333336,232,2020,2016,l_permits_t + l_highway_t + l_gdp_t,1.295238044546224,0
sameyear_pooled_log,sameyear_conditional,23,Maine,2021,4700000,8590905.480481807,4690000,4361666.666666667,232,2020,2016,l_permits_t + l_highway_t + l_gdp_t,1.295238044546224,0
sameyear_pooled_log,sameyear_conditional,24,Maryland,2021,25700000,26768629.353223313,24600000,23650000,232,2020,2016,l_permits_t + l_highway_t + l_gdp_t,1.295238044546224,0
sameyear_pooled_log,sameyear_conditional,25,Massachusetts,2021,12400000,25093636.369475856,13000000,12983333.333333334,232,2020,2016,l_permits_t + l_highway_t + l_gdp_t,1.295238044546224,0
sameyear_pooled_log,sameyear_conditional,26,Michigan,2021,36000000,32563926.159509823,32800000,34950000,232,2020,2016,l_permits_t + l_highway_t + l_gdp_t,1.295238044546224,0
sameyear_pooled_log,sameyear_conditional,27,Minnesota,2021,9130000,31210292.95540997,8580000,7756666.666666667,232,2020,2016,l_permits_t + l_highway_t + l_gdp_t,1.295238044546224,0
sameyear_pooled_log,sameyear_conditional,28,Mississippi,2021,1320000,11608663.504577829,1320000,1938333.3333333333,232,2020,2016,l_permits_t + l_highway_t + l_gdp_t,1.295238044546224,0
sameyear_pooled_log,sameyear_conditional,29,Missouri,2021,85500000,24410400.415785026,81700000,74083333.33333333,232,2020,2016,l_permits_t + l_highway_t + l_gdp_t,1.295238044546224,0
sameyear_pooled_log,sameyear_conditional,30,Montana,2021,2890000,9117102.67491307,2890000,2810000,232,2020,2016,l_permits_t + l_highway_t + l_gdp_t,1.295238044546224,0
sameyear_pooled_log,sameyear_conditional,32,Nevada,2021,9960000,16797156.604433455,11200000,10981666.666666666,232,2020,2016,l_permits_t + l_highway_t + l_gdp_t,1.295238044546224,0
sameyear_pooled_log,sameyear_conditional,33,New Hampshire,2021,5070000,5021977.525239954,5310000,5398333.333333333,232,2020,2016,l_permits_t + l_highway_t + l_gdp_t,1.295238044546224,0
sameyear_pooled_log,sameyear_conditional,34,New Jersey,2021,17700000,48603282.08774239,17300000,17516666.666666668,232,2020,2016,l_permits_t + l_highway_t + l_gdp_t,1.295238044546224,0
sameyear_pooled_log,sameyear_conditional,35,New Mexico,2021,4270000,11123333.12269656,4930000,4638333.333333333,232,2020,2016,l_permits_t + l_highway_t + l_gdp_t,1.295238044546224,0
sameyear_pooled_log,sameyear_conditional,36,New York,2021,40600000,71123814.52526714,36700000,38600000,232,2020,2016,l_permits_t + l_highway_t + l_gdp_t,1.295238044546224,0
sameyear_pooled_log,sameyear_conditional,37,North Carolina,2021,62300000,87056482.17209849,55900000,56033333.333333336,232,2020,2016,l_permits_t + l_highway_t + l_gdp_t,1.295238044546224,0
sameyear_pooled_log,sameyear_conditional,38,North Dakota,2021,321000,6052208.7185919145,411000,503833.3333333333,232,2020,2016,l_permits_t + l_highway_t + l_gdp_t,1.295238044546224,0
sameyear_pooled_log,sameyear_conditional,39,Ohio,2021,72600000,45574796.61963064,66800000,63483333.333333336,232,2020,2016,l_permits_t + l_highway_t + l_gdp_t,1.295238044546224,0
sameyear_pooled_log,sameyear_conditional,40,Oklahoma,2021,41500000,23179732.276454005,38300000,37483333.333333336,232,2020,2016,l_permits_t + l_highway_t + l_gdp_t,1.295238044546224,0
sameyear_pooled_log,sameyear_conditional,41,Oregon,2021,21600000,17092315.000315305,20200000,20266666.666666668,232,2020,2016,l_permits_t + l_highway_t + l_gdp_t,1.295238044546224,0
sameyear_pooled_log,sameyear_conditional,42,Pennsylvania,2021,93400000,71459965.07578655,88500000,89500000,232,2020,2016,l_permits_t + l_highway_t + l_gdp_t,1.295238044546224,0
sameyear_pooled_log,sameyear_conditional,44,Rhode Island,2021,2150000,4540351.0456073955,2030000,2105000,232,2020,2016,l_permits_t + l_highway_t + l_gdp_t,1.295238044546224,0
sameyear_pooled_log,sameyear_conditional,45,South Carolina,2021,31000000,36754528.60835048,27900000,27583333.333333332,232,2020,2016,l_permits_t + l_highway_t + l_gdp_t,1.295238044546224,0
sameyear_pooled_log,sameyear_conditional,46,South Dakota,2021,8300000,8889155.396428272,8000000,6888333.333333333,232,2020,2016,l_permits_t + l_highway_t + l_gdp_t,1.295238044546224,0
sameyear_pooled_log,sameyear_conditional,47,Tennessee,2021,56900000,35793257.14445463,52300000,46283333.333333336,232,2020,2016,l_permits_t + l_highway_t + l_gdp_t,1.295238044546224,0
sameyear_pooled_log,sameyear_conditional,48,Texas,2021,190000000,262876959.59131193,189000000,172333333.33333334,232,2020,2016,l_permits_t + l_highway_t + l_gdp_t,1.295238044546224,0
sameyear_pooled_log,sameyear_conditional,49,Utah,2021,13200000,31895183.323626872,12300000,9863333.333333334,232,2020,2016,l_permits_t + l_highway_t + l_gdp_t,1.295238044546224,0
sameyear_pooled_log,sameyear_conditional,50,Vermont,2021,5320000,3443268.6811969103,5230000,4993333.333333333,232,2020,2016,l_permits_t + l_highway_t + l_gdp_t,1.295238044546224,0
sameyear_pooled_log,sameyear_conditional,51,Virginia,2021,54700000,48194954.18216375,53100000,50583333.333333336,232,2020,2016,l_permits_t + l_highway_t + l_gdp_t,1.295238044546224,0
sameyear_pooled_log,sameyear_conditional,53,Washington,2021,16700000,47504952.53298772,15200000,15300000,232,2020,2016,l_permits_t + l_highway_t + l_gdp_t,1.295238044546224,0
sameyear_pooled_log,sameyear_conditional,54,West Virginia,2021,14200000,9296763.659127468,13600000,14800000,232,2020,2016,l_permits_t + l_highway_t + l_gdp_t,1.295238044546224,0
sameyear_pooled_log,sameyear_conditional,55,Wisconsin,2021,25700000,26704193.630255375,25100000,25316666.666666668,232,2020,2016,l_permits_t + l_highway_t + l_gdp_t,1.295238044546224,0
sameyear_pooled_log,sameyear_conditional,56,Wyoming,2021,7440000,5368282.221152025,9560000,11315000,232,2020,2016,l_permits_t + l_highway_t + l_gdp_t,1.295238044546224,0
sameyear_state_log,sameyear_conditional,01,Alabama,2019,41100000,40728912.87441435,36900000,36825000,140,2018,2016,l_permits_t + l_highway_t + l_gdp_t,1.002307016628664,0
sameyear_state_log,sameyear_conditional,02,Alaska,2019,1540000,1046274.9398507181,1400000,1062500,140,2018,2016,l_permits_t + l_highway_t + l_gdp_t,1.002307016628664,0
sameyear_state_log,sameyear_conditional,04,Arizona,2019,10900000,11684889.65556041,11800000,10330000,140,2018,2016,l_permits_t + l_highway_t + l_gdp_t,1.002307016628664,0
sameyear_state_log,sameyear_conditional,05,Arkansas,2019,29600000,30692167.46496354,29000000,29275000,140,2018,2016,l_permits_t + l_highway_t + l_gdp_t,1.002307016628664,0
sameyear_state_log,sameyear_conditional,06,California,2019,41900000,41626291.03899148,41100000,39025000,140,2018,2016,l_permits_t + l_highway_t + l_gdp_t,1.002307016628664,0
sameyear_state_log,sameyear_conditional,08,Colorado,2019,16600000,16044205.206187878,14800000,15150000,140,2018,2016,l_permits_t + l_highway_t + l_gdp_t,1.002307016628664,0
sameyear_state_log,sameyear_conditional,09,Connecticut,2019,10500000,9684591.279441047,9520000,9547500,140,2018,2016,l_permits_t + l_highway_t + l_gdp_t,1.002307016628664,0
sameyear_state_log,sameyear_conditional,12,Florida,2019,81300000,81829883.07991277,76800000,73675000,140,2018,2016,l_permits_t + l_highway_t + l_gdp_t,1.002307016628664,0
sameyear_state_log,sameyear_conditional,13,Georgia,2019,57600000,57104452.54397441,53300000,52075000,140,2018,2016,l_permits_t + l_highway_t + l_gdp_t,1.002307016628664,0
sameyear_state_log,sameyear_conditional,15,Hawaii,2019,5770000,4979394.264025631,4680000,5040000,140,2018,2016,l_permits_t + l_highway_t + l_gdp_t,1.002307016628664,0
sameyear_state_log,sameyear_conditional,16,Idaho,2019,4210000,4909337.912935381,4600000,4622500,140,2018,2016,l_permits_t + l_highway_t + l_gdp_t,1.002307016628664,0
sameyear_state_log,sameyear_conditional,17,Illinois,2019,49800000,48118343.9920073,48600000,50700000,140,2018,2016,l_permits_t + l_highway_t + l_gdp_t,1.002307016628664,0
sameyear_state_log,sameyear_conditional,18,Indiana,2019,51400000,51670761.707189746,50300000,49050000,140,2018,2016,l_permits_t + l_highway_t + l_gdp_t,1.002307016628664,0
sameyear_state_log,sameyear_conditional,19,Iowa,2019,41700000,37703700.33131019,39200000,38000000,140,2018,2016,l_permits_t + l_highway_t + l_gdp_t,1.002307016628664,0
sameyear_state_log,sameyear_conditional,20,Kansas,2019,15100000,16320768.013713812,15400000,16575000,140,2018,2016,l_permits_t + l_highway_t + l_gdp_t,1.002307016628664,0
sameyear_state_log,sameyear_conditional,21,Kentucky,2019,52100000,50658946.41162751,49700000,51475000,140,2018,2016,l_permits_t + l_highway_t + l_gdp_t,1.002307016628664,0
sameyear_state_log,sameyear_conditional,23,Maine,2019,4500000,4343351.804344552,4040000,4245000,140,2018,2016,l_permits_t + l_highway_t + l_gdp_t,1.002307016628664,0
sameyear_state_log,sameyear_conditional,24,Maryland,2019,25700000,23353915.217859607,22500000,22900000,140,2018,2016,l_permits_t + l_highway_t + l_gdp_t,1.002307016628664,0
sameyear_state_log,sameyear_conditional,25,Massachusetts,2019,13400000,13212112.243500223,13900000,12875000,140,2018,2016,l_permits_t + l_highway_t + l_gdp_t,1.002307016628664,0
sameyear_state_log,sameyear_conditional,26,Michigan,2019,35400000,36125620.281570576,37400000,35375000,140,2018,2016,l_permits_t + l_highway_t + l_gdp_t,1.002307016628664,0
sameyear_state_log,sameyear_conditional,27,Minnesota,2019,8010000,7802731.801622771,7710000,7487500,140,2018,2016,l_permits_t + l_highway_t + l_gdp_t,1.002307016628664,0
sameyear_state_log,sameyear_conditional,28,Mississippi,2019,2090000,2081187.7576299813,2060000,2055000,140,2018,2016,l_permits_t + l_highway_t + l_gdp_t,1.002307016628664,0
sameyear_state_log,sameyear_conditional,29,Missouri,2019,74000000,74388167.37482198,71400000,72200000,140,2018,2016,l_permits_t + l_highway_t + l_gdp_t,1.002307016628664,0
sameyear_state_log,sameyear_conditional,30,Montana,2019,2900000,2813343.597430544,2760000,2767500,140,2018,2016,l_permits_t + l_highway_t + l_gdp_t,1.002307016628664,0
sameyear_state_log,sameyear_conditional,32,Nevada,2019,12400000,12751446.133393874,12200000,10572500,140,2018,2016,l_permits_t + l_highway_t + l_gdp_t,1.002307016628664,0
sameyear_state_log,sameyear_conditional,33,New Hampshire,2019,5430000,5654704.145494182,5250000,5412500,140,2018,2016,l_permits_t + l_highway_t + l_gdp_t,1.002307016628664,0
sameyear_state_log,sameyear_conditional,34,New Jersey,2019,18400000,17753843.883168913,17800000,17350000,140,2018,2016,l_permits_t + l_highway_t + l_gdp_t,1.002307016628664,0
sameyear_state_log,sameyear_conditional,35,New Mexico,2019,4220000,4835038.445996378,4300000,4670000,140,2018,2016,l_permits_t + l_highway_t + l_gdp_t,1.002307016628664,0
sameyear_state_log,sameyear_conditional,36,New York,2019,39100000,39512135.096503876,39800000,38950000,140,2018,2016,l_permits_t + l_highway_t + l_gdp_t,1.002307016628664,0
sameyear_state_log,sameyear_conditional,37,North Carolina,2019,60700000,60947609.527460806,56100000,54900000,140,2018,2016,l_permits_t + l_highway_t + l_gdp_t,1.002307016628664,0
sameyear_state_log,sameyear_conditional,38,North Dakota,2019,337000,435020.493032023,326000,568750,140,2018,2016,l_permits_t + l_highway_t + l_gdp_t,1.002307016628664,0
sameyear_state_log,sameyear_conditional,39,Ohio,2019,67900000,64037179.83312929,66000000,61550000,140,2018,2016,l_permits_t + l_highway_t + l_gdp_t,1.002307016628664,0
sameyear_state_log,sameyear_conditional,40,Oklahoma,2019,38400000,37119220.37061179,36800000,37050000,140,2018,2016,l_permits_t + l_highway_t + l_gdp_t,1.002307016628664,0
sameyear_state_log,sameyear_conditional,42,Pennsylvania,2019,95500000,89473187.76233582,87600000,88250000,140,2018,2016,l_permits_t + l_highway_t + l_gdp_t,1.002307016628664,0
sameyear_state_log,sameyear_conditional,44,Rhode Island,2019,1930000,2230294.1109117847,1800000,2167500,140,2018,2016,l_permits_t + l_highway_t + l_gdp_t,1.002307016628664,0
sameyear_state_log,sameyear_conditional,45,South Carolina,2019,29200000,29829214.43109384,27500000,27100000,140,2018,2016,l_permits_t + l_highway_t + l_gdp_t,1.002307016628664,0
sameyear_state_log,sameyear_conditional,46,South Dakota,2019,6940000,6721865.626602406,6520000,6597500,140,2018,2016,l_permits_t + l_highway_t + l_gdp_t,1.002307016628664,0
sameyear_state_log,sameyear_conditional,47,Tennessee,2019,50400000,48229940.44532055,45100000,43750000,140,2018,2016,l_permits_t + l_highway_t + l_gdp_t,1.002307016628664,0
sameyear_state_log,sameyear_conditional,48,Texas,2019,191000000,171805726.78941238,178000000,163500000,140,2018,2016,l_permits_t + l_highway_t + l_gdp_t,1.002307016628664,0
sameyear_state_log,sameyear_conditional,49,Utah,2019,10800000,10230867.815532528,10100000,9020000,140,2018,2016,l_permits_t + l_highway_t + l_gdp_t,1.002307016628664,0
sameyear_state_log,sameyear_conditional,50,Vermont,2019,5400000,4735097.785087681,5080000,4832500,140,2018,2016,l_permits_t + l_highway_t + l_gdp_t,1.002307016628664,0
sameyear_state_log,sameyear_conditional,51,Virginia,2019,51400000,51288556.267317735,49500000,49750000,140,2018,2016,l_permits_t + l_highway_t + l_gdp_t,1.002307016628664,0
sameyear_state_log,sameyear_conditional,53,Washington,2019,15400000,16629679.98161796,15700000,15300000,140,2018,2016,l_permits_t + l_highway_t + l_gdp_t,1.002307016628664,0
sameyear_state_log,sameyear_conditional,54,West Virginia,2019,16900000,14616099.34734081,15600000,14575000,140,2018,2016,l_permits_t + l_highway_t + l_gdp_t,1.002307016628664,0
sameyear_state_log,sameyear_conditional,55,Wisconsin,2019,27800000,26027416.729420032,26300000,24750000,140,2018,2016,l_permits_t + l_highway_t + l_gdp_t,1.002307016628664,0
sameyear_state_log,sameyear_conditional,56,Wyoming,2019,10900000,10355281.301205924,9330000,11857500,140,2018,2016,l_permits_t + l_highway_t + l_gdp_t,1.002307016628664,0
sameyear_state_log,sameyear_conditional,01,Alabama,2020,40700000,42224551.72157065,41100000,37680000,186,2019,2016,l_permits_t + l_highway_t + l_gdp_t,1.0025355080499687,0
sameyear_state_log,sameyear_conditional,02,Alaska,2020,1530000,1140574.0801316996,1540000,1158000,186,2019,2016,l_permits_t + l_highway_t + l_gdp_t,1.0025355080499687,0
sameyear_state_log,sameyear_conditional,04,Arizona,2020,11000000,12608230.94862899,10900000,10444000,186,2019,2016,l_permits_t + l_highway_t + l_gdp_t,1.0025355080499687,0
sameyear_state_log,sameyear_conditional,05,Arkansas,2020,31100000,31232723.96900253,29600000,29340000,186,2019,2016,l_permits_t + l_highway_t + l_gdp_t,1.0025355080499687,0
sameyear_state_log,sameyear_conditional,06,California,2020,40300000,39863731.31474643,41900000,39600000,186,2019,2016,l_permits_t + l_highway_t + l_gdp_t,1.0025355080499687,0
sameyear_state_log,sameyear_conditional,08,Colorado,2020,17300000,16174440.264691956,16600000,15440000,186,2019,2016,l_permits_t + l_highway_t + l_gdp_t,1.0025355080499687,0
sameyear_state_log,sameyear_conditional,09,Connecticut,2020,10300000,9634171.96936407,10500000,9738000,186,2019,2016,l_permits_t + l_highway_t + l_gdp_t,1.0025355080499687,0
sameyear_state_log,sameyear_conditional,12,Florida,2020,83400000,84021401.25027028,81300000,75200000,186,2019,2016,l_permits_t + l_highway_t + l_gdp_t,1.0025355080499687,0
sameyear_state_log,sameyear_conditional,13,Georgia,2020,59300000,57675527.095636465,57600000,53180000,186,2019,2016,l_permits_t + l_highway_t + l_gdp_t,1.0025355080499687,0
sameyear_state_log,sameyear_conditional,15,Hawaii,2020,5880000,4886822.02475686,5770000,5186000,186,2019,2016,l_permits_t + l_highway_t + l_gdp_t,1.0025355080499687,0
sameyear_state_log,sameyear_conditional,16,Idaho,2020,4620000,5013505.3556615105,4210000,4540000,186,2019,2016,l_permits_t + l_highway_t + l_gdp_t,1.0025355080499687,0
sameyear_state_log,sameyear_conditional,17,Illinois,2020,53700000,46154607.88755309,49800000,50520000,186,2019,2016,l_permits_t + l_highway_t + l_gdp_t,1.0025355080499687,0
sameyear_state_log,sameyear_conditional,18,Indiana,2020,52400000,52751582.44655005,51400000,49520000,186,2019,2016,l_permits_t + l_highway_t + l_gdp_t,1.0025355080499687,0
sameyear_state_log,sameyear_conditional,19,Iowa,2020,39600000,38774054.533394895,41700000,38740000,186,2019,2016,l_permits_t + l_highway_t + l_gdp_t,1.0025355080499687,0
sameyear_state_log,sameyear_conditional,20,Kansas,2020,17800000,15936216.758037718,15100000,16280000,186,2019,2016,l_permits_t + l_highway_t + l_gdp_t,1.0025355080499687,0
sameyear_state_log,sameyear_conditional,21,Kentucky,2020,50000000,50016966.06283083,52100000,51600000,186,2019,2016,l_permits_t + l_highway_t + l_gdp_t,1.0025355080499687,0
sameyear_state_log,sameyear_conditional,23,Maine,2020,4690000,4485802.404911671,4500000,4296000,186,2019,2016,l_permits_t + l_highway_t + l_gdp_t,1.0025355080499687,0
sameyear_state_log,sameyear_conditional,24,Maryland,2020,24600000,23597724.03564072,25700000,23460000,186,2019,2016,l_permits_t + l_highway_t + l_gdp_t,1.0025355080499687,0
sameyear_state_log,sameyear_conditional,26,Michigan,2020,32800000,34828753.22585061,35400000,35380000,186,2019,2016,l_permits_t + l_highway_t + l_gdp_t,1.0025355080499687,0
sameyear_state_log,sameyear_conditional,27,Minnesota,2020,8580000,7806026.639989895,8010000,7592000,186,2019,2016,l_permits_t + l_highway_t + l_gdp_t,1.0025355080499687,0
sameyear_state_log,sameyear_conditional,28,Mississippi,2020,1320000,2118998.838080863,2090000,2062000,186,2019,2016,l_permits_t + l_highway_t + l_gdp_t,1.0025355080499687,0
sameyear_state_log,sameyear_conditional,29,Missouri,2020,81700000,76643941.688813,74000000,72560000,186,2019,2016,l_permits_t + l_highway_t + l_gdp_t,1.0025355080499687,0
sameyear_state_log,sameyear_conditional,30,Montana,2020,2890000,3005527.419418169,2900000,2794000,186,2019,2016,l_permits_t + l_highway_t + l_gdp_t,1.0025355080499687,0
sameyear_state_log,sameyear_conditional,32,Nevada,2020,11200000,13037516.54171881,12400000,10938000,186,2019,2016,l_permits_t + l_highway_t + l_gdp_t,1.0025355080499687,0
sameyear_state_log,sameyear_conditional,33,New Hampshire,2020,5310000,5157905.273604192,5430000,5416000,186,2019,2016,l_permits_t + l_highway_t + l_gdp_t,1.0025355080499687,0
sameyear_state_log,sameyear_conditional,34,New Jersey,2020,17300000,17760985.83199643,18400000,17560000,186,2019,2016,l_permits_t + l_highway_t + l_gdp_t,1.0025355080499687,0
sameyear_state_log,sameyear_conditional,35,New Mexico,2020,4930000,4655947.595586006,4220000,4580000,186,2019,2016,l_permits_t + l_highway_t + l_gdp_t,1.0025355080499687,0
sameyear_state_log,sameyear_conditional,36,New York,2020,36700000,36527385.56599576,39100000,38980000,186,2019,2016,l_permits_t + l_highway_t + l_gdp_t,1.0025355080499687,0
sameyear_state_log,sameyear_conditional,37,North Carolina,2020,55900000,61971341.79736732,60700000,56060000,186,2019,2016,l_permits_t + l_highway_t + l_gdp_t,1.0025355080499687,0
sameyear_state_log,sameyear_conditional,38,North Dakota,2020,411000,403140.345990992,337000,522400,186,2019,2016,l_permits_t + l_highway_t + l_gdp_t,1.0025355080499687,0
sameyear_state_log,sameyear_conditional,39,Ohio,2020,66800000,67385119.00905818,67900000,62820000,186,2019,2016,l_permits_t + l_highway_t + l_gdp_t,1.0025355080499687,0
sameyear_state_log,sameyear_conditional,40,Oklahoma,2020,38300000,38180867.6717896,38400000,37320000,186,2019,2016,l_permits_t + l_highway_t + l_gdp_t,1.0025355080499687,0
sameyear_state_log,sameyear_conditional,41,Oregon,2020,20200000,21866937.881663654,20700000,20280000,186,2019,2016,l_permits_t + l_highway_t + l_gdp_t,1.0025355080499687,0
sameyear_state_log,sameyear_conditional,42,Pennsylvania,2020,88500000,88135922.41367915,95500000,89700000,186,2019,2016,l_permits_t + l_highway_t + l_gdp_t,1.0025355080499687,0
sameyear_state_log,sameyear_conditional,44,Rhode Island,2020,2030000,2080009.1649744918,1930000,2120000,186,2019,2016,l_permits_t + l_highway_t + l_gdp_t,1.0025355080499687,0
sameyear_state_log,sameyear_conditional,45,South Carolina,2020,27900000,29876757.86455519,29200000,27520000,186,2019,2016,l_permits_t + l_highway_t + l_gdp_t,1.0025355080499687,0
sameyear_state_log,sameyear_conditional,46,South Dakota,2020,8000000,7313235.695211181,6940000,6666000,186,2019,2016,l_permits_t + l_highway_t + l_gdp_t,1.0025355080499687,0
sameyear_state_log,sameyear_conditional,47,Tennessee,2020,52300000,50490562.9294033,50400000,45080000,186,2019,2016,l_permits_t + l_highway_t + l_gdp_t,1.0025355080499687,0
sameyear_state_log,sameyear_conditional,48,Texas,2020,189000000,177934374.0382264,191000000,169000000,186,2019,2016,l_permits_t + l_highway_t + l_gdp_t,1.0025355080499687,0
sameyear_state_log,sameyear_conditional,49,Utah,2020,12300000,11143684.642680353,10800000,9376000,186,2019,2016,l_permits_t + l_highway_t + l_gdp_t,1.0025355080499687,0
sameyear_state_log,sameyear_conditional,50,Vermont,2020,5230000,4859408.444279321,5400000,4946000,186,2019,2016,l_permits_t + l_highway_t + l_gdp_t,1.0025355080499687,0
sameyear_state_log,sameyear_conditional,51,Virginia,2020,53100000,52440683.16445916,51400000,50080000,186,2019,2016,l_permits_t + l_highway_t + l_gdp_t,1.0025355080499687,0
sameyear_state_log,sameyear_conditional,53,Washington,2020,15200000,15935740.546104891,15400000,15320000,186,2019,2016,l_permits_t + l_highway_t + l_gdp_t,1.0025355080499687,0
sameyear_state_log,sameyear_conditional,54,West Virginia,2020,13600000,13517542.82003942,16900000,15040000,186,2019,2016,l_permits_t + l_highway_t + l_gdp_t,1.0025355080499687,0
sameyear_state_log,sameyear_conditional,55,Wisconsin,2020,25100000,26984802.63128994,27800000,25360000,186,2019,2016,l_permits_t + l_highway_t + l_gdp_t,1.0025355080499687,0
sameyear_state_log,sameyear_conditional,56,Wyoming,2020,9560000,10406245.820529697,10900000,11666000,186,2019,2016,l_permits_t + l_highway_t + l_gdp_t,1.0025355080499687,0
sameyear_state_log,sameyear_conditional,01,Alabama,2021,43800000,41886848.38261763,40700000,38183333.333333336,232,2020,2016,l_permits_t + l_highway_t + l_gdp_t,1.002835009036134,0
sameyear_state_log,sameyear_conditional,02,Alaska,2021,807000,1221430.0880488488,1530000,1220000,232,2020,2016,l_permits_t + l_highway_t + l_gdp_t,1.002835009036134,0
sameyear_state_log,sameyear_conditional,04,Arizona,2021,11400000,12022871.225400923,11000000,10536666.666666666,232,2020,2016,l_permits_t + l_highway_t + l_gdp_t,1.002835009036134,0
sameyear_state_log,sameyear_conditional,05,Arkansas,2021,34100000,32064046.485140026,31100000,29633333.333333332,232,2020,2016,l_permits_t + l_highway_t + l_gdp_t,1.002835009036134,0
sameyear_state_log,sameyear_conditional,06,California,2021,38300000,41325896.09849839,40300000,39716666.666666664,232,2020,2016,l_permits_t + l_highway_t + l_gdp_t,1.002835009036134,0
sameyear_state_log,sameyear_conditional,08,Colorado,2021,17000000,16923037.40813659,17300000,15750000,232,2020,2016,l_permits_t + l_highway_t + l_gdp_t,1.002835009036134,0
sameyear_state_log,sameyear_conditional,09,Connecticut,2021,10400000,9622309.037311139,10300000,9831666.666666666,232,2020,2016,l_permits_t + l_highway_t + l_gdp_t,1.002835009036134,0
sameyear_state_log,sameyear_conditional,12,Florida,2021,86600000,85792066.08215019,83400000,76566666.66666667,232,2020,2016,l_permits_t + l_highway_t + l_gdp_t,1.002835009036134,0
sameyear_state_log,sameyear_conditional,13,Georgia,2021,61200000,60109153.67095708,59300000,54200000,232,2020,2016,l_permits_t + l_highway_t + l_gdp_t,1.002835009036134,0
sameyear_state_log,sameyear_conditional,15,Hawaii,2021,5850000,5041142.386987739,5880000,5301666.666666667,232,2020,2016,l_permits_t + l_highway_t + l_gdp_t,1.002835009036134,0
sameyear_state_log,sameyear_conditional,16,Idaho,2021,5370000,5251165.473869337,4620000,4553333.333333333,232,2020,2016,l_permits_t + l_highway_t + l_gdp_t,1.002835009036134,0
sameyear_state_log,sameyear_conditional,17,Illinois,2021,51500000,49917381.35497734,53700000,51050000,232,2020,2016,l_permits_t + l_highway_t + l_gdp_t,1.002835009036134,0
sameyear_state_log,sameyear_conditional,18,Indiana,2021,52300000,54358501.1622544,52400000,50000000,232,2020,2016,l_permits_t + l_highway_t + l_gdp_t,1.002835009036134,0
sameyear_state_log,sameyear_conditional,19,Iowa,2021,35600000,39375005.608824104,39600000,38883333.333333336,232,2020,2016,l_permits_t + l_highway_t + l_gdp_t,1.002835009036134,0
sameyear_state_log,sameyear_conditional,20,Kansas,2021,19400000,16728483.413696652,17800000,16533333.333333334,232,2020,2016,l_permits_t + l_highway_t + l_gdp_t,1.002835009036134,0
sameyear_state_log,sameyear_conditional,21,Kentucky,2021,51100000,51382204.38678416,50000000,51333333.333333336,232,2020,2016,l_permits_t + l_highway_t + l_gdp_t,1.002835009036134,0
sameyear_state_log,sameyear_conditional,23,Maine,2021,4700000,4670679.24590697,4690000,4361666.666666667,232,2020,2016,l_permits_t + l_highway_t + l_gdp_t,1.002835009036134,0
sameyear_state_log,sameyear_conditional,24,Maryland,2021,25700000,23589286.855616916,24600000,23650000,232,2020,2016,l_permits_t + l_highway_t + l_gdp_t,1.002835009036134,0
sameyear_state_log,sameyear_conditional,25,Massachusetts,2021,12400000,13352495.35599044,13000000,12983333.333333334,232,2020,2016,l_permits_t + l_highway_t + l_gdp_t,1.002835009036134,0
sameyear_state_log,sameyear_conditional,26,Michigan,2021,36000000,36069331.90856279,32800000,34950000,232,2020,2016,l_permits_t + l_highway_t + l_gdp_t,1.002835009036134,0
sameyear_state_log,sameyear_conditional,27,Minnesota,2021,9130000,8237413.321050445,8580000,7756666.666666667,232,2020,2016,l_permits_t + l_highway_t + l_gdp_t,1.002835009036134,0
sameyear_state_log,sameyear_conditional,28,Mississippi,2021,1320000,1961841.2230687467,1320000,1938333.3333333333,232,2020,2016,l_permits_t + l_highway_t + l_gdp_t,1.002835009036134,0
sameyear_state_log,sameyear_conditional,29,Missouri,2021,85500000,79521391.51120862,81700000,74083333.33333333,232,2020,2016,l_permits_t + l_highway_t + l_gdp_t,1.002835009036134,0
sameyear_state_log,sameyear_conditional,30,Montana,2021,2890000,3100696.9024276044,2890000,2810000,232,2020,2016,l_permits_t + l_highway_t + l_gdp_t,1.002835009036134,0
sameyear_state_log,sameyear_conditional,32,Nevada,2021,9960000,12725446.720401032,11200000,10981666.666666666,232,2020,2016,l_permits_t + l_highway_t + l_gdp_t,1.002835009036134,0
sameyear_state_log,sameyear_conditional,33,New Hampshire,2021,5070000,5643334.81941532,5310000,5398333.333333333,232,2020,2016,l_permits_t + l_highway_t + l_gdp_t,1.002835009036134,0
sameyear_state_log,sameyear_conditional,34,New Jersey,2021,17700000,17637713.24084072,17300000,17516666.666666668,232,2020,2016,l_permits_t + l_highway_t + l_gdp_t,1.002835009036134,0
sameyear_state_log,sameyear_conditional,35,New Mexico,2021,4270000,4853421.213727143,4930000,4638333.333333333,232,2020,2016,l_permits_t + l_highway_t + l_gdp_t,1.002835009036134,0
sameyear_state_log,sameyear_conditional,36,New York,2021,40600000,37181095.973180525,36700000,38600000,232,2020,2016,l_permits_t + l_highway_t + l_gdp_t,1.002835009036134,0
sameyear_state_log,sameyear_conditional,37,North Carolina,2021,62300000,61924540.701368645,55900000,56033333.333333336,232,2020,2016,l_permits_t + l_highway_t + l_gdp_t,1.002835009036134,0
sameyear_state_log,sameyear_conditional,38,North Dakota,2021,321000,396039.5454412385,411000,503833.3333333333,232,2020,2016,l_permits_t + l_highway_t + l_gdp_t,1.002835009036134,0
sameyear_state_log,sameyear_conditional,39,Ohio,2021,72600000,66638174.384839326,66800000,63483333.333333336,232,2020,2016,l_permits_t + l_highway_t + l_gdp_t,1.002835009036134,0
sameyear_state_log,sameyear_conditional,40,Oklahoma,2021,41500000,38010521.94049478,38300000,37483333.333333336,232,2020,2016,l_permits_t + l_highway_t + l_gdp_t,1.002835009036134,0
sameyear_state_log,sameyear_conditional,41,Oregon,2021,21600000,21542498.48689306,20200000,20266666.666666668,232,2020,2016,l_permits_t + l_highway_t + l_gdp_t,1.002835009036134,0
sameyear_state_log,sameyear_conditional,42,Pennsylvania,2021,93400000,94542215.82417329,88500000,89500000,232,2020,2016,l_permits_t + l_highway_t + l_gdp_t,1.002835009036134,0
sameyear_state_log,sameyear_conditional,44,Rhode Island,2021,2150000,2097297.221329545,2030000,2105000,232,2020,2016,l_permits_t + l_highway_t + l_gdp_t,1.002835009036134,0
sameyear_state_log,sameyear_conditional,45,South Carolina,2021,31000000,29980766.97099143,27900000,27583333.333333332,232,2020,2016,l_permits_t + l_highway_t + l_gdp_t,1.002835009036134,0
sameyear_state_log,sameyear_conditional,46,South Dakota,2021,8300000,7649641.528576953,8000000,6888333.333333333,232,2020,2016,l_permits_t + l_highway_t + l_gdp_t,1.002835009036134,0
sameyear_state_log,sameyear_conditional,47,Tennessee,2021,56900000,52477735.517672114,52300000,46283333.333333336,232,2020,2016,l_permits_t + l_highway_t + l_gdp_t,1.002835009036134,0
sameyear_state_log,sameyear_conditional,48,Texas,2021,190000000,181563004.44152388,189000000,172333333.33333334,232,2020,2016,l_permits_t + l_highway_t + l_gdp_t,1.002835009036134,0
sameyear_state_log,sameyear_conditional,49,Utah,2021,13200000,11859245.03468527,12300000,9863333.333333334,232,2020,2016,l_permits_t + l_highway_t + l_gdp_t,1.002835009036134,0
sameyear_state_log,sameyear_conditional,50,Vermont,2021,5320000,5097187.007822774,5230000,4993333.333333333,232,2020,2016,l_permits_t + l_highway_t + l_gdp_t,1.002835009036134,0
sameyear_state_log,sameyear_conditional,51,Virginia,2021,54700000,53777849.92785226,53100000,50583333.333333336,232,2020,2016,l_permits_t + l_highway_t + l_gdp_t,1.002835009036134,0
sameyear_state_log,sameyear_conditional,53,Washington,2021,16700000,16479743.77689035,15200000,15300000,232,2020,2016,l_permits_t + l_highway_t + l_gdp_t,1.002835009036134,0
sameyear_state_log,sameyear_conditional,54,West Virginia,2021,14200000,13587424.311256783,13600000,14800000,232,2020,2016,l_permits_t + l_highway_t + l_gdp_t,1.002835009036134,0
sameyear_state_log,sameyear_conditional,55,Wisconsin,2021,25700000,26950403.683032762,25100000,25316666.666666668,232,2020,2016,l_permits_t + l_highway_t + l_gdp_t,1.002835009036134,0
sameyear_state_log,sameyear_conditional,56,Wyoming,2021,7440000,10294379.296976447,9560000,11315000,232,2020,2016,l_permits_t + l_highway_t + l_gdp_t,1.002835009036134,0
ridge_0.01,lagged,01,Alabama,2019,41100000,37167185.9250996,36900000,36825000,140,2018,2016,l_lag_y + l_permits + l_highway + l_gdp,1.004940408222533,0
ridge_0.01,lagged,02,Alaska,2019,1540000,1276024.6998296503,1400000,1062500,140,2018,2016,l_lag_y + l_permits + l_highway + l_gdp,1.004940408222533,0
ridge_0.01,lagged,04,Arizona,2019,10900000,12344090.15292438,11800000,10330000,140,2018,2016,l_lag_y + l_permits + l_highway + l_gdp,1.004940408222533,0
ridge_0.01,lagged,05,Arkansas,2019,29600000,29169666.5036308,29000000,29275000,140,2018,2016,l_lag_y + l_permits + l_highway + l_gdp,1.004940408222533,0
ridge_0.01,lagged,06,California,2019,41900000,42746179.37259826,41100000,39025000,140,2018,2016,l_lag_y + l_permits + l_highway + l_gdp,1.004940408222533,0
ridge_0.01,lagged,08,Colorado,2019,16600000,15427439.407070464,14800000,15150000,140,2018,2016,l_lag_y + l_permits + l_highway + l_gdp,1.004940408222533,0
ridge_0.01,lagged,09,Connecticut,2019,10500000,9046301.75530609,9520000,9547500,140,2018,2016,l_lag_y + l_permits + l_highway + l_gdp,1.004940408222533,0
ridge_0.01,lagged,12,Florida,2019,81300000,82289721.98816483,76800000,73675000,140,2018,2016,l_lag_y + l_permits + l_highway + l_gdp,1.004940408222533,0
ridge_0.01,lagged,13,Georgia,2019,57600000,56518124.66292687,53300000,52075000,140,2018,2016,l_lag_y + l_permits + l_highway + l_gdp,1.004940408222533,0
ridge_0.01,lagged,15,Hawaii,2019,5770000,4566799.476755002,4680000,5040000,140,2018,2016,l_lag_y + l_permits + l_highway + l_gdp,1.004940408222533,0
ridge_0.01,lagged,16,Idaho,2019,4210000,4769815.460925122,4600000,4622500,140,2018,2016,l_lag_y + l_permits + l_highway + l_gdp,1.004940408222533,0
ridge_0.01,lagged,17,Illinois,2019,49800000,48039335.99371447,48600000,50700000,140,2018,2016,l_lag_y + l_permits + l_highway + l_gdp,1.004940408222533,0
ridge_0.01,lagged,18,Indiana,2019,51400000,51270708.4772472,50300000,49050000,140,2018,2016,l_lag_y + l_permits + l_highway + l_gdp,1.004940408222533,0
ridge_0.01,lagged,19,Iowa,2019,41700000,39278420.51100852,39200000,38000000,140,2018,2016,l_lag_y + l_permits + l_highway + l_gdp,1.004940408222533,0
ridge_0.01,lagged,20,Kansas,2019,15100000,15448140.061674621,15400000,16575000,140,2018,2016,l_lag_y + l_permits + l_highway + l_gdp,1.004940408222533,0
ridge_0.01,lagged,21,Kentucky,2019,52100000,50452852.54290831,49700000,51475000,140,2018,2016,l_lag_y + l_permits + l_highway + l_gdp,1.004940408222533,0
ridge_0.01,lagged,23,Maine,2019,4500000,3969235.8595396853,4040000,4245000,140,2018,2016,l_lag_y + l_permits + l_highway + l_gdp,1.004940408222533,0
ridge_0.01,lagged,24,Maryland,2019,25700000,22326748.762328055,22500000,22900000,140,2018,2016,l_lag_y + l_permits + l_highway + l_gdp,1.004940408222533,0
ridge_0.01,lagged,26,Michigan,2019,35400000,37717531.61178828,37400000,35375000,140,2018,2016,l_lag_y + l_permits + l_highway + l_gdp,1.004940408222533,0
ridge_0.01,lagged,27,Minnesota,2019,8010000,7848135.961394158,7710000,7487500,140,2018,2016,l_lag_y + l_permits + l_highway + l_gdp,1.004940408222533,0
ridge_0.01,lagged,28,Mississippi,2019,2090000,2015681.0174186085,2060000,2055000,140,2018,2016,l_lag_y + l_permits + l_highway + l_gdp,1.004940408222533,0
ridge_0.01,lagged,29,Missouri,2019,74000000,72759027.85323621,71400000,72200000,140,2018,2016,l_lag_y + l_permits + l_highway + l_gdp,1.004940408222533,0
ridge_0.01,lagged,30,Montana,2019,2900000,2701283.8918454223,2760000,2767500,140,2018,2016,l_lag_y + l_permits + l_highway + l_gdp,1.004940408222533,0
ridge_0.01,lagged,32,Nevada,2019,12400000,12369452.012778936,12200000,10572500,140,2018,2016,l_lag_y + l_permits + l_highway + l_gdp,1.004940408222533,0
ridge_0.01,lagged,33,New Hampshire,2019,5430000,5171948.441430815,5250000,5412500,140,2018,2016,l_lag_y + l_permits + l_highway + l_gdp,1.004940408222533,0
ridge_0.01,lagged,34,New Jersey,2019,18400000,17904321.757909928,17800000,17350000,140,2018,2016,l_lag_y + l_permits + l_highway + l_gdp,1.004940408222533,0
ridge_0.01,lagged,35,New Mexico,2019,4220000,4175101.6442396017,4300000,4670000,140,2018,2016,l_lag_y + l_permits + l_highway + l_gdp,1.004940408222533,0
ridge_0.01,lagged,36,New York,2019,39100000,40003756.2883605,39800000,38950000,140,2018,2016,l_lag_y + l_permits + l_highway + l_gdp,1.004940408222533,0
ridge_0.01,lagged,37,North Carolina,2019,60700000,59523940.95885873,56100000,54900000,140,2018,2016,l_lag_y + l_permits + l_highway + l_gdp,1.004940408222533,0
ridge_0.01,lagged,38,North Dakota,2019,337000,307731.727915118,326000,568750,140,2018,2016,l_lag_y + l_permits + l_highway + l_gdp,1.004940408222533,0
ridge_0.01,lagged,39,Ohio,2019,67900000,66617864.02661353,66000000,61550000,140,2018,2016,l_lag_y + l_permits + l_highway + l_gdp,1.004940408222533,0
ridge_0.01,lagged,40,Oklahoma,2019,38400000,36701640.36397198,36800000,37050000,140,2018,2016,l_lag_y + l_permits + l_highway + l_gdp,1.004940408222533,0
ridge_0.01,lagged,42,Pennsylvania,2019,95500000,87073061.15351155,87600000,88250000,140,2018,2016,l_lag_y + l_permits + l_highway + l_gdp,1.004940408222533,0
ridge_0.01,lagged,44,Rhode Island,2019,1930000,1651307.0462431652,1800000,2167500,140,2018,2016,l_lag_y + l_permits + l_highway + l_gdp,1.004940408222533,0
ridge_0.01,lagged,45,South Carolina,2019,29200000,28925207.421034798,27500000,27100000,140,2018,2016,l_lag_y + l_permits + l_highway + l_gdp,1.004940408222533,0
ridge_0.01,lagged,46,South Dakota,2019,6940000,6541064.73147967,6520000,6597500,140,2018,2016,l_lag_y + l_permits + l_highway + l_gdp,1.004940408222533,0
ridge_0.01,lagged,47,Tennessee,2019,50400000,47749060.47692723,45100000,43750000,140,2018,2016,l_lag_y + l_permits + l_highway + l_gdp,1.004940408222533,0
ridge_0.01,lagged,48,Texas,2019,191000000,192398834.88093722,178000000,163500000,140,2018,2016,l_lag_y + l_permits + l_highway + l_gdp,1.004940408222533,0
ridge_0.01,lagged,49,Utah,2019,10800000,10399132.571087923,10100000,9020000,140,2018,2016,l_lag_y + l_permits + l_highway + l_gdp,1.004940408222533,0
ridge_0.01,lagged,50,Vermont,2019,5400000,4919627.353588396,5080000,4832500,140,2018,2016,l_lag_y + l_permits + l_highway + l_gdp,1.004940408222533,0
ridge_0.01,lagged,51,Virginia,2019,51400000,50542197.789025985,49500000,49750000,140,2018,2016,l_lag_y + l_permits + l_highway + l_gdp,1.004940408222533,0
ridge_0.01,lagged,53,Washington,2019,15400000,16307021.166476076,15700000,15300000,140,2018,2016,l_lag_y + l_permits + l_highway + l_gdp,1.004940408222533,0
ridge_0.01,lagged,54,West Virginia,2019,16900000,14469446.097356398,15600000,14575000,140,2018,2016,l_lag_y + l_permits + l_highway + l_gdp,1.004940408222533,0
ridge_0.01,lagged,55,Wisconsin,2019,27800000,26731124.71452592,26300000,24750000,140,2018,2016,l_lag_y + l_permits + l_highway + l_gdp,1.004940408222533,0
ridge_0.01,lagged,56,Wyoming,2019,10900000,8821359.643237974,9330000,11857500,140,2018,2016,l_lag_y + l_permits + l_highway + l_gdp,1.004940408222533,0
ridge_0.01,lagged,01,Alabama,2020,40700000,42213478.1329084,41100000,37680000,185,2019,2016,l_lag_y + l_permits + l_highway + l_gdp,1.0045058064415047,0
ridge_0.01,lagged,02,Alaska,2020,1530000,1462770.4293667916,1540000,1158000,185,2019,2016,l_lag_y + l_permits + l_highway + l_gdp,1.0045058064415047,0
ridge_0.01,lagged,04,Arizona,2020,11000000,11321901.32500718,10900000,10444000,185,2019,2016,l_lag_y + l_permits + l_highway + l_gdp,1.0045058064415047,0
ridge_0.01,lagged,05,Arkansas,2020,31100000,30427264.11433763,29600000,29340000,185,2019,2016,l_lag_y + l_permits + l_highway + l_gdp,1.0045058064415047,0
ridge_0.01,lagged,06,California,2020,40300000,43514218.964948975,41900000,39600000,185,2019,2016,l_lag_y + l_permits + l_highway + l_gdp,1.0045058064415047,0
ridge_0.01,lagged,08,Colorado,2020,17300000,17229499.389796413,16600000,15440000,185,2019,2016,l_lag_y + l_permits + l_highway + l_gdp,1.0045058064415047,0
ridge_0.01,lagged,09,Connecticut,2020,10300000,10386619.143013215,10500000,9738000,185,2019,2016,l_lag_y + l_permits + l_highway + l_gdp,1.0045058064415047,0
ridge_0.01,lagged,12,Florida,2020,83400000,86059984.53271332,81300000,75200000,185,2019,2016,l_lag_y + l_permits + l_highway + l_gdp,1.0045058064415047,0
ridge_0.01,lagged,13,Georgia,2020,59300000,60561086.22004591,57600000,53180000,185,2019,2016,l_lag_y + l_permits + l_highway + l_gdp,1.0045058064415047,0
ridge_0.01,lagged,15,Hawaii,2020,5880000,5748885.053637218,5770000,5186000,185,2019,2016,l_lag_y + l_permits + l_highway + l_gdp,1.0045058064415047,0
ridge_0.01,lagged,16,Idaho,2020,4620000,4330309.499480431,4210000,4540000,185,2019,2016,l_lag_y + l_permits + l_highway + l_gdp,1.0045058064415047,0
ridge_0.01,lagged,17,Illinois,2020,53700000,50223347.95532584,49800000,50520000,185,2019,2016,l_lag_y + l_permits + l_highway + l_gdp,1.0045058064415047,0
ridge_0.01,lagged,18,Indiana,2020,52400000,52863980.024619535,51400000,49520000,185,2019,2016,l_lag_y + l_permits + l_highway + l_gdp,1.0045058064415047,0
ridge_0.01,lagged,19,Iowa,2020,39600000,42574624.33158947,41700000,38740000,185,2019,2016,l_lag_y + l_permits + l_highway + l_gdp,1.0045058064415047,0
ridge_0.01,lagged,20,Kansas,2020,17800000,15308477.286196236,15100000,16280000,185,2019,2016,l_lag_y + l_permits + l_highway + l_gdp,1.0045058064415047,0
ridge_0.01,lagged,21,Kentucky,2020,50000000,53125293.253043815,52100000,51600000,185,2019,2016,l_lag_y + l_permits + l_highway + l_gdp,1.0045058064415047,0
ridge_0.01,lagged,23,Maine,2020,4690000,4492446.152399325,4500000,4296000,185,2019,2016,l_lag_y + l_permits + l_highway + l_gdp,1.0045058064415047,0
ridge_0.01,lagged,24,Maryland,2020,24600000,26016302.21769384,25700000,23460000,185,2019,2016,l_lag_y + l_permits + l_highway + l_gdp,1.0045058064415047,0
ridge_0.01,lagged,25,Massachusetts,2020,13000000,13580939.327524947,13400000,12980000,185,2019,2016,l_lag_y + l_permits + l_highway + l_gdp,1.0045058064415047,0
ridge_0.01,lagged,26,Michigan,2020,32800000,36191835.59044956,35400000,35380000,185,2019,2016,l_lag_y + l_permits + l_highway + l_gdp,1.0045058064415047,0
ridge_0.01,lagged,27,Minnesota,2020,8580000,8195895.649581302,8010000,7592000,185,2019,2016,l_lag_y + l_permits + l_highway + l_gdp,1.0045058064415047,0
ridge_0.01,lagged,28,Mississippi,2020,1320000,2074305.9651122417,2090000,2062000,185,2019,2016,l_lag_y + l_permits + l_highway + l_gdp,1.0045058064415047,0
ridge_0.01,lagged,29,Missouri,2020,81700000,76664860.70613289,74000000,72560000,185,2019,2016,l_lag_y + l_permits + l_highway + l_gdp,1.0045058064415047,0
ridge_0.01,lagged,30,Montana,2020,2890000,2874076.219143122,2900000,2794000,185,2019,2016,l_lag_y + l_permits + l_highway + l_gdp,1.0045058064415047,0
ridge_0.01,lagged,32,Nevada,2020,11200000,12740172.322585711,12400000,10938000,185,2019,2016,l_lag_y + l_permits + l_highway + l_gdp,1.0045058064415047,0
ridge_0.01,lagged,33,New Hampshire,2020,5310000,5464415.339882868,5430000,5416000,185,2019,2016,l_lag_y + l_permits + l_highway + l_gdp,1.0045058064415047,0
ridge_0.01,lagged,34,New Jersey,2020,17300000,18814602.12668437,18400000,17560000,185,2019,2016,l_lag_y + l_permits + l_highway + l_gdp,1.0045058064415047,0
ridge_0.01,lagged,35,New Mexico,2020,4930000,4195415.606757784,4220000,4580000,185,2019,2016,l_lag_y + l_permits + l_highway + l_gdp,1.0045058064415047,0
ridge_0.01,lagged,36,New York,2020,36700000,39912917.1260109,39100000,38980000,185,2019,2016,l_lag_y + l_permits + l_highway + l_gdp,1.0045058064415047,0
ridge_0.01,lagged,37,North Carolina,2020,55900000,63465885.68805072,60700000,56060000,185,2019,2016,l_lag_y + l_permits + l_highway + l_gdp,1.0045058064415047,0
ridge_0.01,lagged,38,North Dakota,2020,411000,322307.9959879856,337000,522400,185,2019,2016,l_lag_y + l_permits + l_highway + l_gdp,1.0045058064415047,0
ridge_0.01,lagged,39,Ohio,2020,66800000,69489017.5877706,67900000,62820000,185,2019,2016,l_lag_y + l_permits + l_highway + l_gdp,1.0045058064415047,0
ridge_0.01,lagged,40,Oklahoma,2020,38300000,39097157.45447093,38400000,37320000,185,2019,2016,l_lag_y + l_permits + l_highway + l_gdp,1.0045058064415047,0
ridge_0.01,lagged,42,Pennsylvania,2020,88500000,96958679.6343907,95500000,89700000,185,2019,2016,l_lag_y + l_permits + l_highway + l_gdp,1.0045058064415047,0
ridge_0.01,lagged,44,Rhode Island,2020,2030000,1848940.0541440882,1930000,2120000,185,2019,2016,l_lag_y + l_permits + l_highway + l_gdp,1.0045058064415047,0
ridge_0.01,lagged,45,South Carolina,2020,27900000,30349713.813569013,29200000,27520000,185,2019,2016,l_lag_y + l_permits + l_highway + l_gdp,1.0045058064415047,0
ridge_0.01,lagged,46,South Dakota,2020,8000000,7014083.110176007,6940000,6666000,185,2019,2016,l_lag_y + l_permits + l_highway + l_gdp,1.0045058064415047,0
ridge_0.01,lagged,47,Tennessee,2020,52300000,53189695.12318322,50400000,45080000,185,2019,2016,l_lag_y + l_permits + l_highway + l_gdp,1.0045058064415047,0
ridge_0.01,lagged,48,Texas,2020,189000000,203516675.40870455,191000000,169000000,185,2019,2016,l_lag_y + l_permits + l_highway + l_gdp,1.0045058064415047,0
ridge_0.01,lagged,49,Utah,2020,12300000,11156791.622602193,10800000,9376000,185,2019,2016,l_lag_y + l_permits + l_highway + l_gdp,1.0045058064415047,0
ridge_0.01,lagged,50,Vermont,2020,5230000,5350869.461353383,5400000,4946000,185,2019,2016,l_lag_y + l_permits + l_highway + l_gdp,1.0045058064415047,0
ridge_0.01,lagged,51,Virginia,2020,53100000,53267679.50684168,51400000,50080000,185,2019,2016,l_lag_y + l_permits + l_highway + l_gdp,1.0045058064415047,0
ridge_0.01,lagged,53,Washington,2020,15200000,15942749.364301102,15400000,15320000,185,2019,2016,l_lag_y + l_permits + l_highway + l_gdp,1.0045058064415047,0
ridge_0.01,lagged,54,West Virginia,2020,13600000,16577457.257804364,16900000,15040000,185,2019,2016,l_lag_y + l_permits + l_highway + l_gdp,1.0045058064415047,0
ridge_0.01,lagged,55,Wisconsin,2020,25100000,28328229.12896107,27800000,25360000,185,2019,2016,l_lag_y + l_permits + l_highway + l_gdp,1.0045058064415047,0
ridge_0.01,lagged,56,Wyoming,2020,9560000,10664723.828953136,10900000,11666000,185,2019,2016,l_lag_y + l_permits + l_highway + l_gdp,1.0045058064415047,0
ridge_0.01,lagged,01,Alabama,2021,43800000,41746440.15489809,40700000,38183333.333333336,231,2020,2016,l_lag_y + l_permits + l_highway + l_gdp,1.0046668451127712,0
ridge_0.01,lagged,02,Alaska,2021,807000,1455069.385557727,1530000,1220000,231,2020,2016,l_lag_y + l_permits + l_highway + l_gdp,1.0046668451127712,0
ridge_0.01,lagged,04,Arizona,2021,11400000,11565602.007263402,11000000,10536666.666666666,231,2020,2016,l_lag_y + l_permits + l_highway + l_gdp,1.0046668451127712,0
ridge_0.01,lagged,05,Arkansas,2021,34100000,31550372.843806922,31100000,29633333.333333332,231,2020,2016,l_lag_y + l_permits + l_highway + l_gdp,1.0046668451127712,0
ridge_0.01,lagged,06,California,2021,38300000,41469181.04633764,40300000,39716666.666666664,231,2020,2016,l_lag_y + l_permits + l_highway + l_gdp,1.0046668451127712,0
ridge_0.01,lagged,08,Colorado,2021,17000000,17945182.31402953,17300000,15750000,231,2020,2016,l_lag_y + l_permits + l_highway + l_gdp,1.0046668451127712,0
ridge_0.01,lagged,09,Connecticut,2021,10400000,10159610.546268037,10300000,9831666.666666666,231,2020,2016,l_lag_y + l_permits + l_highway + l_gdp,1.0046668451127712,0
ridge_0.01,lagged,12,Florida,2021,86600000,86739792.82941195,83400000,76566666.66666667,231,2020,2016,l_lag_y + l_permits + l_highway + l_gdp,1.0046668451127712,0
ridge_0.01,lagged,13,Georgia,2021,61200000,61967872.40693326,59300000,54200000,231,2020,2016,l_lag_y + l_permits + l_highway + l_gdp,1.0046668451127712,0
ridge_0.01,lagged,15,Hawaii,2021,5850000,5897942.957777318,5880000,5301666.666666667,231,2020,2016,l_lag_y + l_permits + l_highway + l_gdp,1.0046668451127712,0
ridge_0.01,lagged,16,Idaho,2021,5370000,4783012.60729094,4620000,4553333.333333333,231,2020,2016,l_lag_y + l_permits + l_highway + l_gdp,1.0046668451127712,0
ridge_0.01,lagged,17,Illinois,2021,51500000,52994805.45056791,53700000,51050000,231,2020,2016,l_lag_y + l_permits + l_highway + l_gdp,1.0046668451127712,0
ridge_0.01,lagged,18,Indiana,2021,52300000,53436595.53749382,52400000,50000000,231,2020,2016,l_lag_y + l_permits + l_highway + l_gdp,1.0046668451127712,0
ridge_0.01,lagged,19,Iowa,2021,35600000,40024766.30928781,39600000,38883333.333333336,231,2020,2016,l_lag_y + l_permits + l_highway + l_gdp,1.0046668451127712,0
ridge_0.01,lagged,20,Kansas,2021,19400000,17987045.15152224,17800000,16533333.333333334,231,2020,2016,l_lag_y + l_permits + l_highway + l_gdp,1.0046668451127712,0
ridge_0.01,lagged,21,Kentucky,2021,51100000,50278934.412142284,50000000,51333333.333333336,231,2020,2016,l_lag_y + l_permits + l_highway + l_gdp,1.0046668451127712,0
ridge_0.01,lagged,23,Maine,2021,4700000,4664647.677317681,4690000,4361666.666666667,231,2020,2016,l_lag_y + l_permits + l_highway + l_gdp,1.0046668451127712,0
ridge_0.01,lagged,24,Maryland,2021,25700000,24836812.27021687,24600000,23650000,231,2020,2016,l_lag_y + l_permits + l_highway + l_gdp,1.0046668451127712,0
ridge_0.01,lagged,26,Michigan,2021,36000000,33320460.953482702,32800000,34950000,231,2020,2016,l_lag_y + l_permits + l_highway + l_gdp,1.0046668451127712,0
ridge_0.01,lagged,27,Minnesota,2021,9130000,8777871.4626001,8580000,7756666.666666667,231,2020,2016,l_lag_y + l_permits + l_highway + l_gdp,1.0046668451127712,0
ridge_0.01,lagged,28,Mississippi,2021,1320000,1311594.4968106174,1320000,1938333.3333333333,231,2020,2016,l_lag_y + l_permits + l_highway + l_gdp,1.0046668451127712,0
ridge_0.01,lagged,29,Missouri,2021,85500000,84377693.76574874,81700000,74083333.33333333,231,2020,2016,l_lag_y + l_permits + l_highway + l_gdp,1.0046668451127712,0
ridge_0.01,lagged,30,Montana,2021,2890000,2876885.033382117,2890000,2810000,231,2020,2016,l_lag_y + l_permits + l_highway + l_gdp,1.0046668451127712,0
ridge_0.01,lagged,32,Nevada,2021,9960000,11670378.688862577,11200000,10981666.666666666,231,2020,2016,l_lag_y + l_permits + l_highway + l_gdp,1.0046668451127712,0
ridge_0.01,lagged,33,New Hampshire,2021,5070000,5364974.9938262645,5310000,5398333.333333333,231,2020,2016,l_lag_y + l_permits + l_highway + l_gdp,1.0046668451127712,0
ridge_0.01,lagged,34,New Jersey,2021,17700000,17510739.87801794,17300000,17516666.666666668,231,2020,2016,l_lag_y + l_permits + l_highway + l_gdp,1.0046668451127712,0
ridge_0.01,lagged,35,New Mexico,2021,4270000,4931579.020422156,4930000,4638333.333333333,231,2020,2016,l_lag_y + l_permits + l_highway + l_gdp,1.0046668451127712,0
ridge_0.01,lagged,36,New York,2021,40600000,36862441.38292929,36700000,38600000,231,2020,2016,l_lag_y + l_permits + l_highway + l_gdp,1.0046668451127712,0
ridge_0.01,lagged,37,North Carolina,2021,62300000,57467749.140712626,55900000,56033333.333333336,231,2020,2016,l_lag_y + l_permits + l_highway + l_gdp,1.0046668451127712,0
ridge_0.01,lagged,38,North Dakota,2021,321000,403341.0059778749,411000,503833.3333333333,231,2020,2016,l_lag_y + l_permits + l_highway + l_gdp,1.0046668451127712,0
ridge_0.01,lagged,39,Ohio,2021,72600000,68174782.98011036,66800000,63483333.333333336,231,2020,2016,l_lag_y + l_permits + l_highway + l_gdp,1.0046668451127712,0
ridge_0.01,lagged,40,Oklahoma,2021,41500000,38587788.77657529,38300000,37483333.333333336,231,2020,2016,l_lag_y + l_permits + l_highway + l_gdp,1.0046668451127712,0
ridge_0.01,lagged,41,Oregon,2021,21600000,20558779.40081823,20200000,20266666.666666668,231,2020,2016,l_lag_y + l_permits + l_highway + l_gdp,1.0046668451127712,0
ridge_0.01,lagged,42,Pennsylvania,2021,93400000,88807025.71073824,88500000,89500000,231,2020,2016,l_lag_y + l_permits + l_highway + l_gdp,1.0046668451127712,0
ridge_0.01,lagged,44,Rhode Island,2021,2150000,1954762.191331795,2030000,2105000,231,2020,2016,l_lag_y + l_permits + l_highway + l_gdp,1.0046668451127712,0
ridge_0.01,lagged,45,South Carolina,2021,31000000,28677681.51018607,27900000,27583333.333333332,231,2020,2016,l_lag_y + l_permits + l_highway + l_gdp,1.0046668451127712,0
ridge_0.01,lagged,46,South Dakota,2021,8300000,8100597.349076714,8000000,6888333.333333333,231,2020,2016,l_lag_y + l_permits + l_highway + l_gdp,1.0046668451127712,0
ridge_0.01,lagged,47,Tennessee,2021,56900000,54859715.73506491,52300000,46283333.333333336,231,2020,2016,l_lag_y + l_permits + l_highway + l_gdp,1.0046668451127712,0
ridge_0.01,lagged,48,Texas,2021,190000000,196339674.65980312,189000000,172333333.33333334,231,2020,2016,l_lag_y + l_permits + l_highway + l_gdp,1.0046668451127712,0
ridge_0.01,lagged,49,Utah,2021,13200000,12686725.1224748,12300000,9863333.333333334,231,2020,2016,l_lag_y + l_permits + l_highway + l_gdp,1.0046668451127712,0
ridge_0.01,lagged,50,Vermont,2021,5320000,5217748.306308248,5230000,4993333.333333333,231,2020,2016,l_lag_y + l_permits + l_highway + l_gdp,1.0046668451127712,0
ridge_0.01,lagged,51,Virginia,2021,54700000,54649379.798473634,53100000,50583333.333333336,231,2020,2016,l_lag_y + l_permits + l_highway + l_gdp,1.0046668451127712,0
ridge_0.01,lagged,53,Washington,2021,16700000,15640795.05441912,15200000,15300000,231,2020,2016,l_lag_y + l_permits + l_highway + l_gdp,1.0046668451127712,0
ridge_0.01,lagged,54,West Virginia,2021,14200000,13101292.972996641,13600000,14800000,231,2020,2016,l_lag_y + l_permits + l_highway + l_gdp,1.0046668451127712,0
ridge_0.01,lagged,55,Wisconsin,2021,25700000,25498303.36756581,25100000,25316666.666666668,231,2020,2016,l_lag_y + l_permits + l_highway + l_gdp,1.0046668451127712,0
ridge_0.01,lagged,56,Wyoming,2021,7440000,9390193.779684424,9560000,11315000,231,2020,2016,l_lag_y + l_permits + l_highway + l_gdp,1.0046668451127712,0
ridge_0.1,lagged,01,Alabama,2019,41100000,37130648.66316968,36900000,36825000,140,2018,2016,l_lag_y + l_permits + l_highway + l_gdp,1.004936870520461,0
ridge_0.1,lagged,02,Alaska,2019,1540000,1278817.2437748334,1400000,1062500,140,2018,2016,l_lag_y + l_permits + l_highway + l_gdp,1.004936870520461,0
ridge_0.1,lagged,04,Arizona,2019,10900000,12357862.733326744,11800000,10330000,140,2018,2016,l_lag_y + l_permits + l_highway + l_gdp,1.004936870520461,0
ridge_0.1,lagged,05,Arkansas,2019,29600000,29132066.720657304,29000000,29275000,140,2018,2016,l_lag_y + l_permits + l_highway + l_gdp,1.004936870520461,0
ridge_0.1,lagged,06,California,2019,41900000,42811637.478488535,41100000,39025000,140,2018,2016,l_lag_y + l_permits + l_highway + l_gdp,1.004936870520461,0
ridge_0.1,lagged,08,Colorado,2019,16600000,15441876.347257216,14800000,15150000,140,2018,2016,l_lag_y + l_permits + l_highway + l_gdp,1.004936870520461,0
ridge_0.1,lagged,09,Connecticut,2019,10500000,9049272.111244343,9520000,9547500,140,2018,2016,l_lag_y + l_permits + l_highway + l_gdp,1.004936870520461,0
ridge_0.1,lagged,12,Florida,2019,81300000,82327314.13475248,76800000,73675000,140,2018,2016,l_lag_y + l_permits + l_highway + l_gdp,1.004936870520461,0
ridge_0.1,lagged,13,Georgia,2019,57600000,56485940.88446704,53300000,52075000,140,2018,2016,l_lag_y + l_permits + l_highway + l_gdp,1.004936870520461,0
ridge_0.1,lagged,15,Hawaii,2019,5770000,4567535.5063106315,4680000,5040000,140,2018,2016,l_lag_y + l_permits + l_highway + l_gdp,1.004936870520461,0
ridge_0.1,lagged,16,Idaho,2019,4210000,4773755.208591339,4600000,4622500,140,2018,2016,l_lag_y + l_permits + l_highway + l_gdp,1.004936870520461,0
ridge_0.1,lagged,17,Illinois,2019,49800000,48033909.53269978,48600000,50700000,140,2018,2016,l_lag_y + l_permits + l_highway + l_gdp,1.004936870520461,0
ridge_0.1,lagged,18,Indiana,2019,51400000,51210957.7194829,50300000,49050000,140,2018,2016,l_lag_y + l_permits + l_highway + l_gdp,1.004936870520461,0
ridge_0.1,lagged,19,Iowa,2019,41700000,39222275.99472743,39200000,38000000,140,2018,2016,l_lag_y + l_permits + l_highway + l_gdp,1.004936870520461,0
ridge_0.1,lagged,20,Kansas,2019,15100000,15436691.457753684,15400000,16575000,140,2018,2016,l_lag_y + l_permits + l_highway + l_gdp,1.004936870520461,0
ridge_0.1,lagged,21,Kentucky,2019,52100000,50364022.83806626,49700000,51475000,140,2018,2016,l_lag_y + l_permits + l_highway + l_gdp,1.004936870520461,0
ridge_0.1,lagged,23,Maine,2019,4500000,3970941.2411505473,4040000,4245000,140,2018,2016,l_lag_y + l_permits + l_highway + l_gdp,1.004936870520461,0
ridge_0.1,lagged,24,Maryland,2019,25700000,22335205.510999836,22500000,22900000,140,2018,2016,l_lag_y + l_permits + l_highway + l_gdp,1.004936870520461,0
ridge_0.1,lagged,26,Michigan,2019,35400000,37692131.27904105,37400000,35375000,140,2018,2016,l_lag_y + l_permits + l_highway + l_gdp,1.004936870520461,0
ridge_0.1,lagged,27,Minnesota,2019,8010000,7860399.045855337,7710000,7487500,140,2018,2016,l_lag_y + l_permits + l_highway + l_gdp,1.004936870520461,0
ridge_0.1,lagged,28,Mississippi,2019,2090000,2020006.5511690746,2060000,2055000,140,2018,2016,l_lag_y + l_permits + l_highway + l_gdp,1.004936870520461,0
ridge_0.1,lagged,29,Missouri,2019,74000000,72606908.82280673,71400000,72200000,140,2018,2016,l_lag_y + l_permits + l_highway + l_gdp,1.004936870520461,0
ridge_0.1,lagged,30,Montana,2019,2900000,2704416.727256455,2760000,2767500,140,2018,2016,l_lag_y + l_permits + l_highway + l_gdp,1.004936870520461,0
ridge_0.1,lagged,32,Nevada,2019,12400000,12374351.292329617,12200000,10572500,140,2018,2016,l_lag_y + l_permits + l_highway + l_gdp,1.004936870520461,0
ridge_0.1,lagged,33,New Hampshire,2019,5430000,5170951.592221844,5250000,5412500,140,2018,2016,l_lag_y + l_permits + l_highway + l_gdp,1.004936870520461,0
ridge_0.1,lagged,34,New Jersey,2019,18400000,17925132.729066018,17800000,17350000,140,2018,2016,l_lag_y + l_permits + l_highway + l_gdp,1.004936870520461,0
ridge_0.1,lagged,35,New Mexico,2019,4220000,4177893.348538518,4300000,4670000,140,2018,2016,l_lag_y + l_permits + l_highway + l_gdp,1.004936870520461,0
ridge_0.1,lagged,36,New York,2019,39100000,40026646.163915955,39800000,38950000,140,2018,2016,l_lag_y + l_permits + l_highway + l_gdp,1.004936870520461,0
ridge_0.1,lagged,37,North Carolina,2019,60700000,59516647.082639314,56100000,54900000,140,2018,2016,l_lag_y + l_permits + l_highway + l_gdp,1.004936870520461,0
ridge_0.1,lagged,38,North Dakota,2019,337000,308969.14939202945,326000,568750,140,2018,2016,l_lag_y + l_permits + l_highway + l_gdp,1.004936870520461,0
ridge_0.1,lagged,39,Ohio,2019,67900000,66552867.93883035,66000000,61550000,140,2018,2016,l_lag_y + l_permits + l_highway + l_gdp,1.004936870520461,0
ridge_0.1,lagged,40,Oklahoma,2019,38400000,36653063.126942806,36800000,37050000,140,2018,2016,l_lag_y + l_permits + l_highway + l_gdp,1.004936870520461,0
ridge_0.1,lagged,42,Pennsylvania,2019,95500000,86998465.3546271,87600000,88250000,140,2018,2016,l_lag_y + l_permits + l_highway + l_gdp,1.004936870520461,0
ridge_0.1,lagged,44,Rhode Island,2019,1930000,1652991.1295079002,1800000,2167500,140,2018,2016,l_lag_y + l_permits + l_highway + l_gdp,1.004936870520461,0
ridge_0.1,lagged,45,South Carolina,2019,29200000,28914708.839873973,27500000,27100000,140,2018,2016,l_lag_y + l_permits + l_highway + l_gdp,1.004936870520461,0
ridge_0.1,lagged,46,South Dakota,2019,6940000,6535726.461460209,6520000,6597500,140,2018,2016,l_lag_y + l_permits + l_highway + l_gdp,1.004936870520461,0
ridge_0.1,lagged,47,Tennessee,2019,50400000,47695209.06416611,45100000,43750000,140,2018,2016,l_lag_y + l_permits + l_highway + l_gdp,1.004936870520461,0
ridge_0.1,lagged,48,Texas,2019,191000000,192327901.53950408,178000000,163500000,140,2018,2016,l_lag_y + l_permits + l_highway + l_gdp,1.004936870520461,0
ridge_0.1,lagged,49,Utah,2019,10800000,10408378.75430035,10100000,9020000,140,2018,2016,l_lag_y + l_permits + l_highway + l_gdp,1.004936870520461,0
ridge_0.1,lagged,50,Vermont,2019,5400000,4914770.792887489,5080000,4832500,140,2018,2016,l_lag_y + l_permits + l_highway + l_gdp,1.004936870520461,0
ridge_0.1,lagged,51,Virginia,2019,51400000,50522557.5101834,49500000,49750000,140,2018,2016,l_lag_y + l_permits + l_highway + l_gdp,1.004936870520461,0
ridge_0.1,lagged,53,Washington,2019,15400000,16327297.70834817,15700000,15300000,140,2018,2016,l_lag_y + l_permits + l_highway + l_gdp,1.004936870520461,0
ridge_0.1,lagged,54,West Virginia,2019,16900000,14464563.484091496,15600000,14575000,140,2018,2016,l_lag_y + l_permits + l_highway + l_gdp,1.004936870520461,0
ridge_0.1,lagged,55,Wisconsin,2019,27800000,26717899.594137907,26300000,24750000,140,2018,2016,l_lag_y + l_permits + l_highway + l_gdp,1.004936870520461,0
ridge_0.1,lagged,56,Wyoming,2019,10900000,8809944.838964673,9330000,11857500,140,2018,2016,l_lag_y + l_permits + l_highway + l_gdp,1.004936870520461,0
ridge_0.1,lagged,01,Alabama,2020,40700000,42176284.44561249,41100000,37680000,185,2019,2016,l_lag_y + l_permits + l_highway + l_gdp,1.0045038500233459,0
ridge_0.1,lagged,02,Alaska,2020,1530000,1465169.2148823596,1540000,1158000,185,2019,2016,l_lag_y + l_permits + l_highway + l_gdp,1.0045038500233459,0
ridge_0.1,lagged,04,Arizona,2020,11000000,11335085.429435149,10900000,10444000,185,2019,2016,l_lag_y + l_permits + l_highway + l_gdp,1.0045038500233459,0
ridge_0.1,lagged,05,Arkansas,2020,31100000,30395553.4024022,29600000,29340000,185,2019,2016,l_lag_y + l_permits + l_highway + l_gdp,1.0045038500233459,0
ridge_0.1,lagged,06,California,2020,40300000,43561088.76708666,41900000,39600000,185,2019,2016,l_lag_y + l_permits + l_highway + l_gdp,1.0045038500233459,0
ridge_0.1,lagged,08,Colorado,2020,17300000,17237901.6753661,16600000,15440000,185,2019,2016,l_lag_y + l_permits + l_highway + l_gdp,1.0045038500233459,0
ridge_0.1,lagged,09,Connecticut,2020,10300000,10387712.443902789,10500000,9738000,185,2019,2016,l_lag_y + l_permits + l_highway + l_gdp,1.0045038500233459,0
ridge_0.1,lagged,12,Florida,2020,83400000,86096321.58336706,81300000,75200000,185,2019,2016,l_lag_y + l_permits + l_highway + l_gdp,1.0045038500233459,0
ridge_0.1,lagged,13,Georgia,2020,59300000,60525061.927170694,57600000,53180000,185,2019,2016,l_lag_y + l_permits + l_highway + l_gdp,1.0045038500233459,0
ridge_0.1,lagged,15,Hawaii,2020,5880000,5747457.743866076,5770000,5186000,185,2019,2016,l_lag_y + l_permits + l_highway + l_gdp,1.0045038500233459,0
ridge_0.1,lagged,16,Idaho,2020,4620000,4335061.340715936,4210000,4540000,185,2019,2016,l_lag_y + l_permits + l_highway + l_gdp,1.0045038500233459,0
ridge_0.1,lagged,17,Illinois,2020,53700000,50211347.101331815,49800000,50520000,185,2019,2016,l_lag_y + l_permits + l_highway + l_gdp,1.0045038500233459,0
ridge_0.1,lagged,18,Indiana,2020,52400000,52818193.65904331,51400000,49520000,185,2019,2016,l_lag_y + l_permits + l_highway + l_gdp,1.0045038500233459,0
ridge_0.1,lagged,19,Iowa,2020,39600000,42520796.57681016,41700000,38740000,185,2019,2016,l_lag_y + l_permits + l_highway + l_gdp,1.0045038500233459,0
ridge_0.1,lagged,20,Kansas,2020,17800000,15297024.00261744,15100000,16280000,185,2019,2016,l_lag_y + l_permits + l_highway + l_gdp,1.0045038500233459,0
ridge_0.1,lagged,21,Kentucky,2020,50000000,53051687.010460444,52100000,51600000,185,2019,2016,l_lag_y + l_permits + l_highway + l_gdp,1.0045038500233459,0
ridge_0.1,lagged,23,Maine,2020,4690000,4493887.6989400275,4500000,4296000,185,2019,2016,l_lag_y + l_permits + l_highway + l_gdp,1.0045038500233459,0
ridge_0.1,lagged,24,Maryland,2020,24600000,26016305.348963033,25700000,23460000,185,2019,2016,l_lag_y + l_permits + l_highway + l_gdp,1.0045038500233459,0
ridge_0.1,lagged,25,Massachusetts,2020,13000000,13586203.955609946,13400000,12980000,185,2019,2016,l_lag_y + l_permits + l_highway + l_gdp,1.0045038500233459,0
ridge_0.1,lagged,26,Michigan,2020,32800000,36175332.12619272,35400000,35380000,185,2019,2016,l_lag_y + l_permits + l_highway + l_gdp,1.0045038500233459,0
ridge_0.1,lagged,27,Minnesota,2020,8580000,8206413.900835466,8010000,7592000,185,2019,2016,l_lag_y + l_permits + l_highway + l_gdp,1.0045038500233459,0
ridge_0.1,lagged,28,Mississippi,2020,1320000,2077895.513112325,2090000,2062000,185,2019,2016,l_lag_y + l_permits + l_highway + l_gdp,1.0045038500233459,0
ridge_0.1,lagged,29,Missouri,2020,81700000,76522656.05249943,74000000,72560000,185,2019,2016,l_lag_y + l_permits + l_highway + l_gdp,1.0045038500233459,0
ridge_0.1,lagged,30,Montana,2020,2890000,2876838.4980717916,2900000,2794000,185,2019,2016,l_lag_y + l_permits + l_highway + l_gdp,1.0045038500233459,0
ridge_0.1,lagged,32,Nevada,2020,11200000,12742979.04474134,12400000,10938000,185,2019,2016,l_lag_y + l_permits + l_highway + l_gdp,1.0045038500233459,0
ridge_0.1,lagged,33,New Hampshire,2020,5310000,5463120.687998171,5430000,5416000,185,2019,2016,l_lag_y + l_permits + l_highway + l_gdp,1.0045038500233459,0
ridge_0.1,lagged,34,New Jersey,2020,17300000,18833377.915833503,18400000,17560000,185,2019,2016,l_lag_y + l_permits + l_highway + l_gdp,1.0045038500233459,0
ridge_0.1,lagged,35,New Mexico,2020,4930000,4197531.153503794,4220000,4580000,185,2019,2016,l_lag_y + l_permits + l_highway + l_gdp,1.0045038500233459,0
ridge_0.1,lagged,36,New York,2020,36700000,39936714.11280214,39100000,38980000,185,2019,2016,l_lag_y + l_permits + l_highway + l_gdp,1.0045038500233459,0
ridge_0.1,lagged,37,North Carolina,2020,55900000,63473593.1474975,60700000,56060000,185,2019,2016,l_lag_y + l_permits + l_highway + l_gdp,1.0045038500233459,0
ridge_0.1,lagged,38,North Dakota,2020,411000,323333.6345151574,337000,522400,185,2019,2016,l_lag_y + l_permits + l_highway + l_gdp,1.0045038500233459,0
ridge_0.1,lagged,39,Ohio,2020,66800000,69425104.48301546,67900000,62820000,185,2019,2016,l_lag_y + l_permits + l_highway + l_gdp,1.0045038500233459,0
ridge_0.1,lagged,40,Oklahoma,2020,38300000,39057992.91816506,38400000,37320000,185,2019,2016,l_lag_y + l_permits + l_highway + l_gdp,1.0045038500233459,0
ridge_0.1,lagged,42,Pennsylvania,2020,88500000,96876678.40537323,95500000,89700000,185,2019,2016,l_lag_y + l_permits + l_highway + l_gdp,1.0045038500233459,0
ridge_0.1,lagged,44,Rhode Island,2020,2030000,1850396.8165986827,1930000,2120000,185,2019,2016,l_lag_y + l_permits + l_highway + l_gdp,1.0045038500233459,0
ridge_0.1,lagged,45,South Carolina,2020,27900000,30349791.409612022,29200000,27520000,185,2019,2016,l_lag_y + l_permits + l_highway + l_gdp,1.0045038500233459,0
ridge_0.1,lagged,46,South Dakota,2020,8000000,7009249.881326213,6940000,6666000,185,2019,2016,l_lag_y + l_permits + l_highway + l_gdp,1.0045038500233459,0
ridge_0.1,lagged,47,Tennessee,2020,52300000,53141309.14351417,50400000,45080000,185,2019,2016,l_lag_y + l_permits + l_highway + l_gdp,1.0045038500233459,0
ridge_0.1,lagged,48,Texas,2020,189000000,203486476.4661855,191000000,169000000,185,2019,2016,l_lag_y + l_permits + l_highway + l_gdp,1.0045038500233459,0
ridge_0.1,lagged,49,Utah,2020,12300000,11164495.78418749,10800000,9376000,185,2019,2016,l_lag_y + l_permits + l_highway + l_gdp,1.0045038500233459,0
ridge_0.1,lagged,50,Vermont,2020,5230000,5345712.468212849,5400000,4946000,185,2019,2016,l_lag_y + l_permits + l_highway + l_gdp,1.0045038500233459,0
ridge_0.1,lagged,51,Virginia,2020,53100000,53232139.321099386,51400000,50080000,185,2019,2016,l_lag_y + l_permits + l_highway + l_gdp,1.0045038500233459,0
ridge_0.1,lagged,53,Washington,2020,15200000,15959056.414158111,15400000,15320000,185,2019,2016,l_lag_y + l_permits + l_highway + l_gdp,1.0045038500233459,0
ridge_0.1,lagged,54,West Virginia,2020,13600000,16563221.199240742,16900000,15040000,185,2019,2016,l_lag_y + l_permits + l_highway + l_gdp,1.0045038500233459,0
ridge_0.1,lagged,55,Wisconsin,2020,25100000,28319142.363766294,27800000,25360000,185,2019,2016,l_lag_y + l_permits + l_highway + l_gdp,1.0045038500233459,0
ridge_0.1,lagged,56,Wyoming,2020,9560000,10651746.41626485,10900000,11666000,185,2019,2016,l_lag_y + l_permits + l_highway + l_gdp,1.0045038500233459,0
ridge_0.1,lagged,01,Alabama,2021,43800000,41714654.32365979,40700000,38183333.333333336,231,2020,2016,l_lag_y + l_permits + l_highway + l_gdp,1.0046648006421146,0
ridge_0.1,lagged,02,Alaska,2021,807000,1456747.0581245134,1530000,1220000,231,2020,2016,l_lag_y + l_permits + l_highway + l_gdp,1.0046648006421146,0
ridge_0.1,lagged,04,Arizona,2021,11400000,11575437.134487066,11000000,10536666.666666666,231,2020,2016,l_lag_y + l_permits + l_highway + l_gdp,1.0046648006421146,0
ridge_0.1,lagged,05,Arkansas,2021,34100000,31524993.063705876,31100000,29633333.333333332,231,2020,2016,l_lag_y + l_permits + l_highway + l_gdp,1.0046648006421146,0
ridge_0.1,lagged,06,California,2021,38300000,41507320.38016735,40300000,39716666.666666664,231,2020,2016,l_lag_y + l_permits + l_highway + l_gdp,1.0046648006421146,0
ridge_0.1,lagged,08,Colorado,2021,17000000,17952996.936552864,17300000,15750000,231,2020,2016,l_lag_y + l_permits + l_highway + l_gdp,1.0046648006421146,0
ridge_0.1,lagged,09,Connecticut,2021,10400000,10160375.505513143,10300000,9831666.666666666,231,2020,2016,l_lag_y + l_permits + l_highway + l_gdp,1.0046648006421146,0
ridge_0.1,lagged,12,Florida,2021,86600000,86770100.65505569,83400000,76566666.66666667,231,2020,2016,l_lag_y + l_permits + l_highway + l_gdp,1.0046648006421146,0
ridge_0.1,lagged,13,Georgia,2021,61200000,61939884.358113095,59300000,54200000,231,2020,2016,l_lag_y + l_permits + l_highway + l_gdp,1.0046648006421146,0
ridge_0.1,lagged,15,Hawaii,2021,5850000,5896234.184378794,5880000,5301666.666666667,231,2020,2016,l_lag_y + l_permits + l_highway + l_gdp,1.0046648006421146,0
ridge_0.1,lagged,16,Idaho,2021,5370000,4786507.3834885685,4620000,4553333.333333333,231,2020,2016,l_lag_y + l_permits + l_highway + l_gdp,1.0046648006421146,0
ridge_0.1,lagged,17,Illinois,2021,51500000,52987344.82787554,53700000,51050000,231,2020,2016,l_lag_y + l_permits + l_highway + l_gdp,1.0046648006421146,0
ridge_0.1,lagged,18,Indiana,2021,52300000,53404650.64807974,52400000,50000000,231,2020,2016,l_lag_y + l_permits + l_highway + l_gdp,1.0046648006421146,0
ridge_0.1,lagged,19,Iowa,2021,35600000,39990957.40074681,39600000,38883333.333333336,231,2020,2016,l_lag_y + l_permits + l_highway + l_gdp,1.0046648006421146,0
ridge_0.1,lagged,20,Kansas,2021,19400000,17977148.323918257,17800000,16533333.333333334,231,2020,2016,l_lag_y + l_permits + l_highway + l_gdp,1.0046648006421146,0
ridge_0.1,lagged,21,Kentucky,2021,51100000,50226774.90187502,50000000,51333333.333333336,231,2020,2016,l_lag_y + l_permits + l_highway + l_gdp,1.0046648006421146,0
ridge_0.1,lagged,23,Maine,2021,4700000,4666370.481986061,4690000,4361666.666666667,231,2020,2016,l_lag_y + l_permits + l_highway + l_gdp,1.0046648006421146,0
ridge_0.1,lagged,24,Maryland,2021,25700000,24837475.63215581,24600000,23650000,231,2020,2016,l_lag_y + l_permits + l_highway + l_gdp,1.0046648006421146,0
ridge_0.1,lagged,26,Michigan,2021,36000000,33310230.213869315,32800000,34950000,231,2020,2016,l_lag_y + l_permits + l_highway + l_gdp,1.0046648006421146,0
ridge_0.1,lagged,27,Minnesota,2021,9130000,8786296.08622373,8580000,7756666.666666667,231,2020,2016,l_lag_y + l_permits + l_highway + l_gdp,1.0046648006421146,0
ridge_0.1,lagged,28,Mississippi,2021,1320000,1314014.515689494,1320000,1938333.3333333333,231,2020,2016,l_lag_y + l_permits + l_highway + l_gdp,1.0046648006421146,0
ridge_0.1,lagged,29,Missouri,2021,85500000,84256305.32333964,81700000,74083333.33333333,231,2020,2016,l_lag_y + l_permits + l_highway + l_gdp,1.0046648006421146,0
ridge_0.1,lagged,30,Montana,2021,2890000,2879462.618376538,2890000,2810000,231,2020,2016,l_lag_y + l_permits + l_highway + l_gdp,1.0046648006421146,0
ridge_0.1,lagged,32,Nevada,2021,9960000,11670907.235536527,11200000,10981666.666666666,231,2020,2016,l_lag_y + l_permits + l_highway + l_gdp,1.0046648006421146,0
ridge_0.1,lagged,33,New Hampshire,2021,5070000,5363820.161775383,5310000,5398333.333333333,231,2020,2016,l_lag_y + l_permits + l_highway + l_gdp,1.0046648006421146,0
ridge_0.1,lagged,34,New Jersey,2021,17700000,17525106.850463916,17300000,17516666.666666668,231,2020,2016,l_lag_y + l_permits + l_highway + l_gdp,1.0046648006421146,0
ridge_0.1,lagged,35,New Mexico,2021,4270000,4932996.814571139,4930000,4638333.333333333,231,2020,2016,l_lag_y + l_permits + l_highway + l_gdp,1.0046648006421146,0
ridge_0.1,lagged,36,New York,2021,40600000,36881010.24717511,36700000,38600000,231,2020,2016,l_lag_y + l_permits + l_highway + l_gdp,1.0046648006421146,0
ridge_0.1,lagged,37,North Carolina,2021,62300000,57479439.138342276,55900000,56033333.333333336,231,2020,2016,l_lag_y + l_permits + l_highway + l_gdp,1.0046648006421146,0
ridge_0.1,lagged,38,North Dakota,2021,321000,404303.34565586125,411000,503833.3333333333,231,2020,2016,l_lag_y + l_permits + l_highway + l_gdp,1.0046648006421146,0
ridge_0.1,lagged,39,Ohio,2021,72600000,68133100.53813548,66800000,63483333.333333336,231,2020,2016,l_lag_y + l_permits + l_highway + l_gdp,1.0046648006421146,0
ridge_0.1,lagged,40,Oklahoma,2021,41500000,38560568.205491066,38300000,37483333.333333336,231,2020,2016,l_lag_y + l_permits + l_highway + l_gdp,1.0046648006421146,0
ridge_0.1,lagged,41,Oregon,2021,21600000,20557753.840773668,20200000,20266666.666666668,231,2020,2016,l_lag_y + l_permits + l_highway + l_gdp,1.0046648006421146,0
ridge_0.1,lagged,42,Pennsylvania,2021,93400000,88752935.82701205,88500000,89500000,231,2020,2016,l_lag_y + l_permits + l_highway + l_gdp,1.0046648006421146,0
ridge_0.1,lagged,44,Rhode Island,2021,2150000,1955972.543870145,2030000,2105000,231,2020,2016,l_lag_y + l_permits + l_highway + l_gdp,1.0046648006421146,0
ridge_0.1,lagged,45,South Carolina,2021,31000000,28682121.256141327,27900000,27583333.333333332,231,2020,2016,l_lag_y + l_permits + l_highway + l_gdp,1.0046648006421146,0
ridge_0.1,lagged,46,South Dakota,2021,8300000,8098465.076039472,8000000,6888333.333333333,231,2020,2016,l_lag_y + l_permits + l_highway + l_gdp,1.0046648006421146,0
ridge_0.1,lagged,47,Tennessee,2021,56900000,54824766.17654802,52300000,46283333.333333336,231,2020,2016,l_lag_y + l_permits + l_highway + l_gdp,1.0046648006421146,0
ridge_0.1,lagged,48,Texas,2021,190000000,196343502.85836256,189000000,172333333.33333334,231,2020,2016,l_lag_y + l_permits + l_highway + l_gdp,1.0046648006421146,0
ridge_0.1,lagged,49,Utah,2021,13200000,12693925.378831636,12300000,9863333.333333334,231,2020,2016,l_lag_y + l_permits + l_highway + l_gdp,1.0046648006421146,0
ridge_0.1,lagged,50,Vermont,2021,5320000,5214282.865575815,5230000,4993333.333333333,231,2020,2016,l_lag_y + l_permits + l_highway + l_gdp,1.0046648006421146,0
ridge_0.1,lagged,51,Virginia,2021,54700000,54622806.6341504,53100000,50583333.333333336,231,2020,2016,l_lag_y + l_permits + l_highway + l_gdp,1.0046648006421146,0
ridge_0.1,lagged,53,Washington,2021,16700000,15653078.704561396,15200000,15300000,231,2020,2016,l_lag_y + l_permits + l_highway + l_gdp,1.0046648006421146,0
ridge_0.1,lagged,54,West Virginia,2021,14200000,13097973.57490663,13600000,14800000,231,2020,2016,l_lag_y + l_permits + l_highway + l_gdp,1.0046648006421146,0
ridge_0.1,lagged,55,Wisconsin,2021,25700000,25496743.329693515,25100000,25316666.666666668,231,2020,2016,l_lag_y + l_permits + l_highway + l_gdp,1.0046648006421146,0
ridge_0.1,lagged,56,Wyoming,2021,7440000,9383286.04194463,9560000,11315000,231,2020,2016,l_lag_y + l_permits + l_highway + l_gdp,1.0046648006421146,0
ridge_1,lagged,01,Alabama,2019,41100000,36777171.94700448,36900000,36825000,140,2018,2016,l_lag_y + l_permits + l_highway + l_gdp,1.0049760054629728,0
ridge_1,lagged,02,Alaska,2019,1540000,1306613.9611183826,1400000,1062500,140,2018,2016,l_lag_y + l_permits + l_highway + l_gdp,1.0049760054629728,0
ridge_1,lagged,04,Arizona,2019,10900000,12494747.152257767,11800000,10330000,140,2018,2016,l_lag_y + l_permits + l_highway + l_gdp,1.0049760054629728,0
ridge_1,lagged,05,Arkansas,2019,29600000,28769342.898616843,29000000,29275000,140,2018,2016,l_lag_y + l_permits + l_highway + l_gdp,1.0049760054629728,0
ridge_1,lagged,06,California,2019,41900000,43456901.81586056,41100000,39025000,140,2018,2016,l_lag_y + l_permits + l_highway + l_gdp,1.0049760054629728,0
ridge_1,lagged,08,Colorado,2019,16600000,15585103.349787857,14800000,15150000,140,2018,2016,l_lag_y + l_permits + l_highway + l_gdp,1.0049760054629728,0
ridge_1,lagged,09,Connecticut,2019,10500000,9078769.581086427,9520000,9547500,140,2018,2016,l_lag_y + l_permits + l_highway + l_gdp,1.0049760054629728,0
ridge_1,lagged,12,Florida,2019,81300000,82699206.87566793,76800000,73675000,140,2018,2016,l_lag_y + l_permits + l_highway + l_gdp,1.0049760054629728,0
ridge_1,lagged,13,Georgia,2019,57600000,56174770.11317056,53300000,52075000,140,2018,2016,l_lag_y + l_permits + l_highway + l_gdp,1.0049760054629728,0
ridge_1,lagged,15,Hawaii,2019,5770000,4575141.846952183,4680000,5040000,140,2018,2016,l_lag_y + l_permits + l_highway + l_gdp,1.0049760054629728,0
ridge_1,lagged,16,Idaho,2019,4210000,4813349.930809662,4600000,4622500,140,2018,2016,l_lag_y + l_permits + l_highway + l_gdp,1.0049760054629728,0
ridge_1,lagged,17,Illinois,2019,49800000,47980161.82757359,48600000,50700000,140,2018,2016,l_lag_y + l_permits + l_highway + l_gdp,1.0049760054629728,0
ridge_1,lagged,18,Indiana,2019,51400000,50631462.175490975,50300000,49050000,140,2018,2016,l_lag_y + l_permits + l_highway + l_gdp,1.0049760054629728,0
ridge_1,lagged,19,Iowa,2019,41700000,38678973.02746858,39200000,38000000,140,2018,2016,l_lag_y + l_permits + l_highway + l_gdp,1.0049760054629728,0
ridge_1,lagged,20,Kansas,2019,15100000,15326330.425257493,15400000,16575000,140,2018,2016,l_lag_y + l_permits + l_highway + l_gdp,1.0049760054629728,0
ridge_1,lagged,21,Kentucky,2019,52100000,49505945.07002039,49700000,51475000,140,2018,2016,l_lag_y + l_permits + l_highway + l_gdp,1.0049760054629728,0
ridge_1,lagged,23,Maine,2019,4500000,3988280.9386864793,4040000,4245000,140,2018,2016,l_lag_y + l_permits + l_highway + l_gdp,1.0049760054629728,0
ridge_1,lagged,24,Maryland,2019,25700000,22418413.46173544,22500000,22900000,140,2018,2016,l_lag_y + l_permits + l_highway + l_gdp,1.0049760054629728,0
ridge_1,lagged,26,Michigan,2019,35400000,37445225.638714895,37400000,35375000,140,2018,2016,l_lag_y + l_permits + l_highway + l_gdp,1.0049760054629728,0
ridge_1,lagged,27,Minnesota,2019,8010000,7982121.610821465,7710000,7487500,140,2018,2016,l_lag_y + l_permits + l_highway + l_gdp,1.0049760054629728,0
ridge_1,lagged,28,Mississippi,2019,2090000,2063152.8171931496,2060000,2055000,140,2018,2016,l_lag_y + l_permits + l_highway + l_gdp,1.0049760054629728,0
ridge_1,lagged,29,Missouri,2019,74000000,71136494.39912003,71400000,72200000,140,2018,2016,l_lag_y + l_permits + l_highway + l_gdp,1.0049760054629728,0
ridge_1,lagged,30,Montana,2019,2900000,2735684.7558242856,2760000,2767500,140,2018,2016,l_lag_y + l_permits + l_highway + l_gdp,1.0049760054629728,0
ridge_1,lagged,32,Nevada,2019,12400000,12423393.667777486,12200000,10572500,140,2018,2016,l_lag_y + l_permits + l_highway + l_gdp,1.0049760054629728,0
ridge_1,lagged,33,New Hampshire,2019,5430000,5161891.483600071,5250000,5412500,140,2018,2016,l_lag_y + l_permits + l_highway + l_gdp,1.0049760054629728,0
ridge_1,lagged,34,New Jersey,2019,18400000,18131031.37536249,17800000,17350000,140,2018,2016,l_lag_y + l_permits + l_highway + l_gdp,1.0049760054629728,0
ridge_1,lagged,35,New Mexico,2019,4220000,4205782.394376584,4300000,4670000,140,2018,2016,l_lag_y + l_permits + l_highway + l_gdp,1.0049760054629728,0
ridge_1,lagged,36,New York,2019,39100000,40250466.01077308,39800000,38950000,140,2018,2016,l_lag_y + l_permits + l_highway + l_gdp,1.0049760054629728,0
ridge_1,lagged,37,North Carolina,2019,60700000,59449544.362150155,56100000,54900000,140,2018,2016,l_lag_y + l_permits + l_highway + l_gdp,1.0049760054629728,0
ridge_1,lagged,38,North Dakota,2019,337000,321399.76828452764,326000,568750,140,2018,2016,l_lag_y + l_permits + l_highway + l_gdp,1.0049760054629728,0
ridge_1,lagged,39,Ohio,2019,67900000,65920005.28763267,66000000,61550000,140,2018,2016,l_lag_y + l_permits + l_highway + l_gdp,1.0049760054629728,0
ridge_1,lagged,40,Oklahoma,2019,38400000,36183138.37544207,36800000,37050000,140,2018,2016,l_lag_y + l_permits + l_highway + l_gdp,1.0049760054629728,0
ridge_1,lagged,42,Pennsylvania,2019,95500000,86269549.58742857,87600000,88250000,140,2018,2016,l_lag_y + l_permits + l_highway + l_gdp,1.0049760054629728,0
ridge_1,lagged,44,Rhode Island,2019,1930000,1669723.929642626,1800000,2167500,140,2018,2016,l_lag_y + l_permits + l_highway + l_gdp,1.0049760054629728,0
ridge_1,lagged,45,South Carolina,2019,29200000,28815041.384074155,27500000,27100000,140,2018,2016,l_lag_y + l_permits + l_highway + l_gdp,1.0049760054629728,0
ridge_1,lagged,46,South Dakota,2019,6940000,6484711.875042409,6520000,6597500,140,2018,2016,l_lag_y + l_permits + l_highway + l_gdp,1.0049760054629728,0
ridge_1,lagged,47,Tennessee,2019,50400000,47175485.17405415,45100000,43750000,140,2018,2016,l_lag_y + l_permits + l_highway + l_gdp,1.0049760054629728,0
ridge_1,lagged,48,Texas,2019,191000000,191635440.12778312,178000000,163500000,140,2018,2016,l_lag_y + l_permits + l_highway + l_gdp,1.0049760054629728,0
ridge_1,lagged,49,Utah,2019,10800000,10500386.20820119,10100000,9020000,140,2018,2016,l_lag_y + l_permits + l_highway + l_gdp,1.0049760054629728,0
ridge_1,lagged,50,Vermont,2019,5400000,4868223.665934401,5080000,4832500,140,2018,2016,l_lag_y + l_permits + l_highway + l_gdp,1.0049760054629728,0
ridge_1,lagged,51,Virginia,2019,51400000,50332113.91003311,49500000,49750000,140,2018,2016,l_lag_y + l_permits + l_highway + l_gdp,1.0049760054629728,0
ridge_1,lagged,53,Washington,2019,15400000,16528300.64784155,15700000,15300000,140,2018,2016,l_lag_y + l_permits + l_highway + l_gdp,1.0049760054629728,0
ridge_1,lagged,54,West Virginia,2019,16900000,14417343.24509763,15600000,14575000,140,2018,2016,l_lag_y + l_permits + l_highway + l_gdp,1.0049760054629728,0
ridge_1,lagged,55,Wisconsin,2019,27800000,26590226.100299157,26300000,24750000,140,2018,2016,l_lag_y + l_permits + l_highway + l_gdp,1.0049760054629728,0
ridge_1,lagged,56,Wyoming,2019,10900000,8699756.183492674,9330000,11857500,140,2018,2016,l_lag_y + l_permits + l_highway + l_gdp,1.0049760054629728,0
ridge_1,lagged,01,Alabama,2020,40700000,41812728.457376495,41100000,37680000,185,2019,2016,l_lag_y + l_permits + l_highway + l_gdp,1.0045308121716654,0
ridge_1,lagged,02,Alaska,2020,1530000,1489043.1302611153,1540000,1158000,185,2019,2016,l_lag_y + l_permits + l_highway + l_gdp,1.0045308121716654,0
ridge_1,lagged,04,Arizona,2020,11000000,11465976.856007198,10900000,10444000,185,2019,2016,l_lag_y + l_permits + l_highway + l_gdp,1.0045308121716654,0
ridge_1,lagged,05,Arkansas,2020,31100000,30085330.850325555,29600000,29340000,185,2019,2016,l_lag_y + l_permits + l_highway + l_gdp,1.0045308121716654,0
ridge_1,lagged,06,California,2020,40300000,44027741.06989032,41900000,39600000,185,2019,2016,l_lag_y + l_permits + l_highway + l_gdp,1.0045308121716654,0
ridge_1,lagged,08,Colorado,2020,17300000,17322189.70895911,16600000,15440000,185,2019,2016,l_lag_y + l_permits + l_highway + l_gdp,1.0045308121716654,0
ridge_1,lagged,09,Connecticut,2020,10300000,10399208.125844274,10500000,9738000,185,2019,2016,l_lag_y + l_permits + l_highway + l_gdp,1.0045308121716654,0
ridge_1,lagged,12,Florida,2020,83400000,86450945.078645885,81300000,75200000,185,2019,2016,l_lag_y + l_permits + l_highway + l_gdp,1.0045308121716654,0
ridge_1,lagged,13,Georgia,2020,59300000,60175057.026980035,57600000,53180000,185,2019,2016,l_lag_y + l_permits + l_highway + l_gdp,1.0045308121716654,0
ridge_1,lagged,15,Hawaii,2020,5880000,5734374.736712672,5770000,5186000,185,2019,2016,l_lag_y + l_permits + l_highway + l_gdp,1.0045308121716654,0
ridge_1,lagged,16,Idaho,2020,4620000,4382137.732573807,4210000,4540000,185,2019,2016,l_lag_y + l_permits + l_highway + l_gdp,1.0045308121716654,0
ridge_1,lagged,17,Illinois,2020,53700000,50095374.655543104,49800000,50520000,185,2019,2016,l_lag_y + l_permits + l_highway + l_gdp,1.0045308121716654,0
ridge_1,lagged,18,Indiana,2020,52400000,52372103.281118385,51400000,49520000,185,2019,2016,l_lag_y + l_permits + l_highway + l_gdp,1.0045308121716654,0
ridge_1,lagged,19,Iowa,2020,39600000,41996673.006520085,41700000,38740000,185,2019,2016,l_lag_y + l_permits + l_highway + l_gdp,1.0045308121716654,0
ridge_1,lagged,20,Kansas,2020,17800000,15186458.134897852,15100000,16280000,185,2019,2016,l_lag_y + l_permits + l_highway + l_gdp,1.0045308121716654,0
ridge_1,lagged,21,Kentucky,2020,50000000,52333976.59907907,52100000,51600000,185,2019,2016,l_lag_y + l_permits + l_highway + l_gdp,1.0045308121716654,0
ridge_1,lagged,23,Maine,2020,4690000,4508214.648575004,4500000,4296000,185,2019,2016,l_lag_y + l_permits + l_highway + l_gdp,1.0045308121716654,0
ridge_1,lagged,24,Maryland,2020,24600000,26018563.34727856,25700000,23460000,185,2019,2016,l_lag_y + l_permits + l_highway + l_gdp,1.0045308121716654,0
ridge_1,lagged,25,Massachusetts,2020,13000000,13639836.717468994,13400000,12980000,185,2019,2016,l_lag_y + l_permits + l_highway + l_gdp,1.0045308121716654,0
ridge_1,lagged,26,Michigan,2020,32800000,36015567.964190155,35400000,35380000,185,2019,2016,l_lag_y + l_permits + l_highway + l_gdp,1.0045308121716654,0
ridge_1,lagged,27,Minnesota,2020,8580000,8311088.738041488,8010000,7592000,185,2019,2016,l_lag_y + l_permits + l_highway + l_gdp,1.0045308121716654,0
ridge_1,lagged,28,Mississippi,2020,1320000,2113589.4966173745,2090000,2062000,185,2019,2016,l_lag_y + l_permits + l_highway + l_gdp,1.0045308121716654,0
ridge_1,lagged,29,Missouri,2020,81700000,75144419.25029154,74000000,72560000,185,2019,2016,l_lag_y + l_permits + l_highway + l_gdp,1.0045308121716654,0
ridge_1,lagged,30,Montana,2020,2890000,2904265.933459934,2900000,2794000,185,2019,2016,l_lag_y + l_permits + l_highway + l_gdp,1.0045308121716654,0
ridge_1,lagged,32,Nevada,2020,11200000,12771801.367522907,12400000,10938000,185,2019,2016,l_lag_y + l_permits + l_highway + l_gdp,1.0045308121716654,0
ridge_1,lagged,33,New Hampshire,2020,5310000,5450886.086830001,5430000,5416000,185,2019,2016,l_lag_y + l_permits + l_highway + l_gdp,1.0045308121716654,0
ridge_1,lagged,34,New Jersey,2020,17300000,19018942.844372187,18400000,17560000,185,2019,2016,l_lag_y + l_permits + l_highway + l_gdp,1.0045308121716654,0
ridge_1,lagged,35,New Mexico,2020,4930000,4218766.810735111,4220000,4580000,185,2019,2016,l_lag_y + l_permits + l_highway + l_gdp,1.0045308121716654,0
ridge_1,lagged,36,New York,2020,36700000,40173286.76784964,39100000,38980000,185,2019,2016,l_lag_y + l_permits + l_highway + l_gdp,1.0045308121716654,0
ridge_1,lagged,37,North Carolina,2020,55900000,63545454.17459308,60700000,56060000,185,2019,2016,l_lag_y + l_permits + l_highway + l_gdp,1.0045308121716654,0
ridge_1,lagged,38,North Dakota,2020,411000,333634.38013613806,337000,522400,185,2019,2016,l_lag_y + l_permits + l_highway + l_gdp,1.0045308121716654,0
ridge_1,lagged,39,Ohio,2020,66800000,68803607.12096274,67900000,62820000,185,2019,2016,l_lag_y + l_permits + l_highway + l_gdp,1.0045308121716654,0
ridge_1,lagged,40,Oklahoma,2020,38300000,38675014.577055305,38400000,37320000,185,2019,2016,l_lag_y + l_permits + l_highway + l_gdp,1.0045308121716654,0
ridge_1,lagged,42,Pennsylvania,2020,88500000,96075621.09466171,95500000,89700000,185,2019,2016,l_lag_y + l_permits + l_highway + l_gdp,1.0045308121716654,0
ridge_1,lagged,44,Rhode Island,2020,2030000,1864986.2085450937,1930000,2120000,185,2019,2016,l_lag_y + l_permits + l_highway + l_gdp,1.0045308121716654,0
ridge_1,lagged,45,South Carolina,2020,27900000,30349922.28147751,29200000,27520000,185,2019,2016,l_lag_y + l_permits + l_highway + l_gdp,1.0045308121716654,0
ridge_1,lagged,46,South Dakota,2020,8000000,6962425.099139527,6940000,6666000,185,2019,2016,l_lag_y + l_permits + l_highway + l_gdp,1.0045308121716654,0
ridge_1,lagged,47,Tennessee,2020,52300000,52668674.023806304,50400000,45080000,185,2019,2016,l_lag_y + l_permits + l_highway + l_gdp,1.0045308121716654,0
ridge_1,lagged,48,Texas,2020,189000000,203179377.55940902,191000000,169000000,185,2019,2016,l_lag_y + l_permits + l_highway + l_gdp,1.0045308121716654,0
ridge_1,lagged,49,Utah,2020,12300000,11241157.674855135,10800000,9376000,185,2019,2016,l_lag_y + l_permits + l_highway + l_gdp,1.0045308121716654,0
ridge_1,lagged,50,Vermont,2020,5230000,5295671.590397537,5400000,4946000,185,2019,2016,l_lag_y + l_permits + l_highway + l_gdp,1.0045308121716654,0
ridge_1,lagged,51,Virginia,2020,53100000,52887012.83500171,51400000,50080000,185,2019,2016,l_lag_y + l_permits + l_highway + l_gdp,1.0045308121716654,0
ridge_1,lagged,53,Washington,2020,15200000,16120952.55273113,15400000,15320000,185,2019,2016,l_lag_y + l_permits + l_highway + l_gdp,1.0045308121716654,0
ridge_1,lagged,54,West Virginia,2020,13600000,16424455.893817965,16900000,15040000,185,2019,2016,l_lag_y + l_permits + l_highway + l_gdp,1.0045308121716654,0
ridge_1,lagged,55,Wisconsin,2020,25100000,28231224.68194853,27800000,25360000,185,2019,2016,l_lag_y + l_permits + l_highway + l_gdp,1.0045308121716654,0
ridge_1,lagged,56,Wyoming,2020,9560000,10525852.848824665,10900000,11666000,185,2019,2016,l_lag_y + l_permits + l_highway + l_gdp,1.0045308121716654,0
ridge_1,lagged,01,Alabama,2021,43800000,41402891.60145412,40700000,38183333.333333336,231,2020,2016,l_lag_y + l_permits + l_highway + l_gdp,1.0046752928063716,0
ridge_1,lagged,02,Alaska,2021,807000,1473472.5579346144,1530000,1220000,231,2020,2016,l_lag_y + l_permits + l_highway + l_gdp,1.0046752928063716,0
ridge_1,lagged,04,Arizona,2021,11400000,11673352.935927553,11000000,10536666.666666666,231,2020,2016,l_lag_y + l_permits + l_highway + l_gdp,1.0046752928063716,0
ridge_1,lagged,05,Arkansas,2021,34100000,31275222.314708456,31100000,29633333.333333332,231,2020,2016,l_lag_y + l_permits + l_highway + l_gdp,1.0046752928063716,0
ridge_1,lagged,06,California,2021,38300000,41887402.86064776,40300000,39716666.666666664,231,2020,2016,l_lag_y + l_permits + l_highway + l_gdp,1.0046752928063716,0
ridge_1,lagged,08,Colorado,2021,17000000,18031132.17301583,17300000,15750000,231,2020,2016,l_lag_y + l_permits + l_highway + l_gdp,1.0046752928063716,0
ridge_1,lagged,09,Connecticut,2021,10400000,10168409.710298197,10300000,9831666.666666666,231,2020,2016,l_lag_y + l_permits + l_highway + l_gdp,1.0046752928063716,0
ridge_1,lagged,12,Florida,2021,86600000,87066891.65104851,83400000,76566666.66666667,231,2020,2016,l_lag_y + l_permits + l_highway + l_gdp,1.0046752928063716,0
ridge_1,lagged,13,Georgia,2021,61200000,61666307.94555427,59300000,54200000,231,2020,2016,l_lag_y + l_permits + l_highway + l_gdp,1.0046752928063716,0
ridge_1,lagged,15,Hawaii,2021,5850000,5880105.806165714,5880000,5301666.666666667,231,2020,2016,l_lag_y + l_permits + l_highway + l_gdp,1.0046752928063716,0
ridge_1,lagged,16,Idaho,2021,5370000,4821204.963990884,4620000,4553333.333333333,231,2020,2016,l_lag_y + l_permits + l_highway + l_gdp,1.0046752928063716,0
ridge_1,lagged,17,Illinois,2021,51500000,52914374.14938189,53700000,51050000,231,2020,2016,l_lag_y + l_permits + l_highway + l_gdp,1.0046752928063716,0
ridge_1,lagged,18,Indiana,2021,52300000,53091251.96410644,52400000,50000000,231,2020,2016,l_lag_y + l_permits + l_highway + l_gdp,1.0046752928063716,0
ridge_1,lagged,19,Iowa,2021,35600000,39659357.736512825,39600000,38883333.333333336,231,2020,2016,l_lag_y + l_permits + l_highway + l_gdp,1.0046752928063716,0
ridge_1,lagged,20,Kansas,2021,19400000,17880667.45753962,17800000,16533333.333333334,231,2020,2016,l_lag_y + l_permits + l_highway + l_gdp,1.0046752928063716,0
ridge_1,lagged,21,Kentucky,2021,51100000,49715193.56766433,50000000,51333333.333333336,231,2020,2016,l_lag_y + l_permits + l_highway + l_gdp,1.0046752928063716,0
ridge_1,lagged,23,Maine,2021,4700000,4683384.391930263,4690000,4361666.666666667,231,2020,2016,l_lag_y + l_permits + l_highway + l_gdp,1.0046752928063716,0
ridge_1,lagged,24,Maryland,2021,25700000,24845539.06121779,24600000,23650000,231,2020,2016,l_lag_y + l_permits + l_highway + l_gdp,1.0046752928063716,0
ridge_1,lagged,26,Michigan,2021,36000000,33210788.619212966,32800000,34950000,231,2020,2016,l_lag_y + l_permits + l_highway + l_gdp,1.0046752928063716,0
ridge_1,lagged,27,Minnesota,2021,9130000,8870196.958968833,8580000,7756666.666666667,231,2020,2016,l_lag_y + l_permits + l_highway + l_gdp,1.0046752928063716,0
ridge_1,lagged,28,Mississippi,2021,1320000,1338149.318425908,1320000,1938333.3333333333,231,2020,2016,l_lag_y + l_permits + l_highway + l_gdp,1.0046752928063716,0
ridge_1,lagged,29,Missouri,2021,85500000,83071568.88391747,81700000,74083333.33333333,231,2020,2016,l_lag_y + l_permits + l_highway + l_gdp,1.0046752928063716,0
ridge_1,lagged,30,Montana,2021,2890000,2905056.717845388,2890000,2810000,231,2020,2016,l_lag_y + l_permits + l_highway + l_gdp,1.0046752928063716,0
ridge_1,lagged,32,Nevada,2021,9960000,11677221.972626995,11200000,10981666.666666666,231,2020,2016,l_lag_y + l_permits + l_highway + l_gdp,1.0046752928063716,0
ridge_1,lagged,33,New Hampshire,2021,5070000,5352707.112676175,5310000,5398333.333333333,231,2020,2016,l_lag_y + l_permits + l_highway + l_gdp,1.0046752928063716,0
ridge_1,lagged,34,New Jersey,2021,17700000,17667417.495201163,17300000,17516666.666666668,231,2020,2016,l_lag_y + l_permits + l_highway + l_gdp,1.0046752928063716,0
ridge_1,lagged,35,New Mexico,2021,4270000,4947267.995718101,4930000,4638333.333333333,231,2020,2016,l_lag_y + l_permits + l_highway + l_gdp,1.0046752928063716,0
ridge_1,lagged,36,New York,2021,40600000,37065812.54211841,36700000,38600000,231,2020,2016,l_lag_y + l_permits + l_highway + l_gdp,1.0046752928063716,0
ridge_1,lagged,37,North Carolina,2021,62300000,57592044.57447735,55900000,56033333.333333336,231,2020,2016,l_lag_y + l_permits + l_highway + l_gdp,1.0046752928063716,0
ridge_1,lagged,38,North Dakota,2021,321000,413948.1928041767,411000,503833.3333333333,231,2020,2016,l_lag_y + l_permits + l_highway + l_gdp,1.0046752928063716,0
ridge_1,lagged,39,Ohio,2021,72600000,67725005.1336139,66800000,63483333.333333336,231,2020,2016,l_lag_y + l_permits + l_highway + l_gdp,1.0046752928063716,0
ridge_1,lagged,40,Oklahoma,2021,41500000,38292502.66089108,38300000,37483333.333333336,231,2020,2016,l_lag_y + l_permits + l_highway + l_gdp,1.0046752928063716,0
ridge_1,lagged,41,Oregon,2021,21600000,20548137.87562891,20200000,20266666.666666668,231,2020,2016,l_lag_y + l_permits + l_highway + l_gdp,1.0046752928063716,0
ridge_1,lagged,42,Pennsylvania,2021,93400000,88221571.39550437,88500000,89500000,231,2020,2016,l_lag_y + l_permits + l_highway + l_gdp,1.0046752928063716,0
ridge_1,lagged,44,Rhode Island,2021,2150000,1968080.5525800753,2030000,2105000,231,2020,2016,l_lag_y + l_permits + l_highway + l_gdp,1.0046752928063716,0
ridge_1,lagged,45,South Carolina,2021,31000000,28725015.192375768,27900000,27583333.333333332,231,2020,2016,l_lag_y + l_permits + l_highway + l_gdp,1.0046752928063716,0
ridge_1,lagged,46,South Dakota,2021,8300000,8077469.368399004,8000000,6888333.333333333,231,2020,2016,l_lag_y + l_permits + l_highway + l_gdp,1.0046752928063716,0
ridge_1,lagged,47,Tennessee,2021,56900000,54480764.43362875,52300000,46283333.333333336,231,2020,2016,l_lag_y + l_permits + l_highway + l_gdp,1.0046752928063716,0
ridge_1,lagged,48,Texas,2021,190000000,196371061.56382173,189000000,172333333.33333334,231,2020,2016,l_lag_y + l_permits + l_highway + l_gdp,1.0046752928063716,0
ridge_1,lagged,49,Utah,2021,13200000,12765545.898696573,12300000,9863333.333333334,231,2020,2016,l_lag_y + l_permits + l_highway + l_gdp,1.0046752928063716,0
ridge_1,lagged,50,Vermont,2021,5320000,5180389.573409932,5230000,4993333.333333333,231,2020,2016,l_lag_y + l_permits + l_highway + l_gdp,1.0046752928063716,0
ridge_1,lagged,51,Virginia,2021,54700000,54363157.592074156,53100000,50583333.333333336,231,2020,2016,l_lag_y + l_permits + l_highway + l_gdp,1.0046752928063716,0
ridge_1,lagged,53,Washington,2021,16700000,15775270.305218324,15200000,15300000,231,2020,2016,l_lag_y + l_permits + l_highway + l_gdp,1.0046752928063716,0
ridge_1,lagged,54,West Virginia,2021,14200000,13064960.191858418,13600000,14800000,231,2020,2016,l_lag_y + l_permits + l_highway + l_gdp,1.0046752928063716,0
ridge_1,lagged,55,Wisconsin,2021,25700000,25481833.42722806,25100000,25316666.666666668,231,2020,2016,l_lag_y + l_permits + l_highway + l_gdp,1.0046752928063716,0
ridge_1,lagged,56,Wyoming,2021,7440000,9315751.426203622,9560000,11315000,231,2020,2016,l_lag_y + l_permits + l_highway + l_gdp,1.0046752928063716,0
ridge_10,lagged,01,Alabama,2019,41100000,34114899.88200779,36900000,36825000,140,2018,2016,l_lag_y + l_permits + l_highway + l_gdp,1.0103578048253743,0
ridge_10,lagged,02,Alaska,2019,1540000,1572465.1691811543,1400000,1062500,140,2018,2016,l_lag_y + l_permits + l_highway + l_gdp,1.0103578048253743,0
ridge_10,lagged,04,Arizona,2019,10900000,13766295.839378953,11800000,10330000,140,2018,2016,l_lag_y + l_permits + l_highway + l_gdp,1.0103578048253743,0
ridge_10,lagged,05,Arkansas,2019,29600000,26094094.3229239,29000000,29275000,140,2018,2016,l_lag_y + l_permits + l_highway + l_gdp,1.0103578048253743,0
ridge_10,lagged,06,California,2019,41900000,49095698.40366215,41100000,39025000,140,2018,2016,l_lag_y + l_permits + l_highway + l_gdp,1.0103578048253743,0
ridge_10,lagged,08,Colorado,2019,16600000,16901690.967016727,14800000,15150000,140,2018,2016,l_lag_y + l_permits + l_highway + l_gdp,1.0103578048253743,0
ridge_10,lagged,09,Connecticut,2019,10500000,9363892.773952326,9520000,9547500,140,2018,2016,l_lag_y + l_permits + l_highway + l_gdp,1.0103578048253743,0
ridge_10,lagged,12,Florida,2019,81300000,85858485.66415192,76800000,73675000,140,2018,2016,l_lag_y + l_permits + l_highway + l_gdp,1.0103578048253743,0
ridge_10,lagged,13,Georgia,2019,57600000,53833864.59381108,53300000,52075000,140,2018,2016,l_lag_y + l_permits + l_highway + l_gdp,1.0103578048253743,0
ridge_10,lagged,15,Hawaii,2019,5770000,4676583.830987425,4680000,5040000,140,2018,2016,l_lag_y + l_permits + l_highway + l_gdp,1.0103578048253743,0
ridge_10,lagged,16,Idaho,2019,4210000,5209874.315660206,4600000,4622500,140,2018,2016,l_lag_y + l_permits + l_highway + l_gdp,1.0103578048253743,0
ridge_10,lagged,17,Illinois,2019,49800000,47508741.77491989,48600000,50700000,140,2018,2016,l_lag_y + l_permits + l_highway + l_gdp,1.0103578048253743,0
ridge_10,lagged,18,Indiana,2019,51400000,46217556.47341176,50300000,49050000,140,2018,2016,l_lag_y + l_permits + l_highway + l_gdp,1.0103578048253743,0
ridge_10,lagged,19,Iowa,2019,41700000,34608634.27940842,39200000,38000000,140,2018,2016,l_lag_y + l_permits + l_highway + l_gdp,1.0103578048253743,0
ridge_10,lagged,20,Kansas,2019,15100000,14538964.901150884,15400000,16575000,140,2018,2016,l_lag_y + l_permits + l_highway + l_gdp,1.0103578048253743,0
ridge_10,lagged,21,Kentucky,2019,52100000,43145313.074003175,49700000,51475000,140,2018,2016,l_lag_y + l_permits + l_highway + l_gdp,1.0103578048253743,0
ridge_10,lagged,23,Maine,2019,4500000,4176105.3684884734,4040000,4245000,140,2018,2016,l_lag_y + l_permits + l_highway + l_gdp,1.0103578048253743,0
ridge_10,lagged,24,Maryland,2019,25700000,23156023.551229343,22500000,22900000,140,2018,2016,l_lag_y + l_permits + l_highway + l_gdp,1.0103578048253743,0
ridge_10,lagged,26,Michigan,2019,35400000,35551211.050249904,37400000,35375000,140,2018,2016,l_lag_y + l_permits + l_highway + l_gdp,1.0103578048253743,0
ridge_10,lagged,27,Minnesota,2019,8010000,9112035.633366289,7710000,7487500,140,2018,2016,l_lag_y + l_permits + l_highway + l_gdp,1.0103578048253743,0
ridge_10,lagged,28,Mississippi,2019,2090000,2479644.293590245,2060000,2055000,140,2018,2016,l_lag_y + l_permits + l_highway + l_gdp,1.0103578048253743,0
ridge_10,lagged,29,Missouri,2019,74000000,60254740.628040105,71400000,72200000,140,2018,2016,l_lag_y + l_permits + l_highway + l_gdp,1.0103578048253743,0
ridge_10,lagged,30,Montana,2019,2900000,3038108.6662752,2760000,2767500,140,2018,2016,l_lag_y + l_permits + l_highway + l_gdp,1.0103578048253743,0
ridge_10,lagged,32,Nevada,2019,12400000,12908840.401226724,12200000,10572500,140,2018,2016,l_lag_y + l_permits + l_highway + l_gdp,1.0103578048253743,0
ridge_10,lagged,33,New Hampshire,2019,5430000,5137638.313719742,5250000,5412500,140,2018,2016,l_lag_y + l_permits + l_highway + l_gdp,1.0103578048253743,0
ridge_10,lagged,34,New Jersey,2019,18400000,19973508.561986018,17800000,17350000,140,2018,2016,l_lag_y + l_permits + l_highway + l_gdp,1.0103578048253743,0
ridge_10,lagged,35,New Mexico,2019,4220000,4479722.77972092,4300000,4670000,140,2018,2016,l_lag_y + l_permits + l_highway + l_gdp,1.0103578048253743,0
ridge_10,lagged,36,New York,2019,39100000,42108955.33723946,39800000,38950000,140,2018,2016,l_lag_y + l_permits + l_highway + l_gdp,1.0103578048253743,0
ridge_10,lagged,37,North Carolina,2019,60700000,59059739.1326803,56100000,54900000,140,2018,2016,l_lag_y + l_permits + l_highway + l_gdp,1.0103578048253743,0
ridge_10,lagged,38,North Dakota,2019,337000,450301.39830377547,326000,568750,140,2018,2016,l_lag_y + l_permits + l_highway + l_gdp,1.0103578048253743,0
ridge_10,lagged,39,Ohio,2019,67900000,60954891.75880338,66000000,61550000,140,2018,2016,l_lag_y + l_permits + l_highway + l_gdp,1.0103578048253743,0
ridge_10,lagged,40,Oklahoma,2019,38400000,32659692.411962036,36800000,37050000,140,2018,2016,l_lag_y + l_permits + l_highway + l_gdp,1.0103578048253743,0
ridge_10,lagged,42,Pennsylvania,2019,95500000,80365895.05860929,87600000,88250000,140,2018,2016,l_lag_y + l_permits + l_highway + l_gdp,1.0103578048253743,0
ridge_10,lagged,44,Rhode Island,2019,1930000,1830063.425833073,1800000,2167500,140,2018,2016,l_lag_y + l_permits + l_highway + l_gdp,1.0103578048253743,0
ridge_10,lagged,45,South Carolina,2019,29200000,28166951.56911039,27500000,27100000,140,2018,2016,l_lag_y + l_permits + l_highway + l_gdp,1.0103578048253743,0
ridge_10,lagged,46,South Dakota,2019,6940000,6145919.3365744725,6520000,6597500,140,2018,2016,l_lag_y + l_permits + l_highway + l_gdp,1.0103578048253743,0
ridge_10,lagged,47,Tennessee,2019,50400000,43323684.9400331,45100000,43750000,140,2018,2016,l_lag_y + l_permits + l_highway + l_gdp,1.0103578048253743,0
ridge_10,lagged,48,Texas,2019,191000000,185705034.9909184,178000000,163500000,140,2018,2016,l_lag_y + l_permits + l_highway + l_gdp,1.0103578048253743,0
ridge_10,lagged,49,Utah,2019,10800000,11364538.616742235,10100000,9020000,140,2018,2016,l_lag_y + l_permits + l_highway + l_gdp,1.0103578048253743,0
ridge_10,lagged,50,Vermont,2019,5400000,4550728.334587556,5080000,4832500,140,2018,2016,l_lag_y + l_permits + l_highway + l_gdp,1.0103578048253743,0
ridge_10,lagged,51,Virginia,2019,51400000,48861379.50102975,49500000,49750000,140,2018,2016,l_lag_y + l_permits + l_highway + l_gdp,1.0103578048253743,0
ridge_10,lagged,53,Washington,2019,15400000,18359181.14866703,15700000,15300000,140,2018,2016,l_lag_y + l_permits + l_highway + l_gdp,1.0103578048253743,0
ridge_10,lagged,54,West Virginia,2019,16900000,14073066.6606081,15600000,14575000,140,2018,2016,l_lag_y + l_permits + l_highway + l_gdp,1.0103578048253743,0
ridge_10,lagged,55,Wisconsin,2019,27800000,25664894.999097444,26300000,24750000,140,2018,2016,l_lag_y + l_permits + l_highway + l_gdp,1.0103578048253743,0
ridge_10,lagged,56,Wyoming,2019,10900000,7901024.537550432,9330000,11857500,140,2018,2016,l_lag_y + l_permits + l_highway + l_gdp,1.0103578048253743,0
ridge_10,lagged,01,Alabama,2020,40700000,38876146.23974793,41100000,37680000,185,2019,2016,l_lag_y + l_permits + l_highway + l_gdp,1.0081638303321576,0
ridge_10,lagged,02,Alaska,2020,1530000,1717055.2034733105,1540000,1158000,185,2019,2016,l_lag_y + l_permits + l_highway + l_gdp,1.0081638303321576,0
ridge_10,lagged,04,Arizona,2020,11000000,12689054.442361582,10900000,10444000,185,2019,2016,l_lag_y + l_permits + l_highway + l_gdp,1.0081638303321576,0
ridge_10,lagged,05,Arkansas,2020,31100000,27584302.712996274,29600000,29340000,185,2019,2016,l_lag_y + l_permits + l_highway + l_gdp,1.0081638303321576,0
ridge_10,lagged,06,California,2020,40300000,48383092.41932635,41900000,39600000,185,2019,2016,l_lag_y + l_permits + l_highway + l_gdp,1.0081638303321576,0
ridge_10,lagged,08,Colorado,2020,17300000,18156801.40020079,16600000,15440000,185,2019,2016,l_lag_y + l_permits + l_highway + l_gdp,1.0081638303321576,0
ridge_10,lagged,09,Connecticut,2020,10300000,10546446.636729611,10500000,9738000,185,2019,2016,l_lag_y + l_permits + l_highway + l_gdp,1.0081638303321576,0
ridge_10,lagged,12,Florida,2020,83400000,89333997.61743578,81300000,75200000,185,2019,2016,l_lag_y + l_permits + l_highway + l_gdp,1.0081638303321576,0
ridge_10,lagged,13,Georgia,2020,59300000,57441829.996285275,57600000,53180000,185,2019,2016,l_lag_y + l_permits + l_highway + l_gdp,1.0081638303321576,0
ridge_10,lagged,15,Hawaii,2020,5880000,5681509.427777219,5770000,5186000,185,2019,2016,l_lag_y + l_permits + l_highway + l_gdp,1.0081638303321576,0
ridge_10,lagged,16,Idaho,2020,4620000,4821256.19722972,4210000,4540000,185,2019,2016,l_lag_y + l_permits + l_highway + l_gdp,1.0081638303321576,0
ridge_10,lagged,17,Illinois,2020,53700000,49193943.578157365,49800000,50520000,185,2019,2016,l_lag_y + l_permits + l_highway + l_gdp,1.0081638303321576,0
ridge_10,lagged,18,Indiana,2020,52400000,48823501.24976978,51400000,49520000,185,2019,2016,l_lag_y + l_permits + l_highway + l_gdp,1.0081638303321576,0
ridge_10,lagged,19,Iowa,2020,39600000,37870388.4052517,41700000,38740000,185,2019,2016,l_lag_y + l_permits + l_highway + l_gdp,1.0081638303321576,0
ridge_10,lagged,20,Kansas,2020,17800000,14370810.51514658,15100000,16280000,185,2019,2016,l_lag_y + l_permits + l_highway + l_gdp,1.0081638303321576,0
ridge_10,lagged,21,Kentucky,2020,50000000,46635708.692620724,52100000,51600000,185,2019,2016,l_lag_y + l_permits + l_highway + l_gdp,1.0081638303321576,0
ridge_10,lagged,23,Maine,2020,4690000,4649031.185259271,4500000,4296000,185,2019,2016,l_lag_y + l_permits + l_highway + l_gdp,1.0081638303321576,0
ridge_10,lagged,24,Maryland,2020,24600000,26161479.310286008,25700000,23460000,185,2019,2016,l_lag_y + l_permits + l_highway + l_gdp,1.0081638303321576,0
ridge_10,lagged,25,Massachusetts,2020,13000000,14212897.013418244,13400000,12980000,185,2019,2016,l_lag_y + l_permits + l_highway + l_gdp,1.0081638303321576,0
ridge_10,lagged,26,Michigan,2020,32800000,34798225.862735,35400000,35380000,185,2019,2016,l_lag_y + l_permits + l_highway + l_gdp,1.0081638303321576,0
ridge_10,lagged,27,Minnesota,2020,8580000,9304102.37627036,8010000,7592000,185,2019,2016,l_lag_y + l_permits + l_highway + l_gdp,1.0081638303321576,0
ridge_10,lagged,28,Mississippi,2020,1320000,2453924.8024896714,2090000,2062000,185,2019,2016,l_lag_y + l_permits + l_highway + l_gdp,1.0081638303321576,0
ridge_10,lagged,29,Missouri,2020,81700000,64634828.4405308,74000000,72560000,185,2019,2016,l_lag_y + l_permits + l_highway + l_gdp,1.0081638303321576,0
ridge_10,lagged,30,Montana,2020,2890000,3163234.8458539764,2900000,2794000,185,2019,2016,l_lag_y + l_permits + l_highway + l_gdp,1.0081638303321576,0
ridge_10,lagged,32,Nevada,2020,11200000,13101164.264532743,12400000,10938000,185,2019,2016,l_lag_y + l_permits + l_highway + l_gdp,1.0081638303321576,0
ridge_10,lagged,33,New Hampshire,2020,5310000,5383643.456740664,5430000,5416000,185,2019,2016,l_lag_y + l_permits + l_highway + l_gdp,1.0081638303321576,0
ridge_10,lagged,34,New Jersey,2020,17300000,20689015.149480738,18400000,17560000,185,2019,2016,l_lag_y + l_permits + l_highway + l_gdp,1.0081638303321576,0
ridge_10,lagged,35,New Mexico,2020,4930000,4433368.474687104,4220000,4580000,185,2019,2016,l_lag_y + l_permits + l_highway + l_gdp,1.0081638303321576,0
ridge_10,lagged,36,New York,2020,36700000,42340095.44653645,39100000,38980000,185,2019,2016,l_lag_y + l_permits + l_highway + l_gdp,1.0081638303321576,0
ridge_10,lagged,37,North Carolina,2020,55900000,63961830.354426526,60700000,56060000,185,2019,2016,l_lag_y + l_permits + l_highway + l_gdp,1.0081638303321576,0
ridge_10,lagged,38,North Dakota,2020,411000,440092.8087043301,337000,522400,185,2019,2016,l_lag_y + l_permits + l_highway + l_gdp,1.0081638303321576,0
ridge_10,lagged,39,Ohio,2020,66800000,63891483.74651249,67900000,62820000,185,2019,2016,l_lag_y + l_permits + l_highway + l_gdp,1.0081638303321576,0
ridge_10,lagged,40,Oklahoma,2020,38300000,35576256.02729462,38400000,37320000,185,2019,2016,l_lag_y + l_permits + l_highway + l_gdp,1.0081638303321576,0
ridge_10,lagged,42,Pennsylvania,2020,88500000,89514027.04720056,95500000,89700000,185,2019,2016,l_lag_y + l_permits + l_highway + l_gdp,1.0081638303321576,0
ridge_10,lagged,44,Rhode Island,2020,2030000,2009643.6676470167,1930000,2120000,185,2019,2016,l_lag_y + l_permits + l_highway + l_gdp,1.0081638303321576,0
ridge_10,lagged,45,South Carolina,2020,27900000,30344228.709594663,29200000,27520000,185,2019,2016,l_lag_y + l_permits + l_highway + l_gdp,1.0081638303321576,0
ridge_10,lagged,46,South Dakota,2020,8000000,6615296.299108943,6940000,6666000,185,2019,2016,l_lag_y + l_permits + l_highway + l_gdp,1.0081638303321576,0
ridge_10,lagged,47,Tennessee,2020,52300000,48879825.13615718,50400000,45080000,185,2019,2016,l_lag_y + l_permits + l_highway + l_gdp,1.0081638303321576,0
ridge_10,lagged,48,Texas,2020,189000000,199881773.65800032,191000000,169000000,185,2019,2016,l_lag_y + l_permits + l_highway + l_gdp,1.0081638303321576,0
ridge_10,lagged,49,Utah,2020,12300000,11969343.853312463,10800000,9376000,185,2019,2016,l_lag_y + l_permits + l_highway + l_gdp,1.0081638303321576,0
ridge_10,lagged,50,Vermont,2020,5230000,4917457.459017852,5400000,4946000,185,2019,2016,l_lag_y + l_permits + l_highway + l_gdp,1.0081638303321576,0
ridge_10,lagged,51,Virginia,2020,53100000,50194449.059464835,51400000,50080000,185,2019,2016,l_lag_y + l_permits + l_highway + l_gdp,1.0081638303321576,0
ridge_10,lagged,53,Washington,2020,15200000,17625884.528589565,15400000,15320000,185,2019,2016,l_lag_y + l_permits + l_highway + l_gdp,1.0081638303321576,0
ridge_10,lagged,54,West Virginia,2020,13600000,15324506.722845683,16900000,15040000,185,2019,2016,l_lag_y + l_permits + l_highway + l_gdp,1.0081638303321576,0
ridge_10,lagged,55,Wisconsin,2020,25100000,27571563.777188938,27800000,25360000,185,2019,2016,l_lag_y + l_permits + l_highway + l_gdp,1.0081638303321576,0
ridge_10,lagged,56,Wyoming,2020,9560000,9562983.646278387,10900000,11666000,185,2019,2016,l_lag_y + l_permits + l_highway + l_gdp,1.0081638303321576,0
ridge_10,lagged,01,Alabama,2021,43800000,38805757.50578911,40700000,38183333.333333336,231,2020,2016,l_lag_y + l_permits + l_highway + l_gdp,1.0071534182138029,0
ridge_10,lagged,02,Alaska,2021,807000,1635288.3978231056,1530000,1220000,231,2020,2016,l_lag_y + l_permits + l_highway + l_gdp,1.0071534182138029,0
ridge_10,lagged,04,Arizona,2021,11400000,12610846.80269271,11000000,10536666.666666666,231,2020,2016,l_lag_y + l_permits + l_highway + l_gdp,1.0071534182138029,0
ridge_10,lagged,05,Arkansas,2021,34100000,29154428.420182534,31100000,29633333.333333332,231,2020,2016,l_lag_y + l_permits + l_highway + l_gdp,1.0071534182138029,0
ridge_10,lagged,06,California,2021,38300000,45498081.949475855,40300000,39716666.666666664,231,2020,2016,l_lag_y + l_permits + l_highway + l_gdp,1.0071534182138029,0
ridge_10,lagged,08,Colorado,2021,17000000,18796840.002312407,17300000,15750000,231,2020,2016,l_lag_y + l_permits + l_highway + l_gdp,1.0071534182138029,0
ridge_10,lagged,09,Connecticut,2021,10400000,10273082.385380462,10300000,9831666.666666666,231,2020,2016,l_lag_y + l_permits + l_highway + l_gdp,1.0071534182138029,0
ridge_10,lagged,12,Florida,2021,86600000,89550512.3859314,83400000,76566666.66666667,231,2020,2016,l_lag_y + l_permits + l_highway + l_gdp,1.0071534182138029,0
ridge_10,lagged,13,Georgia,2021,61200000,59430979.015843146,59300000,54200000,231,2020,2016,l_lag_y + l_permits + l_highway + l_gdp,1.0071534182138029,0
ridge_10,lagged,15,Hawaii,2021,5850000,5785533.589195094,5880000,5301666.666666667,231,2020,2016,l_lag_y + l_permits + l_highway + l_gdp,1.0071534182138029,0
ridge_10,lagged,16,Idaho,2021,5370000,5150236.094634279,4620000,4553333.333333333,231,2020,2016,l_lag_y + l_permits + l_highway + l_gdp,1.0071534182138029,0
ridge_10,lagged,17,Illinois,2021,51500000,52291499.14500045,53700000,51050000,231,2020,2016,l_lag_y + l_permits + l_highway + l_gdp,1.0071534182138029,0
ridge_10,lagged,18,Indiana,2021,52300000,50461860.345910035,52400000,50000000,231,2020,2016,l_lag_y + l_permits + l_highway + l_gdp,1.0071534182138029,0
ridge_10,lagged,19,Iowa,2021,35600000,36894017.20287068,39600000,38883333.333333336,231,2020,2016,l_lag_y + l_permits + l_highway + l_gdp,1.0071534182138029,0
ridge_10,lagged,20,Kansas,2021,19400000,17112937.498228766,17800000,16533333.333333334,231,2020,2016,l_lag_y + l_permits + l_highway + l_gdp,1.0071534182138029,0
ridge_10,lagged,21,Kentucky,2021,51100000,45450449.829816505,50000000,51333333.333333336,231,2020,2016,l_lag_y + l_permits + l_highway + l_gdp,1.0071534182138029,0
ridge_10,lagged,23,Maine,2021,4700000,4840669.501037039,4690000,4361666.666666667,231,2020,2016,l_lag_y + l_permits + l_highway + l_gdp,1.0071534182138029,0
ridge_10,lagged,24,Maryland,2021,25700000,25009597.376676,24600000,23650000,231,2020,2016,l_lag_y + l_permits + l_highway + l_gdp,1.0071534182138029,0
ridge_10,lagged,26,Michigan,2021,36000000,32431664.08679281,32800000,34950000,231,2020,2016,l_lag_y + l_permits + l_highway + l_gdp,1.0071534182138029,0
ridge_10,lagged,27,Minnesota,2021,9130000,9673526.537678618,8580000,7756666.666666667,231,2020,2016,l_lag_y + l_permits + l_highway + l_gdp,1.0071534182138029,0
ridge_10,lagged,28,Mississippi,2021,1320000,1574152.1366001607,1320000,1938333.3333333333,231,2020,2016,l_lag_y + l_permits + l_highway + l_gdp,1.0071534182138029,0
ridge_10,lagged,29,Missouri,2021,85500000,73537207.05959368,81700000,74083333.33333333,231,2020,2016,l_lag_y + l_permits + l_highway + l_gdp,1.0071534182138029,0
ridge_10,lagged,30,Montana,2021,2890000,3146907.868236853,2890000,2810000,231,2020,2016,l_lag_y + l_permits + l_highway + l_gdp,1.0071534182138029,0
ridge_10,lagged,32,Nevada,2021,9960000,11808118.314591408,11200000,10981666.666666666,231,2020,2016,l_lag_y + l_permits + l_highway + l_gdp,1.0071534182138029,0
ridge_10,lagged,33,New Hampshire,2021,5070000,5278118.743385781,5310000,5398333.333333333,231,2020,2016,l_lag_y + l_permits + l_highway + l_gdp,1.0071534182138029,0
ridge_10,lagged,34,New Jersey,2021,17700000,18974119.060210317,17300000,17516666.666666668,231,2020,2016,l_lag_y + l_permits + l_highway + l_gdp,1.0071534182138029,0
ridge_10,lagged,35,New Mexico,2021,4270000,5095699.88936229,4930000,4638333.333333333,231,2020,2016,l_lag_y + l_permits + l_highway + l_gdp,1.0071534182138029,0
ridge_10,lagged,36,New York,2021,40600000,38791861.20745601,36700000,38600000,231,2020,2016,l_lag_y + l_permits + l_highway + l_gdp,1.0071534182138029,0
ridge_10,lagged,37,North Carolina,2021,62300000,58435115.34893635,55900000,56033333.333333336,231,2020,2016,l_lag_y + l_permits + l_highway + l_gdp,1.0071534182138029,0
ridge_10,lagged,38,North Dakota,2021,321000,512163.79932234815,411000,503833.3333333333,231,2020,2016,l_lag_y + l_permits + l_highway + l_gdp,1.0071534182138029,0
ridge_10,lagged,39,Ohio,2021,72600000,64335027.56563321,66800000,63483333.333333336,231,2020,2016,l_lag_y + l_permits + l_highway + l_gdp,1.0071534182138029,0
ridge_10,lagged,40,Oklahoma,2021,41500000,35997390.09852706,38300000,37483333.333333336,231,2020,2016,l_lag_y + l_permits + l_highway + l_gdp,1.0071534182138029,0
ridge_10,lagged,41,Oregon,2021,21600000,20504095.883963987,20200000,20266666.666666668,231,2020,2016,l_lag_y + l_permits + l_highway + l_gdp,1.0071534182138029,0
ridge_10,lagged,42,Pennsylvania,2021,93400000,83683443.20880277,88500000,89500000,231,2020,2016,l_lag_y + l_permits + l_highway + l_gdp,1.0071534182138029,0
ridge_10,lagged,44,Rhode Island,2021,2150000,2087915.7680900525,2030000,2105000,231,2020,2016,l_lag_y + l_permits + l_highway + l_gdp,1.0071534182138029,0
ridge_10,lagged,45,South Carolina,2021,31000000,29067109.63892996,27900000,27583333.333333332,231,2020,2016,l_lag_y + l_permits + l_highway + l_gdp,1.0071534182138029,0
ridge_10,lagged,46,South Dakota,2021,8300000,7905713.747019102,8000000,6888333.333333333,231,2020,2016,l_lag_y + l_permits + l_highway + l_gdp,1.0071534182138029,0
ridge_10,lagged,47,Tennessee,2021,56900000,51554714.48389753,52300000,46283333.333333336,231,2020,2016,l_lag_y + l_permits + l_highway + l_gdp,1.0071534182138029,0
ridge_10,lagged,48,Texas,2021,190000000,195937886.44771206,189000000,172333333.33333334,231,2020,2016,l_lag_y + l_permits + l_highway + l_gdp,1.0071534182138029,0
ridge_10,lagged,49,Utah,2021,13200000,13446550.896350158,12300000,9863333.333333334,231,2020,2016,l_lag_y + l_permits + l_highway + l_gdp,1.0071534182138029,0
ridge_10,lagged,50,Vermont,2021,5320000,4907877.729612824,5230000,4993333.333333333,231,2020,2016,l_lag_y + l_permits + l_highway + l_gdp,1.0071534182138029,0
ridge_10,lagged,51,Virginia,2021,54700000,52241465.170230746,53100000,50583333.333333336,231,2020,2016,l_lag_y + l_permits + l_highway + l_gdp,1.0071534182138029,0
ridge_10,lagged,53,Washington,2021,16700000,16932057.240350526,15200000,15300000,231,2020,2016,l_lag_y + l_permits + l_highway + l_gdp,1.0071534182138029,0
ridge_10,lagged,54,West Virginia,2021,14200000,12766184.668926904,13600000,14800000,231,2020,2016,l_lag_y + l_permits + l_highway + l_gdp,1.0071534182138029,0
ridge_10,lagged,55,Wisconsin,2021,25700000,25389213.909607213,25100000,25316666.666666668,231,2020,2016,l_lag_y + l_permits + l_highway + l_gdp,1.0071534182138029,0
ridge_10,lagged,56,Wyoming,2021,7440000,8768234.451628454,9560000,11315000,231,2020,2016,l_lag_y + l_permits + l_highway + l_gdp,1.0071534182138029,0
ridge_100,lagged,01,Alabama,2019,41100000,27491598.99446246,36900000,36825000,140,2018,2016,l_lag_y + l_permits + l_highway + l_gdp,1.0988552824532454,0
ridge_100,lagged,02,Alaska,2019,1540000,3517401.505684117,1400000,1062500,140,2018,2016,l_lag_y + l_permits + l_highway + l_gdp,1.0988552824532454,0
ridge_100,lagged,04,Arizona,2019,10900000,19798514.953578718,11800000,10330000,140,2018,2016,l_lag_y + l_permits + l_highway + l_gdp,1.0988552824532454,0
ridge_100,lagged,05,Arkansas,2019,29600000,20388030.193331305,29000000,29275000,140,2018,2016,l_lag_y + l_permits + l_highway + l_gdp,1.0988552824532454,0
ridge_100,lagged,06,California,2019,41900000,65228671.90200273,41100000,39025000,140,2018,2016,l_lag_y + l_permits + l_highway + l_gdp,1.0988552824532454,0
ridge_100,lagged,08,Colorado,2019,16600000,22754151.562039107,14800000,15150000,140,2018,2016,l_lag_y + l_permits + l_highway + l_gdp,1.0988552824532454,0
ridge_100,lagged,09,Connecticut,2019,10500000,11455545.958074374,9520000,9547500,140,2018,2016,l_lag_y + l_permits + l_highway + l_gdp,1.0988552824532454,0
ridge_100,lagged,12,Florida,2019,81300000,85709853.13134195,76800000,73675000,140,2018,2016,l_lag_y + l_permits + l_highway + l_gdp,1.0988552824532454,0
ridge_100,lagged,13,Georgia,2019,57600000,45750619.33563309,53300000,52075000,140,2018,2016,l_lag_y + l_permits + l_highway + l_gdp,1.0988552824532454,0
ridge_100,lagged,15,Hawaii,2019,5770000,6121541.399631499,4680000,5040000,140,2018,2016,l_lag_y + l_permits + l_highway + l_gdp,1.0988552824532454,0
ridge_100,lagged,16,Idaho,2019,4210000,7957175.015778572,4600000,4622500,140,2018,2016,l_lag_y + l_permits + l_highway + l_gdp,1.0988552824532454,0
ridge_100,lagged,17,Illinois,2019,49800000,43711144.61536187,48600000,50700000,140,2018,2016,l_lag_y + l_permits + l_highway + l_gdp,1.0988552824532454,0
ridge_100,lagged,18,Indiana,2019,51400000,34662670.214659326,50300000,49050000,140,2018,2016,l_lag_y + l_permits + l_highway + l_gdp,1.0988552824532454,0
ridge_100,lagged,19,Iowa,2019,41700000,25271510.63863255,39200000,38000000,140,2018,2016,l_lag_y + l_permits + l_highway + l_gdp,1.0988552824532454,0
ridge_100,lagged,20,Kansas,2019,15100000,13751002.293964935,15400000,16575000,140,2018,2016,l_lag_y + l_permits + l_highway + l_gdp,1.0988552824532454,0
ridge_100,lagged,21,Kentucky,2019,52100000,28718095.53238817,49700000,51475000,140,2018,2016,l_lag_y + l_permits + l_highway + l_gdp,1.0988552824532454,0
ridge_100,lagged,23,Maine,2019,4500000,5883920.441581502,4040000,4245000,140,2018,2016,l_lag_y + l_permits + l_highway + l_gdp,1.0988552824532454,0
ridge_100,lagged,24,Maryland,2019,25700000,25997589.86379632,22500000,22900000,140,2018,2016,l_lag_y + l_permits + l_highway + l_gdp,1.0988552824532454,0
ridge_100,lagged,26,Michigan,2019,35400000,30460438.43992006,37400000,35375000,140,2018,2016,l_lag_y + l_permits + l_highway + l_gdp,1.0988552824532454,0
ridge_100,lagged,27,Minnesota,2019,8010000,14998150.924159363,7710000,7487500,140,2018,2016,l_lag_y + l_permits + l_highway + l_gdp,1.0988552824532454,0
ridge_100,lagged,28,Mississippi,2019,2090000,5358781.831870884,2060000,2055000,140,2018,2016,l_lag_y + l_permits + l_highway + l_gdp,1.0988552824532454,0
ridge_100,lagged,29,Missouri,2019,74000000,35897673.271466814,71400000,72200000,140,2018,2016,l_lag_y + l_permits + l_highway + l_gdp,1.0988552824532454,0
ridge_100,lagged,30,Montana,2019,2900000,5195184.579770467,2760000,2767500,140,2018,2016,l_lag_y + l_permits + l_highway + l_gdp,1.0988552824532454,0
ridge_100,lagged,32,Nevada,2019,12400000,15847296.457030572,12200000,10572500,140,2018,2016,l_lag_y + l_permits + l_highway + l_gdp,1.0988552824532454,0
ridge_100,lagged,33,New Hampshire,2019,5430000,6188673.556562129,5250000,5412500,140,2018,2016,l_lag_y + l_permits + l_highway + l_gdp,1.0988552824532454,0
ridge_100,lagged,34,New Jersey,2019,18400000,27130378.373822633,17800000,17350000,140,2018,2016,l_lag_y + l_permits + l_highway + l_gdp,1.0988552824532454,0
ridge_100,lagged,35,New Mexico,2019,4220000,6544303.075047216,4300000,4670000,140,2018,2016,l_lag_y + l_permits + l_highway + l_gdp,1.0988552824532454,0
ridge_100,lagged,36,New York,2019,39100000,45860453.54383364,39800000,38950000,140,2018,2016,l_lag_y + l_permits + l_highway + l_gdp,1.0988552824532454,0
ridge_100,lagged,37,North Carolina,2019,60700000,54491008.59397993,56100000,54900000,140,2018,2016,l_lag_y + l_permits + l_highway + l_gdp,1.0988552824532454,0
ridge_100,lagged,38,North Dakota,2019,337000,1772226.3819519903,326000,568750,140,2018,2016,l_lag_y + l_permits + l_highway + l_gdp,1.0988552824532454,0
ridge_100,lagged,39,Ohio,2019,67900000,45702567.349362455,66000000,61550000,140,2018,2016,l_lag_y + l_permits + l_highway + l_gdp,1.0988552824532454,0
ridge_100,lagged,40,Oklahoma,2019,38400000,24513412.32160537,36800000,37050000,140,2018,2016,l_lag_y + l_permits + l_highway + l_gdp,1.0988552824532454,0
ridge_100,lagged,42,Pennsylvania,2019,95500000,59176729.53550312,87600000,88250000,140,2018,2016,l_lag_y + l_permits + l_highway + l_gdp,1.0988552824532454,0
ridge_100,lagged,44,Rhode Island,2019,1930000,3148115.909343606,1800000,2167500,140,2018,2016,l_lag_y + l_permits + l_highway + l_gdp,1.0988552824532454,0
ridge_100,lagged,45,South Carolina,2019,29200000,27080409.795163546,27500000,27100000,140,2018,2016,l_lag_y + l_permits + l_highway + l_gdp,1.0988552824532454,0
ridge_100,lagged,46,South Dakota,2019,6940000,6394518.527119008,6520000,6597500,140,2018,2016,l_lag_y + l_permits + l_highway + l_gdp,1.0988552824532454,0
ridge_100,lagged,47,Tennessee,2019,50400000,33617066.69236316,45100000,43750000,140,2018,2016,l_lag_y + l_permits + l_highway + l_gdp,1.0988552824532454,0
ridge_100,lagged,48,Texas,2019,191000000,141510621.7096875,178000000,163500000,140,2018,2016,l_lag_y + l_permits + l_highway + l_gdp,1.0988552824532454,0
ridge_100,lagged,49,Utah,2019,10800000,15852863.170833679,10100000,9020000,140,2018,2016,l_lag_y + l_permits + l_highway + l_gdp,1.0988552824532454,0
ridge_100,lagged,50,Vermont,2019,5400000,4668397.473731884,5080000,4832500,140,2018,2016,l_lag_y + l_permits + l_highway + l_gdp,1.0988552824532454,0
ridge_100,lagged,51,Virginia,2019,51400000,42905949.413703196,49500000,49750000,140,2018,2016,l_lag_y + l_permits + l_highway + l_gdp,1.0988552824532454,0
ridge_100,lagged,53,Washington,2019,15400000,26044985.537803847,15700000,15300000,140,2018,2016,l_lag_y + l_permits + l_highway + l_gdp,1.0988552824532454,0
ridge_100,lagged,54,West Virginia,2019,16900000,14019367.769535404,15600000,14575000,140,2018,2016,l_lag_y + l_permits + l_highway + l_gdp,1.0988552824532454,0
ridge_100,lagged,55,Wisconsin,2019,27800000,23905988.737898167,26300000,24750000,140,2018,2016,l_lag_y + l_permits + l_highway + l_gdp,1.0988552824532454,0
ridge_100,lagged,56,Wyoming,2019,10900000,6993679.549345635,9330000,11857500,140,2018,2016,l_lag_y + l_permits + l_highway + l_gdp,1.0988552824532454,0
ridge_100,lagged,01,Alabama,2020,40700000,30166404.431504432,41100000,37680000,185,2019,2016,l_lag_y + l_permits + l_highway + l_gdp,1.0817957453707534,0
ridge_100,lagged,02,Alaska,2020,1530000,3378028.2374276095,1540000,1158000,185,2019,2016,l_lag_y + l_permits + l_highway + l_gdp,1.0817957453707534,0
ridge_100,lagged,04,Arizona,2020,11000000,19371890.397435267,10900000,10444000,185,2019,2016,l_lag_y + l_permits + l_highway + l_gdp,1.0817957453707534,0
ridge_100,lagged,05,Arkansas,2020,31100000,20922225.737346467,29600000,29340000,185,2019,2016,l_lag_y + l_permits + l_highway + l_gdp,1.0817957453707534,0
ridge_100,lagged,06,California,2020,40300000,65471887.69503666,41900000,39600000,185,2019,2016,l_lag_y + l_permits + l_highway + l_gdp,1.0817957453707534,0
ridge_100,lagged,08,Colorado,2020,17300000,22807214.089781255,16600000,15440000,185,2019,2016,l_lag_y + l_permits + l_highway + l_gdp,1.0817957453707534,0
ridge_100,lagged,09,Connecticut,2020,10300000,12068087.92431983,10500000,9738000,185,2019,2016,l_lag_y + l_permits + l_highway + l_gdp,1.0817957453707534,0
ridge_100,lagged,12,Florida,2020,83400000,92004889.40418953,81300000,75200000,185,2019,2016,l_lag_y + l_permits + l_highway + l_gdp,1.0817957453707534,0
ridge_100,lagged,13,Georgia,2020,59300000,48236791.68538303,57600000,53180000,185,2019,2016,l_lag_y + l_permits + l_highway + l_gdp,1.0817957453707534,0
ridge_100,lagged,15,Hawaii,2020,5880000,6511116.66946352,5770000,5186000,185,2019,2016,l_lag_y + l_permits + l_highway + l_gdp,1.0817957453707534,0
ridge_100,lagged,16,Idaho,2020,4620000,7713391.849887928,4210000,4540000,185,2019,2016,l_lag_y + l_permits + l_highway + l_gdp,1.0817957453707534,0
ridge_100,lagged,17,Illinois,2020,53700000,44796884.717579596,49800000,50520000,185,2019,2016,l_lag_y + l_permits + l_highway + l_gdp,1.0817957453707534,0
ridge_100,lagged,18,Indiana,2020,52400000,37856825.08426265,51400000,49520000,185,2019,2016,l_lag_y + l_permits + l_highway + l_gdp,1.0817957453707534,0
ridge_100,lagged,19,Iowa,2020,39600000,26740318.042651676,41700000,38740000,185,2019,2016,l_lag_y + l_permits + l_highway + l_gdp,1.0817957453707534,0
ridge_100,lagged,20,Kansas,2020,17800000,13050657.53425623,15100000,16280000,185,2019,2016,l_lag_y + l_permits + l_highway + l_gdp,1.0817957453707534,0
ridge_100,lagged,21,Kentucky,2020,50000000,30913604.474884234,52100000,51600000,185,2019,2016,l_lag_y + l_permits + l_highway + l_gdp,1.0817957453707534,0
ridge_100,lagged,23,Maine,2020,4690000,5955211.423716889,4500000,4296000,185,2019,2016,l_lag_y + l_permits + l_highway + l_gdp,1.0817957453707534,0
ridge_100,lagged,24,Maryland,2020,24600000,27499339.578269336,25700000,23460000,185,2019,2016,l_lag_y + l_permits + l_highway + l_gdp,1.0817957453707534,0
ridge_100,lagged,25,Massachusetts,2020,13000000,17865647.420540392,13400000,12980000,185,2019,2016,l_lag_y + l_permits + l_highway + l_gdp,1.0817957453707534,0
ridge_100,lagged,26,Michigan,2020,32800000,31272057.508527953,35400000,35380000,185,2019,2016,l_lag_y + l_permits + l_highway + l_gdp,1.0817957453707534,0
ridge_100,lagged,27,Minnesota,2020,8580000,15117412.299685327,8010000,7592000,185,2019,2016,l_lag_y + l_permits + l_highway + l_gdp,1.0817957453707534,0
ridge_100,lagged,28,Mississippi,2020,1320000,4878563.246284664,2090000,2062000,185,2019,2016,l_lag_y + l_permits + l_highway + l_gdp,1.0817957453707534,0
ridge_100,lagged,29,Missouri,2020,81700000,38172698.453627236,74000000,72560000,185,2019,2016,l_lag_y + l_permits + l_highway + l_gdp,1.0817957453707534,0
ridge_100,lagged,30,Montana,2020,2890000,5005094.362905406,2900000,2794000,185,2019,2016,l_lag_y + l_permits + l_highway + l_gdp,1.0817957453707534,0
ridge_100,lagged,32,Nevada,2020,11200000,15690317.111971445,12400000,10938000,185,2019,2016,l_lag_y + l_permits + l_highway + l_gdp,1.0817957453707534,0
ridge_100,lagged,33,New Hampshire,2020,5310000,6035389.1423516525,5430000,5416000,185,2019,2016,l_lag_y + l_permits + l_highway + l_gdp,1.0817957453707534,0
ridge_100,lagged,34,New Jersey,2020,17300000,28159100.635388937,18400000,17560000,185,2019,2016,l_lag_y + l_permits + l_highway + l_gdp,1.0817957453707534,0
ridge_100,lagged,35,New Mexico,2020,4930000,6157762.365949833,4220000,4580000,185,2019,2016,l_lag_y + l_permits + l_highway + l_gdp,1.0817957453707534,0
ridge_100,lagged,36,New York,2020,36700000,49670403.10996461,39100000,38980000,185,2019,2016,l_lag_y + l_permits + l_highway + l_gdp,1.0817957453707534,0
ridge_100,lagged,37,North Carolina,2020,55900000,61269894.576661214,60700000,56060000,185,2019,2016,l_lag_y + l_permits + l_highway + l_gdp,1.0817957453707534,0
ridge_100,lagged,38,North Dakota,2020,411000,1537929.7540295755,337000,522400,185,2019,2016,l_lag_y + l_permits + l_highway + l_gdp,1.0817957453707534,0
ridge_100,lagged,39,Ohio,2020,66800000,47982793.35263104,67900000,62820000,185,2019,2016,l_lag_y + l_permits + l_highway + l_gdp,1.0817957453707534,0
ridge_100,lagged,40,Oklahoma,2020,38300000,26652177.43138761,38400000,37320000,185,2019,2016,l_lag_y + l_permits + l_highway + l_gdp,1.0817957453707534,0
ridge_100,lagged,42,Pennsylvania,2020,88500000,65183366.786092676,95500000,89700000,185,2019,2016,l_lag_y + l_permits + l_highway + l_gdp,1.0817957453707534,0
ridge_100,lagged,44,Rhode Island,2020,2030000,3187298.348653331,1930000,2120000,185,2019,2016,l_lag_y + l_permits + l_highway + l_gdp,1.0817957453707534,0
ridge_100,lagged,45,South Carolina,2020,27900000,30430588.07438268,29200000,27520000,185,2019,2016,l_lag_y + l_permits + l_highway + l_gdp,1.0817957453707534,0
ridge_100,lagged,46,South Dakota,2020,8000000,6411735.503143513,6940000,6666000,185,2019,2016,l_lag_y + l_permits + l_highway + l_gdp,1.0817957453707534,0
ridge_100,lagged,47,Tennessee,2020,52300000,37579926.59640612,50400000,45080000,185,2019,2016,l_lag_y + l_permits + l_highway + l_gdp,1.0817957453707534,0
ridge_100,lagged,48,Texas,2020,189000000,164235779.75370628,191000000,169000000,185,2019,2016,l_lag_y + l_permits + l_highway + l_gdp,1.0817957453707534,0
ridge_100,lagged,49,Utah,2020,12300000,16200541.145559305,10800000,9376000,185,2019,2016,l_lag_y + l_permits + l_highway + l_gdp,1.0817957453707534,0
ridge_100,lagged,50,Vermont,2020,5230000,4480892.711110338,5400000,4946000,185,2019,2016,l_lag_y + l_permits + l_highway + l_gdp,1.0817957453707534,0
ridge_100,lagged,51,Virginia,2020,53100000,41582407.11181095,51400000,50080000,185,2019,2016,l_lag_y + l_permits + l_highway + l_gdp,1.0817957453707534,0
ridge_100,lagged,53,Washington,2020,15200000,25168790.631161235,15400000,15320000,185,2019,2016,l_lag_y + l_permits + l_highway + l_gdp,1.0817957453707534,0
ridge_100,lagged,54,West Virginia,2020,13600000,12744860.027796699,16900000,15040000,185,2019,2016,l_lag_y + l_permits + l_highway + l_gdp,1.0817957453707534,0
ridge_100,lagged,55,Wisconsin,2020,25100000,26009397.09929214,27800000,25360000,185,2019,2016,l_lag_y + l_permits + l_highway + l_gdp,1.0817957453707534,0
ridge_100,lagged,56,Wyoming,2020,9560000,7656850.869619712,10900000,11666000,185,2019,2016,l_lag_y + l_permits + l_highway + l_gdp,1.0817957453707534,0
ridge_100,lagged,01,Alabama,2021,43800000,30225955.059630632,40700000,38183333.333333336,231,2020,2016,l_lag_y + l_permits + l_highway + l_gdp,1.069396063047386,0
ridge_100,lagged,02,Alaska,2021,807000,2882300.857854954,1530000,1220000,231,2020,2016,l_lag_y + l_permits + l_highway + l_gdp,1.069396063047386,0
ridge_100,lagged,04,Arizona,2021,11400000,18520314.426598575,11000000,10536666.666666666,231,2020,2016,l_lag_y + l_permits + l_highway + l_gdp,1.069396063047386,0
ridge_100,lagged,05,Arkansas,2021,34100000,22279005.12513024,31100000,29633333.333333332,231,2020,2016,l_lag_y + l_permits + l_highway + l_gdp,1.069396063047386,0
ridge_100,lagged,06,California,2021,38300000,62957678.34271655,40300000,39716666.666666664,231,2020,2016,l_lag_y + l_permits + l_highway + l_gdp,1.069396063047386,0
ridge_100,lagged,08,Colorado,2021,17000000,23442130.934106804,17300000,15750000,231,2020,2016,l_lag_y + l_permits + l_highway + l_gdp,1.069396063047386,0
ridge_100,lagged,09,Connecticut,2021,10400000,11497782.828564383,10300000,9831666.666666666,231,2020,2016,l_lag_y + l_permits + l_highway + l_gdp,1.069396063047386,0
ridge_100,lagged,12,Florida,2021,86600000,94305312.78246106,83400000,76566666.66666667,231,2020,2016,l_lag_y + l_permits + l_highway + l_gdp,1.069396063047386,0
ridge_100,lagged,13,Georgia,2021,61200000,51026296.65178376,59300000,54200000,231,2020,2016,l_lag_y + l_permits + l_highway + l_gdp,1.069396063047386,0
ridge_100,lagged,15,Hawaii,2021,5850000,6242006.063210176,5880000,5301666.666666667,231,2020,2016,l_lag_y + l_permits + l_highway + l_gdp,1.069396063047386,0
ridge_100,lagged,16,Idaho,2021,5370000,7522068.509045943,4620000,4553333.333333333,231,2020,2016,l_lag_y + l_permits + l_highway + l_gdp,1.069396063047386,0
ridge_100,lagged,17,Illinois,2021,51500000,48288530.007000804,53700000,51050000,231,2020,2016,l_lag_y + l_permits + l_highway + l_gdp,1.069396063047386,0
ridge_100,lagged,18,Indiana,2021,52300000,40778346.70987646,52400000,50000000,231,2020,2016,l_lag_y + l_permits + l_highway + l_gdp,1.069396063047386,0
ridge_100,lagged,19,Iowa,2021,35600000,27796658.000976395,39600000,38883333.333333336,231,2020,2016,l_lag_y + l_permits + l_highway + l_gdp,1.069396063047386,0
ridge_100,lagged,20,Kansas,2021,19400000,15244448.846816488,17800000,16533333.333333334,231,2020,2016,l_lag_y + l_permits + l_highway + l_gdp,1.069396063047386,0
ridge_100,lagged,21,Kentucky,2021,51100000,31465946.24949983,50000000,51333333.333333336,231,2020,2016,l_lag_y + l_permits + l_highway + l_gdp,1.069396063047386,0
ridge_100,lagged,23,Maine,2021,4700000,6092725.281244921,4690000,4361666.666666667,231,2020,2016,l_lag_y + l_permits + l_highway + l_gdp,1.069396063047386,0
ridge_100,lagged,24,Maryland,2021,25700000,26604869.57998433,24600000,23650000,231,2020,2016,l_lag_y + l_permits + l_highway + l_gdp,1.069396063047386,0
ridge_100,lagged,26,Michigan,2021,36000000,30078050.709014706,32800000,34950000,231,2020,2016,l_lag_y + l_permits + l_highway + l_gdp,1.069396063047386,0
ridge_100,lagged,27,Minnesota,2021,9130000,14798589.434464537,8580000,7756666.666666667,231,2020,2016,l_lag_y + l_permits + l_highway + l_gdp,1.069396063047386,0
ridge_100,lagged,28,Mississippi,2021,1320000,3509494.1254642834,1320000,1938333.3333333333,231,2020,2016,l_lag_y + l_permits + l_highway + l_gdp,1.069396063047386,0
ridge_100,lagged,29,Missouri,2021,85500000,44841514.7986699,81700000,74083333.33333333,231,2020,2016,l_lag_y + l_permits + l_highway + l_gdp,1.069396063047386,0
ridge_100,lagged,30,Montana,2021,2890000,4901652.258966172,2890000,2810000,231,2020,2016,l_lag_y + l_permits + l_highway + l_gdp,1.069396063047386,0
ridge_100,lagged,32,Nevada,2021,9960000,13694480.623641992,11200000,10981666.666666666,231,2020,2016,l_lag_y + l_permits + l_highway + l_gdp,1.069396063047386,0
ridge_100,lagged,33,New Hampshire,2021,5070000,5651808.8250093125,5310000,5398333.333333333,231,2020,2016,l_lag_y + l_permits + l_highway + l_gdp,1.069396063047386,0
ridge_100,lagged,34,New Jersey,2021,17700000,25792291.32129788,17300000,17516666.666666668,231,2020,2016,l_lag_y + l_permits + l_highway + l_gdp,1.069396063047386,0
ridge_100,lagged,35,New Mexico,2021,4270000,6451623.895973001,4930000,4638333.333333333,231,2020,2016,l_lag_y + l_permits + l_highway + l_gdp,1.069396063047386,0
ridge_100,lagged,36,New York,2021,40600000,46162577.035308905,36700000,38600000,231,2020,2016,l_lag_y + l_permits + l_highway + l_gdp,1.069396063047386,0
ridge_100,lagged,37,North Carolina,2021,62300000,59177360.47319542,55900000,56033333.333333336,231,2020,2016,l_lag_y + l_permits + l_highway + l_gdp,1.069396063047386,0
ridge_100,lagged,38,North Dakota,2021,321000,1499704.2722831692,411000,503833.3333333333,231,2020,2016,l_lag_y + l_permits + l_highway + l_gdp,1.069396063047386,0
ridge_100,lagged,39,Ohio,2021,72600000,51389970.90327525,66800000,63483333.333333336,231,2020,2016,l_lag_y + l_permits + l_highway + l_gdp,1.069396063047386,0
ridge_100,lagged,40,Oklahoma,2021,41500000,27999617.12670505,38300000,37483333.333333336,231,2020,2016,l_lag_y + l_permits + l_highway + l_gdp,1.069396063047386,0
ridge_100,lagged,41,Oregon,2021,21600000,21131393.30913531,20200000,20266666.666666668,231,2020,2016,l_lag_y + l_permits + l_highway + l_gdp,1.069396063047386,0
ridge_100,lagged,42,Pennsylvania,2021,93400000,64524507.89983049,88500000,89500000,231,2020,2016,l_lag_y + l_permits + l_highway + l_gdp,1.069396063047386,0
ridge_100,lagged,44,Rhode Island,2021,2150000,3081989.807414102,2030000,2105000,231,2020,2016,l_lag_y + l_permits + l_highway + l_gdp,1.069396063047386,0
ridge_100,lagged,45,South Carolina,2021,31000000,30507150.77044736,27900000,27583333.333333332,231,2020,2016,l_lag_y + l_permits + l_highway + l_gdp,1.069396063047386,0
ridge_100,lagged,46,South Dakota,2021,8300000,7906518.776075418,8000000,6888333.333333333,231,2020,2016,l_lag_y + l_permits + l_highway + l_gdp,1.069396063047386,0
ridge_100,lagged,47,Tennessee,2021,56900000,41105099.94106753,52300000,46283333.333333336,231,2020,2016,l_lag_y + l_permits + l_highway + l_gdp,1.069396063047386,0
ridge_100,lagged,48,Texas,2021,190000000,174040359.19772136,189000000,172333333.33333334,231,2020,2016,l_lag_y + l_permits + l_highway + l_gdp,1.069396063047386,0
ridge_100,lagged,49,Utah,2021,13200000,17638566.4872067,12300000,9863333.333333334,231,2020,2016,l_lag_y + l_permits + l_highway + l_gdp,1.069396063047386,0
ridge_100,lagged,50,Vermont,2021,5320000,4469590.8616298605,5230000,4993333.333333333,231,2020,2016,l_lag_y + l_permits + l_highway + l_gdp,1.069396063047386,0
ridge_100,lagged,51,Virginia,2021,54700000,44441940.31832909,53100000,50583333.333333336,231,2020,2016,l_lag_y + l_permits + l_highway + l_gdp,1.069396063047386,0
ridge_100,lagged,53,Washington,2021,16700000,23564243.650519013,15200000,15300000,231,2020,2016,l_lag_y + l_permits + l_highway + l_gdp,1.069396063047386,0
ridge_100,lagged,54,West Virginia,2021,14200000,11969764.468162853,13600000,14800000,231,2020,2016,l_lag_y + l_permits + l_highway + l_gdp,1.069396063047386,0
ridge_100,lagged,55,Wisconsin,2021,25700000,25624011.352698978,25100000,25316666.666666668,231,2020,2016,l_lag_y + l_permits + l_highway + l_gdp,1.069396063047386,0
ridge_100,lagged,56,Wyoming,2021,7440000,7487254.476648026,9560000,11315000,231,2020,2016,l_lag_y + l_permits + l_highway + l_gdp,1.069396063047386,0
forest_m2_n5,lagged,01,Alabama,2019,41100000,37967093.340646066,36900000,36825000,140,2018,2016,l_lag_y + l_permits + l_highway + l_gdp,1.0002191259157145,0
forest_m2_n5,lagged,02,Alaska,2019,1540000,1433928.811862934,1400000,1062500,140,2018,2016,l_lag_y + l_permits + l_highway + l_gdp,1.0002191259157145,0
forest_m2_n5,lagged,04,Arizona,2019,10900000,12328356.017652245,11800000,10330000,140,2018,2016,l_lag_y + l_permits + l_highway + l_gdp,1.0002191259157145,0
forest_m2_n5,lagged,05,Arkansas,2019,29600000,27083202.87033695,29000000,29275000,140,2018,2016,l_lag_y + l_permits + l_highway + l_gdp,1.0002191259157145,0
forest_m2_n5,lagged,06,California,2019,41900000,41996563.697287515,41100000,39025000,140,2018,2016,l_lag_y + l_permits + l_highway + l_gdp,1.0002191259157145,0
forest_m2_n5,lagged,08,Colorado,2019,16600000,17157955.976911485,14800000,15150000,140,2018,2016,l_lag_y + l_permits + l_highway + l_gdp,1.0002191259157145,0
forest_m2_n5,lagged,09,Connecticut,2019,10500000,9498493.66880217,9520000,9547500,140,2018,2016,l_lag_y + l_permits + l_highway + l_gdp,1.0002191259157145,0
forest_m2_n5,lagged,12,Florida,2019,81300000,99412853.62319103,76800000,73675000,140,2018,2016,l_lag_y + l_permits + l_highway + l_gdp,1.0002191259157145,0
forest_m2_n5,lagged,13,Georgia,2019,57600000,53131635.539175294,53300000,52075000,140,2018,2016,l_lag_y + l_permits + l_highway + l_gdp,1.0002191259157145,0
forest_m2_n5,lagged,15,Hawaii,2019,5770000,4851467.242133492,4680000,5040000,140,2018,2016,l_lag_y + l_permits + l_highway + l_gdp,1.0002191259157145,0
forest_m2_n5,lagged,16,Idaho,2019,4210000,4375631.789473143,4600000,4622500,140,2018,2016,l_lag_y + l_permits + l_highway + l_gdp,1.0002191259157145,0
forest_m2_n5,lagged,17,Illinois,2019,49800000,52207006.76213252,48600000,50700000,140,2018,2016,l_lag_y + l_permits + l_highway + l_gdp,1.0002191259157145,0
forest_m2_n5,lagged,18,Indiana,2019,51400000,48112276.41796271,50300000,49050000,140,2018,2016,l_lag_y + l_permits + l_highway + l_gdp,1.0002191259157145,0
forest_m2_n5,lagged,19,Iowa,2019,41700000,38621855.99569721,39200000,38000000,140,2018,2016,l_lag_y + l_permits + l_highway + l_gdp,1.0002191259157145,0
forest_m2_n5,lagged,20,Kansas,2019,15100000,14646690.625453195,15400000,16575000,140,2018,2016,l_lag_y + l_permits + l_highway + l_gdp,1.0002191259157145,0
forest_m2_n5,lagged,21,Kentucky,2019,52100000,46561266.61120588,49700000,51475000,140,2018,2016,l_lag_y + l_permits + l_highway + l_gdp,1.0002191259157145,0
forest_m2_n5,lagged,23,Maine,2019,4500000,4316142.3225442385,4040000,4245000,140,2018,2016,l_lag_y + l_permits + l_highway + l_gdp,1.0002191259157145,0
forest_m2_n5,lagged,24,Maryland,2019,25700000,24536393.40573379,22500000,22900000,140,2018,2016,l_lag_y + l_permits + l_highway + l_gdp,1.0002191259157145,0
forest_m2_n5,lagged,26,Michigan,2019,35400000,36721330.29997784,37400000,35375000,140,2018,2016,l_lag_y + l_permits + l_highway + l_gdp,1.0002191259157145,0
forest_m2_n5,lagged,27,Minnesota,2019,8010000,8488788.447367782,7710000,7487500,140,2018,2016,l_lag_y + l_permits + l_highway + l_gdp,1.0002191259157145,0
forest_m2_n5,lagged,28,Mississippi,2019,2090000,2011832.2718352021,2060000,2055000,140,2018,2016,l_lag_y + l_permits + l_highway + l_gdp,1.0002191259157145,0
forest_m2_n5,lagged,29,Missouri,2019,74000000,63754356.00595603,71400000,72200000,140,2018,2016,l_lag_y + l_permits + l_highway + l_gdp,1.0002191259157145,0
forest_m2_n5,lagged,30,Montana,2019,2900000,2604043.5399605674,2760000,2767500,140,2018,2016,l_lag_y + l_permits + l_highway + l_gdp,1.0002191259157145,0
forest_m2_n5,lagged,32,Nevada,2019,12400000,13525830.591157671,12200000,10572500,140,2018,2016,l_lag_y + l_permits + l_highway + l_gdp,1.0002191259157145,0
forest_m2_n5,lagged,33,New Hampshire,2019,5430000,5000520.526073653,5250000,5412500,140,2018,2016,l_lag_y + l_permits + l_highway + l_gdp,1.0002191259157145,0
forest_m2_n5,lagged,34,New Jersey,2019,18400000,18049664.04872656,17800000,17350000,140,2018,2016,l_lag_y + l_permits + l_highway + l_gdp,1.0002191259157145,0
forest_m2_n5,lagged,35,New Mexico,2019,4220000,4156662.676814095,4300000,4670000,140,2018,2016,l_lag_y + l_permits + l_highway + l_gdp,1.0002191259157145,0
forest_m2_n5,lagged,36,New York,2019,39100000,40066098.340913236,39800000,38950000,140,2018,2016,l_lag_y + l_permits + l_highway + l_gdp,1.0002191259157145,0
forest_m2_n5,lagged,37,North Carolina,2019,60700000,53993150.06466029,56100000,54900000,140,2018,2016,l_lag_y + l_permits + l_highway + l_gdp,1.0002191259157145,0
forest_m2_n5,lagged,38,North Dakota,2019,337000,940366.9652824327,326000,568750,140,2018,2016,l_lag_y + l_permits + l_highway + l_gdp,1.0002191259157145,0
forest_m2_n5,lagged,39,Ohio,2019,67900000,66274678.304086156,66000000,61550000,140,2018,2016,l_lag_y + l_permits + l_highway + l_gdp,1.0002191259157145,0
forest_m2_n5,lagged,40,Oklahoma,2019,38400000,36484997.75438187,36800000,37050000,140,2018,2016,l_lag_y + l_permits + l_highway + l_gdp,1.0002191259157145,0
forest_m2_n5,lagged,42,Pennsylvania,2019,95500000,79733100.46256743,87600000,88250000,140,2018,2016,l_lag_y + l_permits + l_highway + l_gdp,1.0002191259157145,0
forest_m2_n5,lagged,44,Rhode Island,2019,1930000,1981839.0764170045,1800000,2167500,140,2018,2016,l_lag_y + l_permits + l_highway + l_gdp,1.0002191259157145,0
forest_m2_n5,lagged,45,South Carolina,2019,29200000,28585091.72051613,27500000,27100000,140,2018,2016,l_lag_y + l_permits + l_highway + l_gdp,1.0002191259157145,0
forest_m2_n5,lagged,46,South Dakota,2019,6940000,6414531.980240625,6520000,6597500,140,2018,2016,l_lag_y + l_permits + l_highway + l_gdp,1.0002191259157145,0
forest_m2_n5,lagged,47,Tennessee,2019,50400000,45254827.45728445,45100000,43750000,140,2018,2016,l_lag_y + l_permits + l_highway + l_gdp,1.0002191259157145,0
forest_m2_n5,lagged,48,Texas,2019,191000000,155536347.4688175,178000000,163500000,140,2018,2016,l_lag_y + l_permits + l_highway + l_gdp,1.0002191259157145,0
forest_m2_n5,lagged,49,Utah,2019,10800000,10629113.099272393,10100000,9020000,140,2018,2016,l_lag_y + l_permits + l_highway + l_gdp,1.0002191259157145,0
forest_m2_n5,lagged,50,Vermont,2019,5400000,4985881.097067963,5080000,4832500,140,2018,2016,l_lag_y + l_permits + l_highway + l_gdp,1.0002191259157145,0
forest_m2_n5,lagged,51,Virginia,2019,51400000,51450114.927641466,49500000,49750000,140,2018,2016,l_lag_y + l_permits + l_highway + l_gdp,1.0002191259157145,0
forest_m2_n5,lagged,53,Washington,2019,15400000,18688390.118296668,15700000,15300000,140,2018,2016,l_lag_y + l_permits + l_highway + l_gdp,1.0002191259157145,0
forest_m2_n5,lagged,54,West Virginia,2019,16900000,14044763.261613254,15600000,14575000,140,2018,2016,l_lag_y + l_permits + l_highway + l_gdp,1.0002191259157145,0
forest_m2_n5,lagged,55,Wisconsin,2019,27800000,27165522.660782006,26300000,24750000,140,2018,2016,l_lag_y + l_permits + l_highway + l_gdp,1.0002191259157145,0
forest_m2_n5,lagged,56,Wyoming,2019,10900000,8806368.588954208,9330000,11857500,140,2018,2016,l_lag_y + l_permits + l_highway + l_gdp,1.0002191259157145,0
forest_m2_n5,lagged,01,Alabama,2020,40700000,41282939.408236265,41100000,37680000,185,2019,2016,l_lag_y + l_permits + l_highway + l_gdp,0.9991506804557803,0
forest_m2_n5,lagged,02,Alaska,2020,1530000,1603570.3895769233,1540000,1158000,185,2019,2016,l_lag_y + l_permits + l_highway + l_gdp,0.9991506804557803,0
forest_m2_n5,lagged,04,Arizona,2020,11000000,10923843.070235115,10900000,10444000,185,2019,2016,l_lag_y + l_permits + l_highway + l_gdp,0.9991506804557803,0
forest_m2_n5,lagged,05,Arkansas,2020,31100000,28584625.87000624,29600000,29340000,185,2019,2016,l_lag_y + l_permits + l_highway + l_gdp,0.9991506804557803,0
forest_m2_n5,lagged,06,California,2020,40300000,41915171.07610473,41900000,39600000,185,2019,2016,l_lag_y + l_permits + l_highway + l_gdp,0.9991506804557803,0
forest_m2_n5,lagged,08,Colorado,2020,17300000,16570820.1434461,16600000,15440000,185,2019,2016,l_lag_y + l_permits + l_highway + l_gdp,0.9991506804557803,0
forest_m2_n5,lagged,09,Connecticut,2020,10300000,9982434.663311051,10500000,9738000,185,2019,2016,l_lag_y + l_permits + l_highway + l_gdp,0.9991506804557803,0
forest_m2_n5,lagged,12,Florida,2020,83400000,87434320.16267848,81300000,75200000,185,2019,2016,l_lag_y + l_permits + l_highway + l_gdp,0.9991506804557803,0
forest_m2_n5,lagged,13,Georgia,2020,59300000,58461465.778159134,57600000,53180000,185,2019,2016,l_lag_y + l_permits + l_highway + l_gdp,0.9991506804557803,0
forest_m2_n5,lagged,15,Hawaii,2020,5880000,5238042.222264322,5770000,5186000,185,2019,2016,l_lag_y + l_permits + l_highway + l_gdp,0.9991506804557803,0
forest_m2_n5,lagged,16,Idaho,2020,4620000,4605500.059157789,4210000,4540000,185,2019,2016,l_lag_y + l_permits + l_highway + l_gdp,0.9991506804557803,0
forest_m2_n5,lagged,17,Illinois,2020,53700000,51202082.80122808,49800000,50520000,185,2019,2016,l_lag_y + l_permits + l_highway + l_gdp,0.9991506804557803,0
forest_m2_n5,lagged,18,Indiana,2020,52400000,49763326.34490974,51400000,49520000,185,2019,2016,l_lag_y + l_permits + l_highway + l_gdp,0.9991506804557803,0
forest_m2_n5,lagged,19,Iowa,2020,39600000,41758556.0975908,41700000,38740000,185,2019,2016,l_lag_y + l_permits + l_highway + l_gdp,0.9991506804557803,0
forest_m2_n5,lagged,20,Kansas,2020,17800000,13357505.995875368,15100000,16280000,185,2019,2016,l_lag_y + l_permits + l_highway + l_gdp,0.9991506804557803,0
forest_m2_n5,lagged,21,Kentucky,2020,50000000,49354752.49019672,52100000,51600000,185,2019,2016,l_lag_y + l_permits + l_highway + l_gdp,0.9991506804557803,0
forest_m2_n5,lagged,23,Maine,2020,4690000,4290122.162308677,4500000,4296000,185,2019,2016,l_lag_y + l_permits + l_highway + l_gdp,0.9991506804557803,0
forest_m2_n5,lagged,24,Maryland,2020,24600000,26247063.575721912,25700000,23460000,185,2019,2016,l_lag_y + l_permits + l_highway + l_gdp,0.9991506804557803,0
forest_m2_n5,lagged,25,Massachusetts,2020,13000000,15855010.985337226,13400000,12980000,185,2019,2016,l_lag_y + l_permits + l_highway + l_gdp,0.9991506804557803,0
forest_m2_n5,lagged,26,Michigan,2020,32800000,37034759.39612111,35400000,35380000,185,2019,2016,l_lag_y + l_permits + l_highway + l_gdp,0.9991506804557803,0
forest_m2_n5,lagged,27,Minnesota,2020,8580000,8773357.723254748,8010000,7592000,185,2019,2016,l_lag_y + l_permits + l_highway + l_gdp,0.9991506804557803,0
forest_m2_n5,lagged,28,Mississippi,2020,1320000,1921708.7535232531,2090000,2062000,185,2019,2016,l_lag_y + l_permits + l_highway + l_gdp,0.9991506804557803,0
forest_m2_n5,lagged,29,Missouri,2020,81700000,68545046.12875424,74000000,72560000,185,2019,2016,l_lag_y + l_permits + l_highway + l_gdp,0.9991506804557803,0
forest_m2_n5,lagged,30,Montana,2020,2890000,2741329.568411283,2900000,2794000,185,2019,2016,l_lag_y + l_permits + l_highway + l_gdp,0.9991506804557803,0
forest_m2_n5,lagged,32,Nevada,2020,11200000,12855549.641506582,12400000,10938000,185,2019,2016,l_lag_y + l_permits + l_highway + l_gdp,0.9991506804557803,0
forest_m2_n5,lagged,33,New Hampshire,2020,5310000,5097891.899454326,5430000,5416000,185,2019,2016,l_lag_y + l_permits + l_highway + l_gdp,0.9991506804557803,0
forest_m2_n5,lagged,34,New Jersey,2020,17300000,17976659.633149277,18400000,17560000,185,2019,2016,l_lag_y + l_permits + l_highway + l_gdp,0.9991506804557803,0
forest_m2_n5,lagged,35,New Mexico,2020,4930000,4168061.368422666,4220000,4580000,185,2019,2016,l_lag_y + l_permits + l_highway + l_gdp,0.9991506804557803,0
forest_m2_n5,lagged,36,New York,2020,36700000,39537362.89068165,39100000,38980000,185,2019,2016,l_lag_y + l_permits + l_highway + l_gdp,0.9991506804557803,0
forest_m2_n5,lagged,37,North Carolina,2020,55900000,63728382.72144975,60700000,56060000,185,2019,2016,l_lag_y + l_permits + l_highway + l_gdp,0.9991506804557803,0
forest_m2_n5,lagged,38,North Dakota,2020,411000,668397.5340765177,337000,522400,185,2019,2016,l_lag_y + l_permits + l_highway + l_gdp,0.9991506804557803,0
forest_m2_n5,lagged,39,Ohio,2020,66800000,67981184.02310967,67900000,62820000,185,2019,2016,l_lag_y + l_permits + l_highway + l_gdp,0.9991506804557803,0
forest_m2_n5,lagged,40,Oklahoma,2020,38300000,37638374.70828225,38400000,37320000,185,2019,2016,l_lag_y + l_permits + l_highway + l_gdp,0.9991506804557803,0
forest_m2_n5,lagged,42,Pennsylvania,2020,88500000,85082428.84814377,95500000,89700000,185,2019,2016,l_lag_y + l_permits + l_highway + l_gdp,0.9991506804557803,0
forest_m2_n5,lagged,44,Rhode Island,2020,2030000,1920126.5608335773,1930000,2120000,185,2019,2016,l_lag_y + l_permits + l_highway + l_gdp,0.9991506804557803,0
forest_m2_n5,lagged,45,South Carolina,2020,27900000,28988680.776151937,29200000,27520000,185,2019,2016,l_lag_y + l_permits + l_highway + l_gdp,0.9991506804557803,0
forest_m2_n5,lagged,46,South Dakota,2020,8000000,6364408.498697983,6940000,6666000,185,2019,2016,l_lag_y + l_permits + l_highway + l_gdp,0.9991506804557803,0
forest_m2_n5,lagged,47,Tennessee,2020,52300000,49906544.56357698,50400000,45080000,185,2019,2016,l_lag_y + l_permits + l_highway + l_gdp,0.9991506804557803,0
forest_m2_n5,lagged,48,Texas,2020,189000000,169810217.91607073,191000000,169000000,185,2019,2016,l_lag_y + l_permits + l_highway + l_gdp,0.9991506804557803,0
forest_m2_n5,lagged,49,Utah,2020,12300000,10285043.821102275,10800000,9376000,185,2019,2016,l_lag_y + l_permits + l_highway + l_gdp,0.9991506804557803,0
forest_m2_n5,lagged,50,Vermont,2020,5230000,5223225.911442729,5400000,4946000,185,2019,2016,l_lag_y + l_permits + l_highway + l_gdp,0.9991506804557803,0
forest_m2_n5,lagged,51,Virginia,2020,53100000,50347088.235977925,51400000,50080000,185,2019,2016,l_lag_y + l_permits + l_highway + l_gdp,0.9991506804557803,0
forest_m2_n5,lagged,53,Washington,2020,15200000,18631635.663713742,15400000,15320000,185,2019,2016,l_lag_y + l_permits + l_highway + l_gdp,0.9991506804557803,0
forest_m2_n5,lagged,54,West Virginia,2020,13600000,13735686.95858406,16900000,15040000,185,2019,2016,l_lag_y + l_permits + l_highway + l_gdp,0.9991506804557803,0
forest_m2_n5,lagged,55,Wisconsin,2020,25100000,27585122.86501918,27800000,25360000,185,2019,2016,l_lag_y + l_permits + l_highway + l_gdp,0.9991506804557803,0
forest_m2_n5,lagged,56,Wyoming,2020,9560000,8084647.825002124,10900000,11666000,185,2019,2016,l_lag_y + l_permits + l_highway + l_gdp,0.9991506804557803,0
forest_m2_n5,lagged,01,Alabama,2021,43800000,40348861.676961534,40700000,38183333.333333336,231,2020,2016,l_lag_y + l_permits + l_highway + l_gdp,0.9995122662320689,0
forest_m2_n5,lagged,02,Alaska,2021,807000,1560128.2071408564,1530000,1220000,231,2020,2016,l_lag_y + l_permits + l_highway + l_gdp,0.9995122662320689,0
forest_m2_n5,lagged,04,Arizona,2021,11400000,11733681.063501382,11000000,10536666.666666666,231,2020,2016,l_lag_y + l_permits + l_highway + l_gdp,0.9995122662320689,0
forest_m2_n5,lagged,05,Arkansas,2021,34100000,30454379.516253248,31100000,29633333.333333332,231,2020,2016,l_lag_y + l_permits + l_highway + l_gdp,0.9995122662320689,0
forest_m2_n5,lagged,06,California,2021,38300000,47587689.47232659,40300000,39716666.666666664,231,2020,2016,l_lag_y + l_permits + l_highway + l_gdp,0.9995122662320689,0
forest_m2_n5,lagged,08,Colorado,2021,17000000,16683100.027220419,17300000,15750000,231,2020,2016,l_lag_y + l_permits + l_highway + l_gdp,0.9995122662320689,0
forest_m2_n5,lagged,09,Connecticut,2021,10400000,10223328.149523158,10300000,9831666.666666666,231,2020,2016,l_lag_y + l_permits + l_highway + l_gdp,0.9995122662320689,0
forest_m2_n5,lagged,12,Florida,2021,86600000,97618809.72134058,83400000,76566666.66666667,231,2020,2016,l_lag_y + l_permits + l_highway + l_gdp,0.9995122662320689,0
forest_m2_n5,lagged,13,Georgia,2021,61200000,60942481.783199884,59300000,54200000,231,2020,2016,l_lag_y + l_permits + l_highway + l_gdp,0.9995122662320689,0
forest_m2_n5,lagged,15,Hawaii,2021,5850000,5341630.634410252,5880000,5301666.666666667,231,2020,2016,l_lag_y + l_permits + l_highway + l_gdp,0.9995122662320689,0
forest_m2_n5,lagged,16,Idaho,2021,5370000,5533045.5576030975,4620000,4553333.333333333,231,2020,2016,l_lag_y + l_permits + l_highway + l_gdp,0.9995122662320689,0
forest_m2_n5,lagged,17,Illinois,2021,51500000,51877311.61595168,53700000,51050000,231,2020,2016,l_lag_y + l_permits + l_highway + l_gdp,0.9995122662320689,0
forest_m2_n5,lagged,18,Indiana,2021,52300000,51396778.51164217,52400000,50000000,231,2020,2016,l_lag_y + l_permits + l_highway + l_gdp,0.9995122662320689,0
forest_m2_n5,lagged,19,Iowa,2021,35600000,40456540.66166238,39600000,38883333.333333336,231,2020,2016,l_lag_y + l_permits + l_highway + l_gdp,0.9995122662320689,0
forest_m2_n5,lagged,20,Kansas,2021,19400000,15943108.424673643,17800000,16533333.333333334,231,2020,2016,l_lag_y + l_permits + l_highway + l_gdp,0.9995122662320689,0
forest_m2_n5,lagged,21,Kentucky,2021,51100000,49752786.3608134,50000000,51333333.333333336,231,2020,2016,l_lag_y + l_permits + l_highway + l_gdp,0.9995122662320689,0
forest_m2_n5,lagged,23,Maine,2021,4700000,4109115.1548296907,4690000,4361666.666666667,231,2020,2016,l_lag_y + l_permits + l_highway + l_gdp,0.9995122662320689,0
forest_m2_n5,lagged,24,Maryland,2021,25700000,25065985.928550784,24600000,23650000,231,2020,2016,l_lag_y + l_permits + l_highway + l_gdp,0.9995122662320689,0
forest_m2_n5,lagged,26,Michigan,2021,36000000,35052688.53526665,32800000,34950000,231,2020,2016,l_lag_y + l_permits + l_highway + l_gdp,0.9995122662320689,0
forest_m2_n5,lagged,27,Minnesota,2021,9130000,9049193.59508155,8580000,7756666.666666667,231,2020,2016,l_lag_y + l_permits + l_highway + l_gdp,0.9995122662320689,0
forest_m2_n5,lagged,28,Mississippi,2021,1320000,1602359.722654246,1320000,1938333.3333333333,231,2020,2016,l_lag_y + l_permits + l_highway + l_gdp,0.9995122662320689,0
forest_m2_n5,lagged,29,Missouri,2021,85500000,67545454.2163465,81700000,74083333.33333333,231,2020,2016,l_lag_y + l_permits + l_highway + l_gdp,0.9995122662320689,0
forest_m2_n5,lagged,30,Montana,2021,2890000,2393599.9689563974,2890000,2810000,231,2020,2016,l_lag_y + l_permits + l_highway + l_gdp,0.9995122662320689,0
forest_m2_n5,lagged,32,Nevada,2021,9960000,10944565.568512958,11200000,10981666.666666666,231,2020,2016,l_lag_y + l_permits + l_highway + l_gdp,0.9995122662320689,0
forest_m2_n5,lagged,33,New Hampshire,2021,5070000,5317745.962089952,5310000,5398333.333333333,231,2020,2016,l_lag_y + l_permits + l_highway + l_gdp,0.9995122662320689,0
forest_m2_n5,lagged,34,New Jersey,2021,17700000,17355821.917060915,17300000,17516666.666666668,231,2020,2016,l_lag_y + l_permits + l_highway + l_gdp,0.9995122662320689,0
forest_m2_n5,lagged,35,New Mexico,2021,4270000,4522168.429037553,4930000,4638333.333333333,231,2020,2016,l_lag_y + l_permits + l_highway + l_gdp,0.9995122662320689,0
forest_m2_n5,lagged,36,New York,2021,40600000,38592367.2939501,36700000,38600000,231,2020,2016,l_lag_y + l_permits + l_highway + l_gdp,0.9995122662320689,0
forest_m2_n5,lagged,37,North Carolina,2021,62300000,56257065.1838218,55900000,56033333.333333336,231,2020,2016,l_lag_y + l_permits + l_highway + l_gdp,0.9995122662320689,0
forest_m2_n5,lagged,38,North Dakota,2021,321000,546688.9520371235,411000,503833.3333333333,231,2020,2016,l_lag_y + l_permits + l_highway + l_gdp,0.9995122662320689,0
forest_m2_n5,lagged,39,Ohio,2021,72600000,65774159.610755526,66800000,63483333.333333336,231,2020,2016,l_lag_y + l_permits + l_highway + l_gdp,0.9995122662320689,0
forest_m2_n5,lagged,40,Oklahoma,2021,41500000,37672304.09741108,38300000,37483333.333333336,231,2020,2016,l_lag_y + l_permits + l_highway + l_gdp,0.9995122662320689,0
forest_m2_n5,lagged,41,Oregon,2021,21600000,21342853.971418995,20200000,20266666.666666668,231,2020,2016,l_lag_y + l_permits + l_highway + l_gdp,0.9995122662320689,0
forest_m2_n5,lagged,42,Pennsylvania,2021,93400000,82354274.9022156,88500000,89500000,231,2020,2016,l_lag_y + l_permits + l_highway + l_gdp,0.9995122662320689,0
forest_m2_n5,lagged,44,Rhode Island,2021,2150000,1943506.7037294935,2030000,2105000,231,2020,2016,l_lag_y + l_permits + l_highway + l_gdp,0.9995122662320689,0
forest_m2_n5,lagged,45,South Carolina,2021,31000000,28383781.730621003,27900000,27583333.333333332,231,2020,2016,l_lag_y + l_permits + l_highway + l_gdp,0.9995122662320689,0
forest_m2_n5,lagged,46,South Dakota,2021,8300000,6979337.42301861,8000000,6888333.333333333,231,2020,2016,l_lag_y + l_permits + l_highway + l_gdp,0.9995122662320689,0
forest_m2_n5,lagged,47,Tennessee,2021,56900000,51451623.23637268,52300000,46283333.333333336,231,2020,2016,l_lag_y + l_permits + l_highway + l_gdp,0.9995122662320689,0
forest_m2_n5,lagged,48,Texas,2021,190000000,177811666.44441384,189000000,172333333.33333334,231,2020,2016,l_lag_y + l_permits + l_highway + l_gdp,0.9995122662320689,0
forest_m2_n5,lagged,49,Utah,2021,13200000,11356229.058643997,12300000,9863333.333333334,231,2020,2016,l_lag_y + l_permits + l_highway + l_gdp,0.9995122662320689,0
forest_m2_n5,lagged,50,Vermont,2021,5320000,5287612.912981138,5230000,4993333.333333333,231,2020,2016,l_lag_y + l_permits + l_highway + l_gdp,0.9995122662320689,0
forest_m2_n5,lagged,51,Virginia,2021,54700000,51767378.90009894,53100000,50583333.333333336,231,2020,2016,l_lag_y + l_permits + l_highway + l_gdp,0.9995122662320689,0
forest_m2_n5,lagged,53,Washington,2021,16700000,16476094.51906674,15200000,15300000,231,2020,2016,l_lag_y + l_permits + l_highway + l_gdp,0.9995122662320689,0
forest_m2_n5,lagged,54,West Virginia,2021,14200000,12596836.272698538,13600000,14800000,231,2020,2016,l_lag_y + l_permits + l_highway + l_gdp,0.9995122662320689,0
forest_m2_n5,lagged,55,Wisconsin,2021,25700000,25988445.75373616,25100000,25316666.666666668,231,2020,2016,l_lag_y + l_permits + l_highway + l_gdp,0.9995122662320689,0
forest_m2_n5,lagged,56,Wyoming,2021,7440000,8925288.549103394,9560000,11315000,231,2020,2016,l_lag_y + l_permits + l_highway + l_gdp,0.9995122662320689,0
forest_m2_n15,lagged,01,Alabama,2019,41100000,38362616.681011885,36900000,36825000,140,2018,2016,l_lag_y + l_permits + l_highway + l_gdp,1.0104891494515045,0
forest_m2_n15,lagged,02,Alaska,2019,1540000,1632005.1932704118,1400000,1062500,140,2018,2016,l_lag_y + l_permits + l_highway + l_gdp,1.0104891494515045,0
forest_m2_n15,lagged,04,Arizona,2019,10900000,12580236.200745918,11800000,10330000,140,2018,2016,l_lag_y + l_permits + l_highway + l_gdp,1.0104891494515045,0
forest_m2_n15,lagged,05,Arkansas,2019,29600000,24492526.086600184,29000000,29275000,140,2018,2016,l_lag_y + l_permits + l_highway + l_gdp,1.0104891494515045,0
forest_m2_n15,lagged,06,California,2019,41900000,44125780.46900851,41100000,39025000,140,2018,2016,l_lag_y + l_permits + l_highway + l_gdp,1.0104891494515045,0
forest_m2_n15,lagged,08,Colorado,2019,16600000,17676861.969400316,14800000,15150000,140,2018,2016,l_lag_y + l_permits + l_highway + l_gdp,1.0104891494515045,0
forest_m2_n15,lagged,09,Connecticut,2019,10500000,9295357.118870316,9520000,9547500,140,2018,2016,l_lag_y + l_permits + l_highway + l_gdp,1.0104891494515045,0
forest_m2_n15,lagged,12,Florida,2019,81300000,100438061.25818413,76800000,73675000,140,2018,2016,l_lag_y + l_permits + l_highway + l_gdp,1.0104891494515045,0
forest_m2_n15,lagged,13,Georgia,2019,57600000,52015588.64309348,53300000,52075000,140,2018,2016,l_lag_y + l_permits + l_highway + l_gdp,1.0104891494515045,0
forest_m2_n15,lagged,15,Hawaii,2019,5770000,5228333.704276153,4680000,5040000,140,2018,2016,l_lag_y + l_permits + l_highway + l_gdp,1.0104891494515045,0
forest_m2_n15,lagged,16,Idaho,2019,4210000,4768842.336272914,4600000,4622500,140,2018,2016,l_lag_y + l_permits + l_highway + l_gdp,1.0104891494515045,0
forest_m2_n15,lagged,17,Illinois,2019,49800000,53318455.75901246,48600000,50700000,140,2018,2016,l_lag_y + l_permits + l_highway + l_gdp,1.0104891494515045,0
forest_m2_n15,lagged,18,Indiana,2019,51400000,48384902.80299771,50300000,49050000,140,2018,2016,l_lag_y + l_permits + l_highway + l_gdp,1.0104891494515045,0
forest_m2_n15,lagged,19,Iowa,2019,41700000,38593505.22016135,39200000,38000000,140,2018,2016,l_lag_y + l_permits + l_highway + l_gdp,1.0104891494515045,0
forest_m2_n15,lagged,20,Kansas,2019,15100000,14507661.811963862,15400000,16575000,140,2018,2016,l_lag_y + l_permits + l_highway + l_gdp,1.0104891494515045,0
forest_m2_n15,lagged,21,Kentucky,2019,52100000,46766086.13642405,49700000,51475000,140,2018,2016,l_lag_y + l_permits + l_highway + l_gdp,1.0104891494515045,0
forest_m2_n15,lagged,23,Maine,2019,4500000,4563174.168260534,4040000,4245000,140,2018,2016,l_lag_y + l_permits + l_highway + l_gdp,1.0104891494515045,0
forest_m2_n15,lagged,24,Maryland,2019,25700000,25619367.309419233,22500000,22900000,140,2018,2016,l_lag_y + l_permits + l_highway + l_gdp,1.0104891494515045,0
forest_m2_n15,lagged,26,Michigan,2019,35400000,37675450.86459325,37400000,35375000,140,2018,2016,l_lag_y + l_permits + l_highway + l_gdp,1.0104891494515045,0
forest_m2_n15,lagged,27,Minnesota,2019,8010000,9118938.560382828,7710000,7487500,140,2018,2016,l_lag_y + l_permits + l_highway + l_gdp,1.0104891494515045,0
forest_m2_n15,lagged,28,Mississippi,2019,2090000,1848488.5136903462,2060000,2055000,140,2018,2016,l_lag_y + l_permits + l_highway + l_gdp,1.0104891494515045,0
forest_m2_n15,lagged,29,Missouri,2019,74000000,62060181.59942347,71400000,72200000,140,2018,2016,l_lag_y + l_permits + l_highway + l_gdp,1.0104891494515045,0
forest_m2_n15,lagged,30,Montana,2019,2900000,2462790.501159814,2760000,2767500,140,2018,2016,l_lag_y + l_permits + l_highway + l_gdp,1.0104891494515045,0
forest_m2_n15,lagged,32,Nevada,2019,12400000,13352092.364345415,12200000,10572500,140,2018,2016,l_lag_y + l_permits + l_highway + l_gdp,1.0104891494515045,0
forest_m2_n15,lagged,33,New Hampshire,2019,5430000,4939549.6575216735,5250000,5412500,140,2018,2016,l_lag_y + l_permits + l_highway + l_gdp,1.0104891494515045,0
forest_m2_n15,lagged,34,New Jersey,2019,18400000,17881904.113149203,17800000,17350000,140,2018,2016,l_lag_y + l_permits + l_highway + l_gdp,1.0104891494515045,0
forest_m2_n15,lagged,35,New Mexico,2019,4220000,4323896.300970485,4300000,4670000,140,2018,2016,l_lag_y + l_permits + l_highway + l_gdp,1.0104891494515045,0
forest_m2_n15,lagged,36,New York,2019,39100000,41762026.2979289,39800000,38950000,140,2018,2016,l_lag_y + l_permits + l_highway + l_gdp,1.0104891494515045,0
forest_m2_n15,lagged,37,North Carolina,2019,60700000,54440632.272638254,56100000,54900000,140,2018,2016,l_lag_y + l_permits + l_highway + l_gdp,1.0104891494515045,0
forest_m2_n15,lagged,38,North Dakota,2019,337000,1314237.020499326,326000,568750,140,2018,2016,l_lag_y + l_permits + l_highway + l_gdp,1.0104891494515045,0
forest_m2_n15,lagged,39,Ohio,2019,67900000,69351555.38911894,66000000,61550000,140,2018,2016,l_lag_y + l_permits + l_highway + l_gdp,1.0104891494515045,0
forest_m2_n15,lagged,40,Oklahoma,2019,38400000,36884893.176813275,36800000,37050000,140,2018,2016,l_lag_y + l_permits + l_highway + l_gdp,1.0104891494515045,0
forest_m2_n15,lagged,42,Pennsylvania,2019,95500000,77626550.3145406,87600000,88250000,140,2018,2016,l_lag_y + l_permits + l_highway + l_gdp,1.0104891494515045,0
forest_m2_n15,lagged,44,Rhode Island,2019,1930000,1882599.7806127882,1800000,2167500,140,2018,2016,l_lag_y + l_permits + l_highway + l_gdp,1.0104891494515045,0
forest_m2_n15,lagged,45,South Carolina,2019,29200000,28532360.814163595,27500000,27100000,140,2018,2016,l_lag_y + l_permits + l_highway + l_gdp,1.0104891494515045,0
forest_m2_n15,lagged,46,South Dakota,2019,6940000,6539275.507598854,6520000,6597500,140,2018,2016,l_lag_y + l_permits + l_highway + l_gdp,1.0104891494515045,0
forest_m2_n15,lagged,47,Tennessee,2019,50400000,45645330.90439553,45100000,43750000,140,2018,2016,l_lag_y + l_permits + l_highway + l_gdp,1.0104891494515045,0
forest_m2_n15,lagged,48,Texas,2019,191000000,124520783.3839356,178000000,163500000,140,2018,2016,l_lag_y + l_permits + l_highway + l_gdp,1.0104891494515045,0
forest_m2_n15,lagged,49,Utah,2019,10800000,10591657.10978198,10100000,9020000,140,2018,2016,l_lag_y + l_permits + l_highway + l_gdp,1.0104891494515045,0
forest_m2_n15,lagged,50,Vermont,2019,5400000,5276836.284549126,5080000,4832500,140,2018,2016,l_lag_y + l_permits + l_highway + l_gdp,1.0104891494515045,0
forest_m2_n15,lagged,51,Virginia,2019,51400000,51879996.62618448,49500000,49750000,140,2018,2016,l_lag_y + l_permits + l_highway + l_gdp,1.0104891494515045,0
forest_m2_n15,lagged,53,Washington,2019,15400000,19583198.494228024,15700000,15300000,140,2018,2016,l_lag_y + l_permits + l_highway + l_gdp,1.0104891494515045,0
forest_m2_n15,lagged,54,West Virginia,2019,16900000,12993571.951504013,15600000,14575000,140,2018,2016,l_lag_y + l_permits + l_highway + l_gdp,1.0104891494515045,0
forest_m2_n15,lagged,55,Wisconsin,2019,27800000,26950810.147330053,26300000,24750000,140,2018,2016,l_lag_y + l_permits + l_highway + l_gdp,1.0104891494515045,0
forest_m2_n15,lagged,56,Wyoming,2019,10900000,8099955.337797846,9330000,11857500,140,2018,2016,l_lag_y + l_permits + l_highway + l_gdp,1.0104891494515045,0
forest_m2_n15,lagged,01,Alabama,2020,40700000,41999083.61972703,41100000,37680000,185,2019,2016,l_lag_y + l_permits + l_highway + l_gdp,1.0080538933849512,0
forest_m2_n15,lagged,02,Alaska,2020,1530000,1589161.9728786869,1540000,1158000,185,2019,2016,l_lag_y + l_permits + l_highway + l_gdp,1.0080538933849512,0
forest_m2_n15,lagged,04,Arizona,2020,11000000,10980242.300649576,10900000,10444000,185,2019,2016,l_lag_y + l_permits + l_highway + l_gdp,1.0080538933849512,0
forest_m2_n15,lagged,05,Arkansas,2020,31100000,27308870.659334756,29600000,29340000,185,2019,2016,l_lag_y + l_permits + l_highway + l_gdp,1.0080538933849512,0
forest_m2_n15,lagged,06,California,2020,40300000,43046117.35717535,41900000,39600000,185,2019,2016,l_lag_y + l_permits + l_highway + l_gdp,1.0080538933849512,0
forest_m2_n15,lagged,08,Colorado,2020,17300000,16926046.825889982,16600000,15440000,185,2019,2016,l_lag_y + l_permits + l_highway + l_gdp,1.0080538933849512,0
forest_m2_n15,lagged,09,Connecticut,2020,10300000,10035095.469533198,10500000,9738000,185,2019,2016,l_lag_y + l_permits + l_highway + l_gdp,1.0080538933849512,0
forest_m2_n15,lagged,12,Florida,2020,83400000,92727802.10615125,81300000,75200000,185,2019,2016,l_lag_y + l_permits + l_highway + l_gdp,1.0080538933849512,0
forest_m2_n15,lagged,13,Georgia,2020,59300000,57880160.88458208,57600000,53180000,185,2019,2016,l_lag_y + l_permits + l_highway + l_gdp,1.0080538933849512,0
forest_m2_n15,lagged,15,Hawaii,2020,5880000,5637010.101349176,5770000,5186000,185,2019,2016,l_lag_y + l_permits + l_highway + l_gdp,1.0080538933849512,0
forest_m2_n15,lagged,16,Idaho,2020,4620000,4750707.753660523,4210000,4540000,185,2019,2016,l_lag_y + l_permits + l_highway + l_gdp,1.0080538933849512,0
forest_m2_n15,lagged,17,Illinois,2020,53700000,52179245.34021011,49800000,50520000,185,2019,2016,l_lag_y + l_permits + l_highway + l_gdp,1.0080538933849512,0
forest_m2_n15,lagged,18,Indiana,2020,52400000,49887373.81341661,51400000,49520000,185,2019,2016,l_lag_y + l_permits + l_highway + l_gdp,1.0080538933849512,0
forest_m2_n15,lagged,19,Iowa,2020,39600000,41661068.132297896,41700000,38740000,185,2019,2016,l_lag_y + l_permits + l_highway + l_gdp,1.0080538933849512,0
forest_m2_n15,lagged,20,Kansas,2020,17800000,13055375.303697014,15100000,16280000,185,2019,2016,l_lag_y + l_permits + l_highway + l_gdp,1.0080538933849512,0
forest_m2_n15,lagged,21,Kentucky,2020,50000000,48949395.89473244,52100000,51600000,185,2019,2016,l_lag_y + l_permits + l_highway + l_gdp,1.0080538933849512,0
forest_m2_n15,lagged,23,Maine,2020,4690000,4362685.483104229,4500000,4296000,185,2019,2016,l_lag_y + l_permits + l_highway + l_gdp,1.0080538933849512,0
forest_m2_n15,lagged,24,Maryland,2020,24600000,27057831.116060648,25700000,23460000,185,2019,2016,l_lag_y + l_permits + l_highway + l_gdp,1.0080538933849512,0
forest_m2_n15,lagged,25,Massachusetts,2020,13000000,16249406.872811824,13400000,12980000,185,2019,2016,l_lag_y + l_permits + l_highway + l_gdp,1.0080538933849512,0
forest_m2_n15,lagged,26,Michigan,2020,32800000,37594564.41038699,35400000,35380000,185,2019,2016,l_lag_y + l_permits + l_highway + l_gdp,1.0080538933849512,0
forest_m2_n15,lagged,27,Minnesota,2020,8580000,9273686.81479806,8010000,7592000,185,2019,2016,l_lag_y + l_permits + l_highway + l_gdp,1.0080538933849512,0
forest_m2_n15,lagged,28,Mississippi,2020,1320000,1808972.5325542549,2090000,2062000,185,2019,2016,l_lag_y + l_permits + l_highway + l_gdp,1.0080538933849512,0
forest_m2_n15,lagged,29,Missouri,2020,81700000,66223824.95040246,74000000,72560000,185,2019,2016,l_lag_y + l_permits + l_highway + l_gdp,1.0080538933849512,0
forest_m2_n15,lagged,30,Montana,2020,2890000,2511921.198311278,2900000,2794000,185,2019,2016,l_lag_y + l_permits + l_highway + l_gdp,1.0080538933849512,0
forest_m2_n15,lagged,32,Nevada,2020,11200000,12707007.0281484,12400000,10938000,185,2019,2016,l_lag_y + l_permits + l_highway + l_gdp,1.0080538933849512,0
forest_m2_n15,lagged,33,New Hampshire,2020,5310000,5090751.020785224,5430000,5416000,185,2019,2016,l_lag_y + l_permits + l_highway + l_gdp,1.0080538933849512,0
forest_m2_n15,lagged,34,New Jersey,2020,17300000,17939115.73322005,18400000,17560000,185,2019,2016,l_lag_y + l_permits + l_highway + l_gdp,1.0080538933849512,0
forest_m2_n15,lagged,35,New Mexico,2020,4930000,4188913.4747639904,4220000,4580000,185,2019,2016,l_lag_y + l_permits + l_highway + l_gdp,1.0080538933849512,0
forest_m2_n15,lagged,36,New York,2020,36700000,41633597.67403657,39100000,38980000,185,2019,2016,l_lag_y + l_permits + l_highway + l_gdp,1.0080538933849512,0
forest_m2_n15,lagged,37,North Carolina,2020,55900000,65672597.05232804,60700000,56060000,185,2019,2016,l_lag_y + l_permits + l_highway + l_gdp,1.0080538933849512,0
forest_m2_n15,lagged,38,North Dakota,2020,411000,998041.1636228665,337000,522400,185,2019,2016,l_lag_y + l_permits + l_highway + l_gdp,1.0080538933849512,0
forest_m2_n15,lagged,39,Ohio,2020,66800000,70596630.4060474,67900000,62820000,185,2019,2016,l_lag_y + l_permits + l_highway + l_gdp,1.0080538933849512,0
forest_m2_n15,lagged,40,Oklahoma,2020,38300000,38379344.25813707,38400000,37320000,185,2019,2016,l_lag_y + l_permits + l_highway + l_gdp,1.0080538933849512,0
forest_m2_n15,lagged,42,Pennsylvania,2020,88500000,79722175.8529562,95500000,89700000,185,2019,2016,l_lag_y + l_permits + l_highway + l_gdp,1.0080538933849512,0
forest_m2_n15,lagged,44,Rhode Island,2020,2030000,1801900.9512190218,1930000,2120000,185,2019,2016,l_lag_y + l_permits + l_highway + l_gdp,1.0080538933849512,0
forest_m2_n15,lagged,45,South Carolina,2020,27900000,29524354.999307122,29200000,27520000,185,2019,2016,l_lag_y + l_permits + l_highway + l_gdp,1.0080538933849512,0
forest_m2_n15,lagged,46,South Dakota,2020,8000000,6421706.649072593,6940000,6666000,185,2019,2016,l_lag_y + l_permits + l_highway + l_gdp,1.0080538933849512,0
forest_m2_n15,lagged,47,Tennessee,2020,52300000,49444289.617008135,50400000,45080000,185,2019,2016,l_lag_y + l_permits + l_highway + l_gdp,1.0080538933849512,0
forest_m2_n15,lagged,48,Texas,2020,189000000,141402148.66164875,191000000,169000000,185,2019,2016,l_lag_y + l_permits + l_highway + l_gdp,1.0080538933849512,0
forest_m2_n15,lagged,49,Utah,2020,12300000,10442833.58247332,10800000,9376000,185,2019,2016,l_lag_y + l_permits + l_highway + l_gdp,1.0080538933849512,0
forest_m2_n15,lagged,50,Vermont,2020,5230000,5618118.80501195,5400000,4946000,185,2019,2016,l_lag_y + l_permits + l_highway + l_gdp,1.0080538933849512,0
forest_m2_n15,lagged,51,Virginia,2020,53100000,50496833.67573424,51400000,50080000,185,2019,2016,l_lag_y + l_permits + l_highway + l_gdp,1.0080538933849512,0
forest_m2_n15,lagged,53,Washington,2020,15200000,19224723.734945577,15400000,15320000,185,2019,2016,l_lag_y + l_permits + l_highway + l_gdp,1.0080538933849512,0
forest_m2_n15,lagged,54,West Virginia,2020,13600000,12142579.016861329,16900000,15040000,185,2019,2016,l_lag_y + l_permits + l_highway + l_gdp,1.0080538933849512,0
forest_m2_n15,lagged,55,Wisconsin,2020,25100000,28340463.963746052,27800000,25360000,185,2019,2016,l_lag_y + l_permits + l_highway + l_gdp,1.0080538933849512,0
forest_m2_n15,lagged,56,Wyoming,2020,9560000,7608780.153263515,10900000,11666000,185,2019,2016,l_lag_y + l_permits + l_highway + l_gdp,1.0080538933849512,0
forest_m2_n15,lagged,01,Alabama,2021,43800000,39669340.30707099,40700000,38183333.333333336,231,2020,2016,l_lag_y + l_permits + l_highway + l_gdp,1.0066546883756071,0
forest_m2_n15,lagged,02,Alaska,2021,807000,1520518.1965251525,1530000,1220000,231,2020,2016,l_lag_y + l_permits + l_highway + l_gdp,1.0066546883756071,0
forest_m2_n15,lagged,04,Arizona,2021,11400000,11567642.647149378,11000000,10536666.666666666,231,2020,2016,l_lag_y + l_permits + l_highway + l_gdp,1.0066546883756071,0
forest_m2_n15,lagged,05,Arkansas,2021,34100000,28905271.98117305,31100000,29633333.333333332,231,2020,2016,l_lag_y + l_permits + l_highway + l_gdp,1.0066546883756071,0
forest_m2_n15,lagged,06,California,2021,38300000,48947736.92124298,40300000,39716666.666666664,231,2020,2016,l_lag_y + l_permits + l_highway + l_gdp,1.0066546883756071,0
forest_m2_n15,lagged,08,Colorado,2021,17000000,16828673.204533845,17300000,15750000,231,2020,2016,l_lag_y + l_permits + l_highway + l_gdp,1.0066546883756071,0
forest_m2_n15,lagged,09,Connecticut,2021,10400000,10337262.041668316,10300000,9831666.666666666,231,2020,2016,l_lag_y + l_permits + l_highway + l_gdp,1.0066546883756071,0
forest_m2_n15,lagged,12,Florida,2021,86600000,101543518.04183929,83400000,76566666.66666667,231,2020,2016,l_lag_y + l_permits + l_highway + l_gdp,1.0066546883756071,0
forest_m2_n15,lagged,13,Georgia,2021,61200000,60423231.302288964,59300000,54200000,231,2020,2016,l_lag_y + l_permits + l_highway + l_gdp,1.0066546883756071,0
forest_m2_n15,lagged,15,Hawaii,2021,5850000,5596499.382084496,5880000,5301666.666666667,231,2020,2016,l_lag_y + l_permits + l_highway + l_gdp,1.0066546883756071,0
forest_m2_n15,lagged,16,Idaho,2021,5370000,5813342.298224649,4620000,4553333.333333333,231,2020,2016,l_lag_y + l_permits + l_highway + l_gdp,1.0066546883756071,0
forest_m2_n15,lagged,17,Illinois,2021,51500000,53129317.48309444,53700000,51050000,231,2020,2016,l_lag_y + l_permits + l_highway + l_gdp,1.0066546883756071,0
forest_m2_n15,lagged,18,Indiana,2021,52300000,50598625.1972206,52400000,50000000,231,2020,2016,l_lag_y + l_permits + l_highway + l_gdp,1.0066546883756071,0
forest_m2_n15,lagged,19,Iowa,2021,35600000,40185342.968466334,39600000,38883333.333333336,231,2020,2016,l_lag_y + l_permits + l_highway + l_gdp,1.0066546883756071,0
forest_m2_n15,lagged,20,Kansas,2021,19400000,15064528.708544672,17800000,16533333.333333334,231,2020,2016,l_lag_y + l_permits + l_highway + l_gdp,1.0066546883756071,0
forest_m2_n15,lagged,21,Kentucky,2021,51100000,49733844.014948346,50000000,51333333.333333336,231,2020,2016,l_lag_y + l_permits + l_highway + l_gdp,1.0066546883756071,0
forest_m2_n15,lagged,23,Maine,2021,4700000,4214639.493243919,4690000,4361666.666666667,231,2020,2016,l_lag_y + l_permits + l_highway + l_gdp,1.0066546883756071,0
forest_m2_n15,lagged,24,Maryland,2021,25700000,24916673.058533214,24600000,23650000,231,2020,2016,l_lag_y + l_permits + l_highway + l_gdp,1.0066546883756071,0
forest_m2_n15,lagged,26,Michigan,2021,36000000,35836497.13343491,32800000,34950000,231,2020,2016,l_lag_y + l_permits + l_highway + l_gdp,1.0066546883756071,0
forest_m2_n15,lagged,27,Minnesota,2021,9130000,9478665.686933598,8580000,7756666.666666667,231,2020,2016,l_lag_y + l_permits + l_highway + l_gdp,1.0066546883756071,0
forest_m2_n15,lagged,28,Mississippi,2021,1320000,1669329.5698851626,1320000,1938333.3333333333,231,2020,2016,l_lag_y + l_permits + l_highway + l_gdp,1.0066546883756071,0
forest_m2_n15,lagged,29,Missouri,2021,85500000,66129855.51929735,81700000,74083333.33333333,231,2020,2016,l_lag_y + l_permits + l_highway + l_gdp,1.0066546883756071,0
forest_m2_n15,lagged,30,Montana,2021,2890000,2409182.8777950285,2890000,2810000,231,2020,2016,l_lag_y + l_permits + l_highway + l_gdp,1.0066546883756071,0
forest_m2_n15,lagged,32,Nevada,2021,9960000,10918161.3517772,11200000,10981666.666666666,231,2020,2016,l_lag_y + l_permits + l_highway + l_gdp,1.0066546883756071,0
forest_m2_n15,lagged,33,New Hampshire,2021,5070000,5258190.973092351,5310000,5398333.333333333,231,2020,2016,l_lag_y + l_permits + l_highway + l_gdp,1.0066546883756071,0
forest_m2_n15,lagged,34,New Jersey,2021,17700000,17136913.448476467,17300000,17516666.666666668,231,2020,2016,l_lag_y + l_permits + l_highway + l_gdp,1.0066546883756071,0
forest_m2_n15,lagged,35,New Mexico,2021,4270000,4493994.661892843,4930000,4638333.333333333,231,2020,2016,l_lag_y + l_permits + l_highway + l_gdp,1.0066546883756071,0
forest_m2_n15,lagged,36,New York,2021,40600000,40323363.49325659,36700000,38600000,231,2020,2016,l_lag_y + l_permits + l_highway + l_gdp,1.0066546883756071,0
forest_m2_n15,lagged,37,North Carolina,2021,62300000,57108676.03417267,55900000,56033333.333333336,231,2020,2016,l_lag_y + l_permits + l_highway + l_gdp,1.0066546883756071,0
forest_m2_n15,lagged,38,North Dakota,2021,321000,776319.5210990775,411000,503833.3333333333,231,2020,2016,l_lag_y + l_permits + l_highway + l_gdp,1.0066546883756071,0
forest_m2_n15,lagged,39,Ohio,2021,72600000,67373652.16928034,66800000,63483333.333333336,231,2020,2016,l_lag_y + l_permits + l_highway + l_gdp,1.0066546883756071,0
forest_m2_n15,lagged,40,Oklahoma,2021,41500000,38234396.444050156,38300000,37483333.333333336,231,2020,2016,l_lag_y + l_permits + l_highway + l_gdp,1.0066546883756071,0
forest_m2_n15,lagged,41,Oregon,2021,21600000,21170309.442208856,20200000,20266666.666666668,231,2020,2016,l_lag_y + l_permits + l_highway + l_gdp,1.0066546883756071,0
forest_m2_n15,lagged,42,Pennsylvania,2021,93400000,78495714.84364693,88500000,89500000,231,2020,2016,l_lag_y + l_permits + l_highway + l_gdp,1.0066546883756071,0
forest_m2_n15,lagged,44,Rhode Island,2021,2150000,1740281.0621889883,2030000,2105000,231,2020,2016,l_lag_y + l_permits + l_highway + l_gdp,1.0066546883756071,0
forest_m2_n15,lagged,45,South Carolina,2021,31000000,28474970.048478667,27900000,27583333.333333332,231,2020,2016,l_lag_y + l_permits + l_highway + l_gdp,1.0066546883756071,0
forest_m2_n15,lagged,46,South Dakota,2021,8300000,7186710.179996091,8000000,6888333.333333333,231,2020,2016,l_lag_y + l_permits + l_highway + l_gdp,1.0066546883756071,0
forest_m2_n15,lagged,47,Tennessee,2021,56900000,51584688.21101612,52300000,46283333.333333336,231,2020,2016,l_lag_y + l_permits + l_highway + l_gdp,1.0066546883756071,0
forest_m2_n15,lagged,48,Texas,2021,190000000,155319810.06224898,189000000,172333333.33333334,231,2020,2016,l_lag_y + l_permits + l_highway + l_gdp,1.0066546883756071,0
forest_m2_n15,lagged,49,Utah,2021,13200000,11403897.23572203,12300000,9863333.333333334,231,2020,2016,l_lag_y + l_permits + l_highway + l_gdp,1.0066546883756071,0
forest_m2_n15,lagged,50,Vermont,2021,5320000,5463489.033595403,5230000,4993333.333333333,231,2020,2016,l_lag_y + l_permits + l_highway + l_gdp,1.0066546883756071,0
forest_m2_n15,lagged,51,Virginia,2021,54700000,52177522.69511349,53100000,50583333.333333336,231,2020,2016,l_lag_y + l_permits + l_highway + l_gdp,1.0066546883756071,0
forest_m2_n15,lagged,53,Washington,2021,16700000,17396623.21128794,15200000,15300000,231,2020,2016,l_lag_y + l_permits + l_highway + l_gdp,1.0066546883756071,0
forest_m2_n15,lagged,54,West Virginia,2021,14200000,11517684.001243765,13600000,14800000,231,2020,2016,l_lag_y + l_permits + l_highway + l_gdp,1.0066546883756071,0
forest_m2_n15,lagged,55,Wisconsin,2021,25700000,26266036.71682967,25100000,25316666.666666668,231,2020,2016,l_lag_y + l_permits + l_highway + l_gdp,1.0066546883756071,0
forest_m2_n15,lagged,56,Wyoming,2021,7440000,8224169.800023978,9560000,11315000,231,2020,2016,l_lag_y + l_permits + l_highway + l_gdp,1.0066546883756071,0
forest_m4_n5,lagged,01,Alabama,2019,41100000,37477760.21288673,36900000,36825000,140,2018,2016,l_lag_y + l_permits + l_highway + l_gdp,1.0013558362857207,0
forest_m4_n5,lagged,02,Alaska,2019,1540000,1086515.4290636457,1400000,1062500,140,2018,2016,l_lag_y + l_permits + l_highway + l_gdp,1.0013558362857207,0
forest_m4_n5,lagged,04,Arizona,2019,10900000,12807289.77514025,11800000,10330000,140,2018,2016,l_lag_y + l_permits + l_highway + l_gdp,1.0013558362857207,0
forest_m4_n5,lagged,05,Arkansas,2019,29600000,28685968.925787956,29000000,29275000,140,2018,2016,l_lag_y + l_permits + l_highway + l_gdp,1.0013558362857207,0
forest_m4_n5,lagged,06,California,2019,41900000,41605378.78881802,41100000,39025000,140,2018,2016,l_lag_y + l_permits + l_highway + l_gdp,1.0013558362857207,0
forest_m4_n5,lagged,08,Colorado,2019,16600000,15325055.254116723,14800000,15150000,140,2018,2016,l_lag_y + l_permits + l_highway + l_gdp,1.0013558362857207,0
forest_m4_n5,lagged,09,Connecticut,2019,10500000,9749672.907182155,9520000,9547500,140,2018,2016,l_lag_y + l_permits + l_highway + l_gdp,1.0013558362857207,0
forest_m4_n5,lagged,12,Florida,2019,81300000,91860907.9411906,76800000,73675000,140,2018,2016,l_lag_y + l_permits + l_highway + l_gdp,1.0013558362857207,0
forest_m4_n5,lagged,13,Georgia,2019,57600000,54428595.83920898,53300000,52075000,140,2018,2016,l_lag_y + l_permits + l_highway + l_gdp,1.0013558362857207,0
forest_m4_n5,lagged,15,Hawaii,2019,5770000,4566251.129177654,4680000,5040000,140,2018,2016,l_lag_y + l_permits + l_highway + l_gdp,1.0013558362857207,0
forest_m4_n5,lagged,16,Idaho,2019,4210000,4332948.798747187,4600000,4622500,140,2018,2016,l_lag_y + l_permits + l_highway + l_gdp,1.0013558362857207,0
forest_m4_n5,lagged,17,Illinois,2019,49800000,49922338.77897793,48600000,50700000,140,2018,2016,l_lag_y + l_permits + l_highway + l_gdp,1.0013558362857207,0
forest_m4_n5,lagged,18,Indiana,2019,51400000,49920762.21132423,50300000,49050000,140,2018,2016,l_lag_y + l_permits + l_highway + l_gdp,1.0013558362857207,0
forest_m4_n5,lagged,19,Iowa,2019,41700000,39423716.45117365,39200000,38000000,140,2018,2016,l_lag_y + l_permits + l_highway + l_gdp,1.0013558362857207,0
forest_m4_n5,lagged,20,Kansas,2019,15100000,14753637.892784698,15400000,16575000,140,2018,2016,l_lag_y + l_permits + l_highway + l_gdp,1.0013558362857207,0
forest_m4_n5,lagged,21,Kentucky,2019,52100000,48525579.29126647,49700000,51475000,140,2018,2016,l_lag_y + l_permits + l_highway + l_gdp,1.0013558362857207,0
forest_m4_n5,lagged,23,Maine,2019,4500000,4336139.8170193955,4040000,4245000,140,2018,2016,l_lag_y + l_permits + l_highway + l_gdp,1.0013558362857207,0
forest_m4_n5,lagged,24,Maryland,2019,25700000,23430253.900189433,22500000,22900000,140,2018,2016,l_lag_y + l_permits + l_highway + l_gdp,1.0013558362857207,0
forest_m4_n5,lagged,26,Michigan,2019,35400000,36653395.14785824,37400000,35375000,140,2018,2016,l_lag_y + l_permits + l_highway + l_gdp,1.0013558362857207,0
forest_m4_n5,lagged,27,Minnesota,2019,8010000,7976214.295593073,7710000,7487500,140,2018,2016,l_lag_y + l_permits + l_highway + l_gdp,1.0013558362857207,0
forest_m4_n5,lagged,28,Mississippi,2019,2090000,2034892.7505217206,2060000,2055000,140,2018,2016,l_lag_y + l_permits + l_highway + l_gdp,1.0013558362857207,0
forest_m4_n5,lagged,29,Missouri,2019,74000000,73539133.40471493,71400000,72200000,140,2018,2016,l_lag_y + l_permits + l_highway + l_gdp,1.0013558362857207,0
forest_m4_n5,lagged,30,Montana,2019,2900000,2690855.5378489434,2760000,2767500,140,2018,2016,l_lag_y + l_permits + l_highway + l_gdp,1.0013558362857207,0
forest_m4_n5,lagged,32,Nevada,2019,12400000,12901637.097035266,12200000,10572500,140,2018,2016,l_lag_y + l_permits + l_highway + l_gdp,1.0013558362857207,0
forest_m4_n5,lagged,33,New Hampshire,2019,5430000,5086697.901117557,5250000,5412500,140,2018,2016,l_lag_y + l_permits + l_highway + l_gdp,1.0013558362857207,0
forest_m4_n5,lagged,34,New Jersey,2019,18400000,17300040.56935355,17800000,17350000,140,2018,2016,l_lag_y + l_permits + l_highway + l_gdp,1.0013558362857207,0
forest_m4_n5,lagged,35,New Mexico,2019,4220000,4325306.589541536,4300000,4670000,140,2018,2016,l_lag_y + l_permits + l_highway + l_gdp,1.0013558362857207,0
forest_m4_n5,lagged,36,New York,2019,39100000,40372671.92170922,39800000,38950000,140,2018,2016,l_lag_y + l_permits + l_highway + l_gdp,1.0013558362857207,0
forest_m4_n5,lagged,37,North Carolina,2019,60700000,55523280.27772372,56100000,54900000,140,2018,2016,l_lag_y + l_permits + l_highway + l_gdp,1.0013558362857207,0
forest_m4_n5,lagged,38,North Dakota,2019,337000,550052.2474444333,326000,568750,140,2018,2016,l_lag_y + l_permits + l_highway + l_gdp,1.0013558362857207,0
forest_m4_n5,lagged,39,Ohio,2019,67900000,73245273.52405483,66000000,61550000,140,2018,2016,l_lag_y + l_permits + l_highway + l_gdp,1.0013558362857207,0
forest_m4_n5,lagged,40,Oklahoma,2019,38400000,36912342.69155871,36800000,37050000,140,2018,2016,l_lag_y + l_permits + l_highway + l_gdp,1.0013558362857207,0
forest_m4_n5,lagged,42,Pennsylvania,2019,95500000,87610352.59383935,87600000,88250000,140,2018,2016,l_lag_y + l_permits + l_highway + l_gdp,1.0013558362857207,0
forest_m4_n5,lagged,44,Rhode Island,2019,1930000,2048339.5266649718,1800000,2167500,140,2018,2016,l_lag_y + l_permits + l_highway + l_gdp,1.0013558362857207,0
forest_m4_n5,lagged,45,South Carolina,2019,29200000,27540004.384623095,27500000,27100000,140,2018,2016,l_lag_y + l_permits + l_highway + l_gdp,1.0013558362857207,0
forest_m4_n5,lagged,46,South Dakota,2019,6940000,6648210.966283189,6520000,6597500,140,2018,2016,l_lag_y + l_permits + l_highway + l_gdp,1.0013558362857207,0
forest_m4_n5,lagged,47,Tennessee,2019,50400000,46086396.00506262,45100000,43750000,140,2018,2016,l_lag_y + l_permits + l_highway + l_gdp,1.0013558362857207,0
forest_m4_n5,lagged,48,Texas,2019,191000000,160598924.08336577,178000000,163500000,140,2018,2016,l_lag_y + l_permits + l_highway + l_gdp,1.0013558362857207,0
forest_m4_n5,lagged,49,Utah,2019,10800000,10119054.8810327,10100000,9020000,140,2018,2016,l_lag_y + l_permits + l_highway + l_gdp,1.0013558362857207,0
forest_m4_n5,lagged,50,Vermont,2019,5400000,4872288.499663641,5080000,4832500,140,2018,2016,l_lag_y + l_permits + l_highway + l_gdp,1.0013558362857207,0
forest_m4_n5,lagged,51,Virginia,2019,51400000,50220403.35415769,49500000,49750000,140,2018,2016,l_lag_y + l_permits + l_highway + l_gdp,1.0013558362857207,0
forest_m4_n5,lagged,53,Washington,2019,15400000,15582384.602175929,15700000,15300000,140,2018,2016,l_lag_y + l_permits + l_highway + l_gdp,1.0013558362857207,0
forest_m4_n5,lagged,54,West Virginia,2019,16900000,15032698.627811905,15600000,14575000,140,2018,2016,l_lag_y + l_permits + l_highway + l_gdp,1.0013558362857207,0
forest_m4_n5,lagged,55,Wisconsin,2019,27800000,26750284.484415557,26300000,24750000,140,2018,2016,l_lag_y + l_permits + l_highway + l_gdp,1.0013558362857207,0
forest_m4_n5,lagged,56,Wyoming,2019,10900000,9624101.485659685,9330000,11857500,140,2018,2016,l_lag_y + l_permits + l_highway + l_gdp,1.0013558362857207,0
forest_m4_n5,lagged,01,Alabama,2020,40700000,41156674.82506638,41100000,37680000,185,2019,2016,l_lag_y + l_permits + l_highway + l_gdp,0.9998213613559643,0
forest_m4_n5,lagged,02,Alaska,2020,1530000,1684662.3292055966,1540000,1158000,185,2019,2016,l_lag_y + l_permits + l_highway + l_gdp,0.9998213613559643,0
forest_m4_n5,lagged,04,Arizona,2020,11000000,10875208.542412508,10900000,10444000,185,2019,2016,l_lag_y + l_permits + l_highway + l_gdp,0.9998213613559643,0
forest_m4_n5,lagged,05,Arkansas,2020,31100000,29219628.490347505,29600000,29340000,185,2019,2016,l_lag_y + l_permits + l_highway + l_gdp,0.9998213613559643,0
forest_m4_n5,lagged,06,California,2020,40300000,41640743.48704063,41900000,39600000,185,2019,2016,l_lag_y + l_permits + l_highway + l_gdp,0.9998213613559643,0
forest_m4_n5,lagged,08,Colorado,2020,17300000,16439202.41780415,16600000,15440000,185,2019,2016,l_lag_y + l_permits + l_highway + l_gdp,0.9998213613559643,0
forest_m4_n5,lagged,09,Connecticut,2020,10300000,10067591.028215466,10500000,9738000,185,2019,2016,l_lag_y + l_permits + l_highway + l_gdp,0.9998213613559643,0
forest_m4_n5,lagged,12,Florida,2020,83400000,89641953.73584524,81300000,75200000,185,2019,2016,l_lag_y + l_permits + l_highway + l_gdp,0.9998213613559643,0
forest_m4_n5,lagged,13,Georgia,2020,59300000,58772061.96477731,57600000,53180000,185,2019,2016,l_lag_y + l_permits + l_highway + l_gdp,0.9998213613559643,0
forest_m4_n5,lagged,15,Hawaii,2020,5880000,5324106.53188472,5770000,5186000,185,2019,2016,l_lag_y + l_permits + l_highway + l_gdp,0.9998213613559643,0
forest_m4_n5,lagged,16,Idaho,2020,4620000,4322993.387455623,4210000,4540000,185,2019,2016,l_lag_y + l_permits + l_highway + l_gdp,0.9998213613559643,0
forest_m4_n5,lagged,17,Illinois,2020,53700000,50070074.2452821,49800000,50520000,185,2019,2016,l_lag_y + l_permits + l_highway + l_gdp,0.9998213613559643,0
forest_m4_n5,lagged,18,Indiana,2020,52400000,49742915.366814464,51400000,49520000,185,2019,2016,l_lag_y + l_permits + l_highway + l_gdp,0.9998213613559643,0
forest_m4_n5,lagged,19,Iowa,2020,39600000,41464377.047232054,41700000,38740000,185,2019,2016,l_lag_y + l_permits + l_highway + l_gdp,0.9998213613559643,0
forest_m4_n5,lagged,20,Kansas,2020,17800000,14133127.8784994,15100000,16280000,185,2019,2016,l_lag_y + l_permits + l_highway + l_gdp,0.9998213613559643,0
forest_m4_n5,lagged,21,Kentucky,2020,50000000,50714202.17448688,52100000,51600000,185,2019,2016,l_lag_y + l_permits + l_highway + l_gdp,0.9998213613559643,0
forest_m4_n5,lagged,23,Maine,2020,4690000,4233863.530236892,4500000,4296000,185,2019,2016,l_lag_y + l_permits + l_highway + l_gdp,0.9998213613559643,0
forest_m4_n5,lagged,24,Maryland,2020,24600000,25722374.604969166,25700000,23460000,185,2019,2016,l_lag_y + l_permits + l_highway + l_gdp,0.9998213613559643,0
forest_m4_n5,lagged,25,Massachusetts,2020,13000000,14992669.904835,13400000,12980000,185,2019,2016,l_lag_y + l_permits + l_highway + l_gdp,0.9998213613559643,0
forest_m4_n5,lagged,26,Michigan,2020,32800000,37373386.43088034,35400000,35380000,185,2019,2016,l_lag_y + l_permits + l_highway + l_gdp,0.9998213613559643,0
forest_m4_n5,lagged,27,Minnesota,2020,8580000,8834943.66592073,8010000,7592000,185,2019,2016,l_lag_y + l_permits + l_highway + l_gdp,0.9998213613559643,0
forest_m4_n5,lagged,28,Mississippi,2020,1320000,2060845.0259239355,2090000,2062000,185,2019,2016,l_lag_y + l_permits + l_highway + l_gdp,0.9998213613559643,0
forest_m4_n5,lagged,29,Missouri,2020,81700000,73413885.60140629,74000000,72560000,185,2019,2016,l_lag_y + l_permits + l_highway + l_gdp,0.9998213613559643,0
forest_m4_n5,lagged,30,Montana,2020,2890000,2767102.0502298726,2900000,2794000,185,2019,2016,l_lag_y + l_permits + l_highway + l_gdp,0.9998213613559643,0
forest_m4_n5,lagged,32,Nevada,2020,11200000,12664746.953638265,12400000,10938000,185,2019,2016,l_lag_y + l_permits + l_highway + l_gdp,0.9998213613559643,0
forest_m4_n5,lagged,33,New Hampshire,2020,5310000,5377403.373885449,5430000,5416000,185,2019,2016,l_lag_y + l_permits + l_highway + l_gdp,0.9998213613559643,0
forest_m4_n5,lagged,34,New Jersey,2020,17300000,18162575.783243593,18400000,17560000,185,2019,2016,l_lag_y + l_permits + l_highway + l_gdp,0.9998213613559643,0
forest_m4_n5,lagged,35,New Mexico,2020,4930000,4349044.545646837,4220000,4580000,185,2019,2016,l_lag_y + l_permits + l_highway + l_gdp,0.9998213613559643,0
forest_m4_n5,lagged,36,New York,2020,36700000,39618505.81026567,39100000,38980000,185,2019,2016,l_lag_y + l_permits + l_highway + l_gdp,0.9998213613559643,0
forest_m4_n5,lagged,37,North Carolina,2020,55900000,62493587.80641813,60700000,56060000,185,2019,2016,l_lag_y + l_permits + l_highway + l_gdp,0.9998213613559643,0
forest_m4_n5,lagged,38,North Dakota,2020,411000,442154.7224299222,337000,522400,185,2019,2016,l_lag_y + l_permits + l_highway + l_gdp,0.9998213613559643,0
forest_m4_n5,lagged,39,Ohio,2020,66800000,72108683.07814361,67900000,62820000,185,2019,2016,l_lag_y + l_permits + l_highway + l_gdp,0.9998213613559643,0
forest_m4_n5,lagged,40,Oklahoma,2020,38300000,37143175.13171133,38400000,37320000,185,2019,2016,l_lag_y + l_permits + l_highway + l_gdp,0.9998213613559643,0
forest_m4_n5,lagged,42,Pennsylvania,2020,88500000,89741077.06291921,95500000,89700000,185,2019,2016,l_lag_y + l_permits + l_highway + l_gdp,0.9998213613559643,0
forest_m4_n5,lagged,44,Rhode Island,2020,2030000,2042732.0400833995,1930000,2120000,185,2019,2016,l_lag_y + l_permits + l_highway + l_gdp,0.9998213613559643,0
forest_m4_n5,lagged,45,South Carolina,2020,27900000,27019553.22817518,29200000,27520000,185,2019,2016,l_lag_y + l_permits + l_highway + l_gdp,0.9998213613559643,0
forest_m4_n5,lagged,46,South Dakota,2020,8000000,6864558.049400144,6940000,6666000,185,2019,2016,l_lag_y + l_permits + l_highway + l_gdp,0.9998213613559643,0
forest_m4_n5,lagged,47,Tennessee,2020,52300000,51224692.29405215,50400000,45080000,185,2019,2016,l_lag_y + l_permits + l_highway + l_gdp,0.9998213613559643,0
forest_m4_n5,lagged,48,Texas,2020,189000000,172168306.4693351,191000000,169000000,185,2019,2016,l_lag_y + l_permits + l_highway + l_gdp,0.9998213613559643,0
forest_m4_n5,lagged,49,Utah,2020,12300000,10206021.844164673,10800000,9376000,185,2019,2016,l_lag_y + l_permits + l_highway + l_gdp,0.9998213613559643,0
forest_m4_n5,lagged,50,Vermont,2020,5230000,5165083.123611643,5400000,4946000,185,2019,2016,l_lag_y + l_permits + l_highway + l_gdp,0.9998213613559643,0
forest_m4_n5,lagged,51,Virginia,2020,53100000,50130060.442814484,51400000,50080000,185,2019,2016,l_lag_y + l_permits + l_highway + l_gdp,0.9998213613559643,0
forest_m4_n5,lagged,53,Washington,2020,15200000,15618137.09271301,15400000,15320000,185,2019,2016,l_lag_y + l_permits + l_highway + l_gdp,0.9998213613559643,0
forest_m4_n5,lagged,54,West Virginia,2020,13600000,16448498.913336044,16900000,15040000,185,2019,2016,l_lag_y + l_permits + l_highway + l_gdp,0.9998213613559643,0
forest_m4_n5,lagged,55,Wisconsin,2020,25100000,26727516.790008187,27800000,25360000,185,2019,2016,l_lag_y + l_permits + l_highway + l_gdp,0.9998213613559643,0
forest_m4_n5,lagged,56,Wyoming,2020,9560000,10116467.939806232,10900000,11666000,185,2019,2016,l_lag_y + l_permits + l_highway + l_gdp,0.9998213613559643,0
forest_m4_n5,lagged,01,Alabama,2021,43800000,40616166.93462071,40700000,38183333.333333336,231,2020,2016,l_lag_y + l_permits + l_highway + l_gdp,1.0000444525115866,0
forest_m4_n5,lagged,02,Alaska,2021,807000,1587905.301918388,1530000,1220000,231,2020,2016,l_lag_y + l_permits + l_highway + l_gdp,1.0000444525115866,0
forest_m4_n5,lagged,04,Arizona,2021,11400000,11158584.809889195,11000000,10536666.666666666,231,2020,2016,l_lag_y + l_permits + l_highway + l_gdp,1.0000444525115866,0
forest_m4_n5,lagged,05,Arkansas,2021,34100000,31450523.004676964,31100000,29633333.333333332,231,2020,2016,l_lag_y + l_permits + l_highway + l_gdp,1.0000444525115866,0
forest_m4_n5,lagged,06,California,2021,38300000,40553869.73963203,40300000,39716666.666666664,231,2020,2016,l_lag_y + l_permits + l_highway + l_gdp,1.0000444525115866,0
forest_m4_n5,lagged,08,Colorado,2021,17000000,16976951.49206208,17300000,15750000,231,2020,2016,l_lag_y + l_permits + l_highway + l_gdp,1.0000444525115866,0
forest_m4_n5,lagged,09,Connecticut,2021,10400000,10132606.275355877,10300000,9831666.666666666,231,2020,2016,l_lag_y + l_permits + l_highway + l_gdp,1.0000444525115866,0
forest_m4_n5,lagged,12,Florida,2021,86600000,99878854.79297039,83400000,76566666.66666667,231,2020,2016,l_lag_y + l_permits + l_highway + l_gdp,1.0000444525115866,0
forest_m4_n5,lagged,13,Georgia,2021,61200000,60347039.24705935,59300000,54200000,231,2020,2016,l_lag_y + l_permits + l_highway + l_gdp,1.0000444525115866,0
forest_m4_n5,lagged,15,Hawaii,2021,5850000,5623966.661747451,5880000,5301666.666666667,231,2020,2016,l_lag_y + l_permits + l_highway + l_gdp,1.0000444525115866,0
forest_m4_n5,lagged,16,Idaho,2021,5370000,4584234.269123461,4620000,4553333.333333333,231,2020,2016,l_lag_y + l_permits + l_highway + l_gdp,1.0000444525115866,0
forest_m4_n5,lagged,17,Illinois,2021,51500000,51238240.51197163,53700000,51050000,231,2020,2016,l_lag_y + l_permits + l_highway + l_gdp,1.0000444525115866,0
forest_m4_n5,lagged,18,Indiana,2021,52300000,51060141.62457565,52400000,50000000,231,2020,2016,l_lag_y + l_permits + l_highway + l_gdp,1.0000444525115866,0
forest_m4_n5,lagged,19,Iowa,2021,35600000,40755111.33371709,39600000,38883333.333333336,231,2020,2016,l_lag_y + l_permits + l_highway + l_gdp,1.0000444525115866,0
forest_m4_n5,lagged,20,Kansas,2021,19400000,17953091.259031963,17800000,16533333.333333334,231,2020,2016,l_lag_y + l_permits + l_highway + l_gdp,1.0000444525115866,0
forest_m4_n5,lagged,21,Kentucky,2021,51100000,50366856.907855324,50000000,51333333.333333336,231,2020,2016,l_lag_y + l_permits + l_highway + l_gdp,1.0000444525115866,0
forest_m4_n5,lagged,23,Maine,2021,4700000,4544385.945573774,4690000,4361666.666666667,231,2020,2016,l_lag_y + l_permits + l_highway + l_gdp,1.0000444525115866,0
forest_m4_n5,lagged,24,Maryland,2021,25700000,24813264.253228106,24600000,23650000,231,2020,2016,l_lag_y + l_permits + l_highway + l_gdp,1.0000444525115866,0
forest_m4_n5,lagged,26,Michigan,2021,36000000,35100743.524374746,32800000,34950000,231,2020,2016,l_lag_y + l_permits + l_highway + l_gdp,1.0000444525115866,0
forest_m4_n5,lagged,27,Minnesota,2021,9130000,9497396.46952086,8580000,7756666.666666667,231,2020,2016,l_lag_y + l_permits + l_highway + l_gdp,1.0000444525115866,0
forest_m4_n5,lagged,28,Mississippi,2021,1320000,1407466.4112927683,1320000,1938333.3333333333,231,2020,2016,l_lag_y + l_permits + l_highway + l_gdp,1.0000444525115866,0
forest_m4_n5,lagged,29,Missouri,2021,85500000,86007191.80995156,81700000,74083333.33333333,231,2020,2016,l_lag_y + l_permits + l_highway + l_gdp,1.0000444525115866,0
forest_m4_n5,lagged,30,Montana,2021,2890000,2822100.9928397234,2890000,2810000,231,2020,2016,l_lag_y + l_permits + l_highway + l_gdp,1.0000444525115866,0
forest_m4_n5,lagged,32,Nevada,2021,9960000,11031834.713057203,11200000,10981666.666666666,231,2020,2016,l_lag_y + l_permits + l_highway + l_gdp,1.0000444525115866,0
forest_m4_n5,lagged,33,New Hampshire,2021,5070000,5374578.454319711,5310000,5398333.333333333,231,2020,2016,l_lag_y + l_permits + l_highway + l_gdp,1.0000444525115866,0
forest_m4_n5,lagged,34,New Jersey,2021,17700000,17387029.667519443,17300000,17516666.666666668,231,2020,2016,l_lag_y + l_permits + l_highway + l_gdp,1.0000444525115866,0
forest_m4_n5,lagged,35,New Mexico,2021,4270000,4709937.711127802,4930000,4638333.333333333,231,2020,2016,l_lag_y + l_permits + l_highway + l_gdp,1.0000444525115866,0
forest_m4_n5,lagged,36,New York,2021,40600000,38536373.05517129,36700000,38600000,231,2020,2016,l_lag_y + l_permits + l_highway + l_gdp,1.0000444525115866,0
forest_m4_n5,lagged,37,North Carolina,2021,62300000,58364769.98876262,55900000,56033333.333333336,231,2020,2016,l_lag_y + l_permits + l_highway + l_gdp,1.0000444525115866,0
forest_m4_n5,lagged,38,North Dakota,2021,321000,415539.21628812904,411000,503833.3333333333,231,2020,2016,l_lag_y + l_permits + l_highway + l_gdp,1.0000444525115866,0
forest_m4_n5,lagged,39,Ohio,2021,72600000,68152382.79278688,66800000,63483333.333333336,231,2020,2016,l_lag_y + l_permits + l_highway + l_gdp,1.0000444525115866,0
forest_m4_n5,lagged,40,Oklahoma,2021,41500000,37219370.50523395,38300000,37483333.333333336,231,2020,2016,l_lag_y + l_permits + l_highway + l_gdp,1.0000444525115866,0
forest_m4_n5,lagged,41,Oregon,2021,21600000,21699488.510680076,20200000,20266666.666666668,231,2020,2016,l_lag_y + l_permits + l_highway + l_gdp,1.0000444525115866,0
forest_m4_n5,lagged,42,Pennsylvania,2021,93400000,88568883.54867561,88500000,89500000,231,2020,2016,l_lag_y + l_permits + l_highway + l_gdp,1.0000444525115866,0
forest_m4_n5,lagged,44,Rhode Island,2021,2150000,1990687.838841622,2030000,2105000,231,2020,2016,l_lag_y + l_permits + l_highway + l_gdp,1.0000444525115866,0
forest_m4_n5,lagged,45,South Carolina,2021,31000000,27419074.867749777,27900000,27583333.333333332,231,2020,2016,l_lag_y + l_permits + l_highway + l_gdp,1.0000444525115866,0
forest_m4_n5,lagged,46,South Dakota,2021,8300000,8638386.01379003,8000000,6888333.333333333,231,2020,2016,l_lag_y + l_permits + l_highway + l_gdp,1.0000444525115866,0
forest_m4_n5,lagged,47,Tennessee,2021,56900000,53354459.74180653,52300000,46283333.333333336,231,2020,2016,l_lag_y + l_permits + l_highway + l_gdp,1.0000444525115866,0
forest_m4_n5,lagged,48,Texas,2021,190000000,179325609.48795864,189000000,172333333.33333334,231,2020,2016,l_lag_y + l_permits + l_highway + l_gdp,1.0000444525115866,0
forest_m4_n5,lagged,49,Utah,2021,13200000,11635249.982999107,12300000,9863333.333333334,231,2020,2016,l_lag_y + l_permits + l_highway + l_gdp,1.0000444525115866,0
forest_m4_n5,lagged,50,Vermont,2021,5320000,5285467.116584587,5230000,4993333.333333333,231,2020,2016,l_lag_y + l_permits + l_highway + l_gdp,1.0000444525115866,0
forest_m4_n5,lagged,51,Virginia,2021,54700000,51857993.55746751,53100000,50583333.333333336,231,2020,2016,l_lag_y + l_permits + l_highway + l_gdp,1.0000444525115866,0
forest_m4_n5,lagged,53,Washington,2021,16700000,15489491.495424565,15200000,15300000,231,2020,2016,l_lag_y + l_permits + l_highway + l_gdp,1.0000444525115866,0
forest_m4_n5,lagged,54,West Virginia,2021,14200000,13977474.103670284,13600000,14800000,231,2020,2016,l_lag_y + l_permits + l_highway + l_gdp,1.0000444525115866,0
forest_m4_n5,lagged,55,Wisconsin,2021,25700000,25473750.59325237,25100000,25316666.666666668,231,2020,2016,l_lag_y + l_permits + l_highway + l_gdp,1.0000444525115866,0
forest_m4_n5,lagged,56,Wyoming,2021,7440000,9885145.51789774,9560000,11315000,231,2020,2016,l_lag_y + l_permits + l_highway + l_gdp,1.0000444525115866,0
forest_m4_n15,lagged,01,Alabama,2019,41100000,37858665.59483112,36900000,36825000,140,2018,2016,l_lag_y + l_permits + l_highway + l_gdp,1.008940854181556,0
forest_m4_n15,lagged,02,Alaska,2019,1540000,1177270.1100690097,1400000,1062500,140,2018,2016,l_lag_y + l_permits + l_highway + l_gdp,1.008940854181556,0
forest_m4_n15,lagged,04,Arizona,2019,10900000,12691830.878978955,11800000,10330000,140,2018,2016,l_lag_y + l_permits + l_highway + l_gdp,1.008940854181556,0
forest_m4_n15,lagged,05,Arkansas,2019,29600000,26938974.610101137,29000000,29275000,140,2018,2016,l_lag_y + l_permits + l_highway + l_gdp,1.008940854181556,0
forest_m4_n15,lagged,06,California,2019,41900000,41800083.70482339,41100000,39025000,140,2018,2016,l_lag_y + l_permits + l_highway + l_gdp,1.008940854181556,0
forest_m4_n15,lagged,08,Colorado,2019,16600000,15392345.793551054,14800000,15150000,140,2018,2016,l_lag_y + l_permits + l_highway + l_gdp,1.008940854181556,0
forest_m4_n15,lagged,09,Connecticut,2019,10500000,9960144.609751705,9520000,9547500,140,2018,2016,l_lag_y + l_permits + l_highway + l_gdp,1.008940854181556,0
forest_m4_n15,lagged,12,Florida,2019,81300000,91375363.47221372,76800000,73675000,140,2018,2016,l_lag_y + l_permits + l_highway + l_gdp,1.008940854181556,0
forest_m4_n15,lagged,13,Georgia,2019,57600000,54066492.83990363,53300000,52075000,140,2018,2016,l_lag_y + l_permits + l_highway + l_gdp,1.008940854181556,0
forest_m4_n15,lagged,15,Hawaii,2019,5770000,4640832.608610609,4680000,5040000,140,2018,2016,l_lag_y + l_permits + l_highway + l_gdp,1.008940854181556,0
forest_m4_n15,lagged,16,Idaho,2019,4210000,4531451.963705479,4600000,4622500,140,2018,2016,l_lag_y + l_permits + l_highway + l_gdp,1.008940854181556,0
forest_m4_n15,lagged,17,Illinois,2019,49800000,50491575.115081556,48600000,50700000,140,2018,2016,l_lag_y + l_permits + l_highway + l_gdp,1.008940854181556,0
forest_m4_n15,lagged,18,Indiana,2019,51400000,50354285.1047108,50300000,49050000,140,2018,2016,l_lag_y + l_permits + l_highway + l_gdp,1.008940854181556,0
forest_m4_n15,lagged,19,Iowa,2019,41700000,39301040.19785983,39200000,38000000,140,2018,2016,l_lag_y + l_permits + l_highway + l_gdp,1.008940854181556,0
forest_m4_n15,lagged,20,Kansas,2019,15100000,15086604.654455788,15400000,16575000,140,2018,2016,l_lag_y + l_permits + l_highway + l_gdp,1.008940854181556,0
forest_m4_n15,lagged,21,Kentucky,2019,52100000,49715889.5619447,49700000,51475000,140,2018,2016,l_lag_y + l_permits + l_highway + l_gdp,1.008940854181556,0
forest_m4_n15,lagged,23,Maine,2019,4500000,4480395.077302036,4040000,4245000,140,2018,2016,l_lag_y + l_permits + l_highway + l_gdp,1.008940854181556,0
forest_m4_n15,lagged,24,Maryland,2019,25700000,24818385.273691487,22500000,22900000,140,2018,2016,l_lag_y + l_permits + l_highway + l_gdp,1.008940854181556,0
forest_m4_n15,lagged,26,Michigan,2019,35400000,37613676.724985,37400000,35375000,140,2018,2016,l_lag_y + l_permits + l_highway + l_gdp,1.008940854181556,0
forest_m4_n15,lagged,27,Minnesota,2019,8010000,7760188.4474976435,7710000,7487500,140,2018,2016,l_lag_y + l_permits + l_highway + l_gdp,1.008940854181556,0
forest_m4_n15,lagged,28,Mississippi,2019,2090000,1660153.054082159,2060000,2055000,140,2018,2016,l_lag_y + l_permits + l_highway + l_gdp,1.008940854181556,0
forest_m4_n15,lagged,29,Missouri,2019,74000000,84328539.80364136,71400000,72200000,140,2018,2016,l_lag_y + l_permits + l_highway + l_gdp,1.008940854181556,0
forest_m4_n15,lagged,30,Montana,2019,2900000,2053247.7783085292,2760000,2767500,140,2018,2016,l_lag_y + l_permits + l_highway + l_gdp,1.008940854181556,0
forest_m4_n15,lagged,32,Nevada,2019,12400000,12794942.219484424,12200000,10572500,140,2018,2016,l_lag_y + l_permits + l_highway + l_gdp,1.008940854181556,0
forest_m4_n15,lagged,33,New Hampshire,2019,5430000,4979995.214922682,5250000,5412500,140,2018,2016,l_lag_y + l_permits + l_highway + l_gdp,1.008940854181556,0
forest_m4_n15,lagged,34,New Jersey,2019,18400000,16820394.121648956,17800000,17350000,140,2018,2016,l_lag_y + l_permits + l_highway + l_gdp,1.008940854181556,0
forest_m4_n15,lagged,35,New Mexico,2019,4220000,4478622.656944413,4300000,4670000,140,2018,2016,l_lag_y + l_permits + l_highway + l_gdp,1.008940854181556,0
forest_m4_n15,lagged,36,New York,2019,39100000,40421506.65080645,39800000,38950000,140,2018,2016,l_lag_y + l_permits + l_highway + l_gdp,1.008940854181556,0
forest_m4_n15,lagged,37,North Carolina,2019,60700000,55114620.30139927,56100000,54900000,140,2018,2016,l_lag_y + l_permits + l_highway + l_gdp,1.008940854181556,0
forest_m4_n15,lagged,38,North Dakota,2019,337000,1006960.0127673245,326000,568750,140,2018,2016,l_lag_y + l_permits + l_highway + l_gdp,1.008940854181556,0
forest_m4_n15,lagged,39,Ohio,2019,67900000,82057914.68173623,66000000,61550000,140,2018,2016,l_lag_y + l_permits + l_highway + l_gdp,1.008940854181556,0
forest_m4_n15,lagged,40,Oklahoma,2019,38400000,37701145.953526124,36800000,37050000,140,2018,2016,l_lag_y + l_permits + l_highway + l_gdp,1.008940854181556,0
forest_m4_n15,lagged,42,Pennsylvania,2019,95500000,89509384.48396225,87600000,88250000,140,2018,2016,l_lag_y + l_permits + l_highway + l_gdp,1.008940854181556,0
forest_m4_n15,lagged,44,Rhode Island,2019,1930000,1674680.6654207888,1800000,2167500,140,2018,2016,l_lag_y + l_permits + l_highway + l_gdp,1.008940854181556,0
forest_m4_n15,lagged,45,South Carolina,2019,29200000,26784155.468411494,27500000,27100000,140,2018,2016,l_lag_y + l_permits + l_highway + l_gdp,1.008940854181556,0
forest_m4_n15,lagged,46,South Dakota,2019,6940000,6971099.077603753,6520000,6597500,140,2018,2016,l_lag_y + l_permits + l_highway + l_gdp,1.008940854181556,0
forest_m4_n15,lagged,47,Tennessee,2019,50400000,47949954.95305268,45100000,43750000,140,2018,2016,l_lag_y + l_permits + l_highway + l_gdp,1.008940854181556,0
forest_m4_n15,lagged,48,Texas,2019,191000000,115526461.413626,178000000,163500000,140,2018,2016,l_lag_y + l_permits + l_highway + l_gdp,1.008940854181556,0
forest_m4_n15,lagged,49,Utah,2019,10800000,10052560.267383013,10100000,9020000,140,2018,2016,l_lag_y + l_permits + l_highway + l_gdp,1.008940854181556,0
forest_m4_n15,lagged,50,Vermont,2019,5400000,4829509.753481275,5080000,4832500,140,2018,2016,l_lag_y + l_permits + l_highway + l_gdp,1.008940854181556,0
forest_m4_n15,lagged,51,Virginia,2019,51400000,50561881.21000503,49500000,49750000,140,2018,2016,l_lag_y + l_permits + l_highway + l_gdp,1.008940854181556,0
forest_m4_n15,lagged,53,Washington,2019,15400000,15525243.982330373,15700000,15300000,140,2018,2016,l_lag_y + l_permits + l_highway + l_gdp,1.008940854181556,0
forest_m4_n15,lagged,54,West Virginia,2019,16900000,15363856.641389424,15600000,14575000,140,2018,2016,l_lag_y + l_permits + l_highway + l_gdp,1.008940854181556,0
forest_m4_n15,lagged,55,Wisconsin,2019,27800000,26413094.506997358,26300000,24750000,140,2018,2016,l_lag_y + l_permits + l_highway + l_gdp,1.008940854181556,0
forest_m4_n15,lagged,56,Wyoming,2019,10900000,9823573.720151579,9330000,11857500,140,2018,2016,l_lag_y + l_permits + l_highway + l_gdp,1.008940854181556,0
forest_m4_n15,lagged,01,Alabama,2020,40700000,40957791.06131585,41100000,37680000,185,2019,2016,l_lag_y + l_permits + l_highway + l_gdp,1.0043968019272407,0
forest_m4_n15,lagged,02,Alaska,2020,1530000,1667110.0518536973,1540000,1158000,185,2019,2016,l_lag_y + l_permits + l_highway + l_gdp,1.0043968019272407,0
forest_m4_n15,lagged,04,Arizona,2020,11000000,10656224.543481657,10900000,10444000,185,2019,2016,l_lag_y + l_permits + l_highway + l_gdp,1.0043968019272407,0
forest_m4_n15,lagged,05,Arkansas,2020,31100000,28237489.74867913,29600000,29340000,185,2019,2016,l_lag_y + l_permits + l_highway + l_gdp,1.0043968019272407,0
forest_m4_n15,lagged,06,California,2020,40300000,41991867.27812,41900000,39600000,185,2019,2016,l_lag_y + l_permits + l_highway + l_gdp,1.0043968019272407,0
forest_m4_n15,lagged,08,Colorado,2020,17300000,16681385.137781568,16600000,15440000,185,2019,2016,l_lag_y + l_permits + l_highway + l_gdp,1.0043968019272407,0
forest_m4_n15,lagged,09,Connecticut,2020,10300000,10207133.961299282,10500000,9738000,185,2019,2016,l_lag_y + l_permits + l_highway + l_gdp,1.0043968019272407,0
forest_m4_n15,lagged,12,Florida,2020,83400000,89043646.01539725,81300000,75200000,185,2019,2016,l_lag_y + l_permits + l_highway + l_gdp,1.0043968019272407,0
forest_m4_n15,lagged,13,Georgia,2020,59300000,58950548.539338276,57600000,53180000,185,2019,2016,l_lag_y + l_permits + l_highway + l_gdp,1.0043968019272407,0
forest_m4_n15,lagged,15,Hawaii,2020,5880000,5252032.971672303,5770000,5186000,185,2019,2016,l_lag_y + l_permits + l_highway + l_gdp,1.0043968019272407,0
forest_m4_n15,lagged,16,Idaho,2020,4620000,4370081.620841384,4210000,4540000,185,2019,2016,l_lag_y + l_permits + l_highway + l_gdp,1.0043968019272407,0
forest_m4_n15,lagged,17,Illinois,2020,53700000,50278923.43504029,49800000,50520000,185,2019,2016,l_lag_y + l_permits + l_highway + l_gdp,1.0043968019272407,0
forest_m4_n15,lagged,18,Indiana,2020,52400000,50273712.192847356,51400000,49520000,185,2019,2016,l_lag_y + l_permits + l_highway + l_gdp,1.0043968019272407,0
forest_m4_n15,lagged,19,Iowa,2020,39600000,40867132.266324386,41700000,38740000,185,2019,2016,l_lag_y + l_permits + l_highway + l_gdp,1.0043968019272407,0
forest_m4_n15,lagged,20,Kansas,2020,17800000,14367424.760335658,15100000,16280000,185,2019,2016,l_lag_y + l_permits + l_highway + l_gdp,1.0043968019272407,0
forest_m4_n15,lagged,21,Kentucky,2020,50000000,50847247.230333984,52100000,51600000,185,2019,2016,l_lag_y + l_permits + l_highway + l_gdp,1.0043968019272407,0
forest_m4_n15,lagged,23,Maine,2020,4690000,4361703.891179317,4500000,4296000,185,2019,2016,l_lag_y + l_permits + l_highway + l_gdp,1.0043968019272407,0
forest_m4_n15,lagged,24,Maryland,2020,24600000,26427081.327746574,25700000,23460000,185,2019,2016,l_lag_y + l_permits + l_highway + l_gdp,1.0043968019272407,0
forest_m4_n15,lagged,25,Massachusetts,2020,13000000,15077610.515132042,13400000,12980000,185,2019,2016,l_lag_y + l_permits + l_highway + l_gdp,1.0043968019272407,0
forest_m4_n15,lagged,26,Michigan,2020,32800000,37981457.92820735,35400000,35380000,185,2019,2016,l_lag_y + l_permits + l_highway + l_gdp,1.0043968019272407,0
forest_m4_n15,lagged,27,Minnesota,2020,8580000,8663634.11385729,8010000,7592000,185,2019,2016,l_lag_y + l_permits + l_highway + l_gdp,1.0043968019272407,0
forest_m4_n15,lagged,28,Mississippi,2020,1320000,1801274.6161430152,2090000,2062000,185,2019,2016,l_lag_y + l_permits + l_highway + l_gdp,1.0043968019272407,0
forest_m4_n15,lagged,29,Missouri,2020,81700000,78475724.7074441,74000000,72560000,185,2019,2016,l_lag_y + l_permits + l_highway + l_gdp,1.0043968019272407,0
forest_m4_n15,lagged,30,Montana,2020,2890000,2306502.9402283668,2900000,2794000,185,2019,2016,l_lag_y + l_permits + l_highway + l_gdp,1.0043968019272407,0
forest_m4_n15,lagged,32,Nevada,2020,11200000,12638166.612723066,12400000,10938000,185,2019,2016,l_lag_y + l_permits + l_highway + l_gdp,1.0043968019272407,0
forest_m4_n15,lagged,33,New Hampshire,2020,5310000,5235731.166148803,5430000,5416000,185,2019,2016,l_lag_y + l_permits + l_highway + l_gdp,1.0043968019272407,0
forest_m4_n15,lagged,34,New Jersey,2020,17300000,17719314.01864288,18400000,17560000,185,2019,2016,l_lag_y + l_permits + l_highway + l_gdp,1.0043968019272407,0
forest_m4_n15,lagged,35,New Mexico,2020,4930000,4371897.826331646,4220000,4580000,185,2019,2016,l_lag_y + l_permits + l_highway + l_gdp,1.0043968019272407,0
forest_m4_n15,lagged,36,New York,2020,36700000,40331246.8861552,39100000,38980000,185,2019,2016,l_lag_y + l_permits + l_highway + l_gdp,1.0043968019272407,0
forest_m4_n15,lagged,37,North Carolina,2020,55900000,64693501.04620109,60700000,56060000,185,2019,2016,l_lag_y + l_permits + l_highway + l_gdp,1.0043968019272407,0
forest_m4_n15,lagged,38,North Dakota,2020,411000,718896.3836810266,337000,522400,185,2019,2016,l_lag_y + l_permits + l_highway + l_gdp,1.0043968019272407,0
forest_m4_n15,lagged,39,Ohio,2020,66800000,77334880.73115675,67900000,62820000,185,2019,2016,l_lag_y + l_permits + l_highway + l_gdp,1.0043968019272407,0
forest_m4_n15,lagged,40,Oklahoma,2020,38300000,37353483.8445816,38400000,37320000,185,2019,2016,l_lag_y + l_permits + l_highway + l_gdp,1.0043968019272407,0
forest_m4_n15,lagged,42,Pennsylvania,2020,88500000,88850604.26391564,95500000,89700000,185,2019,2016,l_lag_y + l_permits + l_highway + l_gdp,1.0043968019272407,0
forest_m4_n15,lagged,44,Rhode Island,2020,2030000,1805796.1958870846,1930000,2120000,185,2019,2016,l_lag_y + l_permits + l_highway + l_gdp,1.0043968019272407,0
forest_m4_n15,lagged,45,South Carolina,2020,27900000,27355120.25977493,29200000,27520000,185,2019,2016,l_lag_y + l_permits + l_highway + l_gdp,1.0043968019272407,0
forest_m4_n15,lagged,46,South Dakota,2020,8000000,7080147.381061859,6940000,6666000,185,2019,2016,l_lag_y + l_permits + l_highway + l_gdp,1.0043968019272407,0
forest_m4_n15,lagged,47,Tennessee,2020,52300000,51676777.186863355,50400000,45080000,185,2019,2016,l_lag_y + l_permits + l_highway + l_gdp,1.0043968019272407,0
forest_m4_n15,lagged,48,Texas,2020,189000000,148886037.4988429,191000000,169000000,185,2019,2016,l_lag_y + l_permits + l_highway + l_gdp,1.0043968019272407,0
forest_m4_n15,lagged,49,Utah,2020,12300000,10383860.718010338,10800000,9376000,185,2019,2016,l_lag_y + l_permits + l_highway + l_gdp,1.0043968019272407,0
forest_m4_n15,lagged,50,Vermont,2020,5230000,5204670.694477019,5400000,4946000,185,2019,2016,l_lag_y + l_permits + l_highway + l_gdp,1.0043968019272407,0
forest_m4_n15,lagged,51,Virginia,2020,53100000,50511785.37850339,51400000,50080000,185,2019,2016,l_lag_y + l_permits + l_highway + l_gdp,1.0043968019272407,0
forest_m4_n15,lagged,53,Washington,2020,15200000,15591507.63505309,15400000,15320000,185,2019,2016,l_lag_y + l_permits + l_highway + l_gdp,1.0043968019272407,0
forest_m4_n15,lagged,54,West Virginia,2020,13600000,16625002.989841625,16900000,15040000,185,2019,2016,l_lag_y + l_permits + l_highway + l_gdp,1.0043968019272407,0
forest_m4_n15,lagged,55,Wisconsin,2020,25100000,27208526.07374805,27800000,25360000,185,2019,2016,l_lag_y + l_permits + l_highway + l_gdp,1.0043968019272407,0
forest_m4_n15,lagged,56,Wyoming,2020,9560000,10192637.835472463,10900000,11666000,185,2019,2016,l_lag_y + l_permits + l_highway + l_gdp,1.0043968019272407,0
forest_m4_n15,lagged,01,Alabama,2021,43800000,40727498.09219274,40700000,38183333.333333336,231,2020,2016,l_lag_y + l_permits + l_highway + l_gdp,1.0022838020923104,0
forest_m4_n15,lagged,02,Alaska,2021,807000,1724847.5650472408,1530000,1220000,231,2020,2016,l_lag_y + l_permits + l_highway + l_gdp,1.0022838020923104,0
forest_m4_n15,lagged,04,Arizona,2021,11400000,11187716.882908467,11000000,10536666.666666666,231,2020,2016,l_lag_y + l_permits + l_highway + l_gdp,1.0022838020923104,0
forest_m4_n15,lagged,05,Arkansas,2021,34100000,30603299.783266336,31100000,29633333.333333332,231,2020,2016,l_lag_y + l_permits + l_highway + l_gdp,1.0022838020923104,0
forest_m4_n15,lagged,06,California,2021,38300000,40815251.19640264,40300000,39716666.666666664,231,2020,2016,l_lag_y + l_permits + l_highway + l_gdp,1.0022838020923104,0
forest_m4_n15,lagged,08,Colorado,2021,17000000,17084202.484869745,17300000,15750000,231,2020,2016,l_lag_y + l_permits + l_highway + l_gdp,1.0022838020923104,0
forest_m4_n15,lagged,09,Connecticut,2021,10400000,10054224.488470523,10300000,9831666.666666666,231,2020,2016,l_lag_y + l_permits + l_highway + l_gdp,1.0022838020923104,0
forest_m4_n15,lagged,12,Florida,2021,86600000,100174383.58073309,83400000,76566666.66666667,231,2020,2016,l_lag_y + l_permits + l_highway + l_gdp,1.0022838020923104,0
forest_m4_n15,lagged,13,Georgia,2021,61200000,60646026.39578092,59300000,54200000,231,2020,2016,l_lag_y + l_permits + l_highway + l_gdp,1.0022838020923104,0
forest_m4_n15,lagged,15,Hawaii,2021,5850000,5685349.904545802,5880000,5301666.666666667,231,2020,2016,l_lag_y + l_permits + l_highway + l_gdp,1.0022838020923104,0
forest_m4_n15,lagged,16,Idaho,2021,5370000,4532607.213588382,4620000,4553333.333333333,231,2020,2016,l_lag_y + l_permits + l_highway + l_gdp,1.0022838020923104,0
forest_m4_n15,lagged,17,Illinois,2021,51500000,51550479.07978857,53700000,51050000,231,2020,2016,l_lag_y + l_permits + l_highway + l_gdp,1.0022838020923104,0
forest_m4_n15,lagged,18,Indiana,2021,52300000,51151007.03353362,52400000,50000000,231,2020,2016,l_lag_y + l_permits + l_highway + l_gdp,1.0022838020923104,0
forest_m4_n15,lagged,19,Iowa,2021,35600000,40479269.504517905,39600000,38883333.333333336,231,2020,2016,l_lag_y + l_permits + l_highway + l_gdp,1.0022838020923104,0
forest_m4_n15,lagged,20,Kansas,2021,19400000,17380785.00876561,17800000,16533333.333333334,231,2020,2016,l_lag_y + l_permits + l_highway + l_gdp,1.0022838020923104,0
forest_m4_n15,lagged,21,Kentucky,2021,51100000,50612743.60632281,50000000,51333333.333333336,231,2020,2016,l_lag_y + l_permits + l_highway + l_gdp,1.0022838020923104,0
forest_m4_n15,lagged,23,Maine,2021,4700000,4581786.293421795,4690000,4361666.666666667,231,2020,2016,l_lag_y + l_permits + l_highway + l_gdp,1.0022838020923104,0
forest_m4_n15,lagged,24,Maryland,2021,25700000,24881657.895778403,24600000,23650000,231,2020,2016,l_lag_y + l_permits + l_highway + l_gdp,1.0022838020923104,0
forest_m4_n15,lagged,26,Michigan,2021,36000000,35907193.54831569,32800000,34950000,231,2020,2016,l_lag_y + l_permits + l_highway + l_gdp,1.0022838020923104,0
forest_m4_n15,lagged,27,Minnesota,2021,9130000,9587109.983781066,8580000,7756666.666666667,231,2020,2016,l_lag_y + l_permits + l_highway + l_gdp,1.0022838020923104,0
forest_m4_n15,lagged,28,Mississippi,2021,1320000,1579068.7378842311,1320000,1938333.3333333333,231,2020,2016,l_lag_y + l_permits + l_highway + l_gdp,1.0022838020923104,0
forest_m4_n15,lagged,29,Missouri,2021,85500000,86799352.55036072,81700000,74083333.33333333,231,2020,2016,l_lag_y + l_permits + l_highway + l_gdp,1.0022838020923104,0
forest_m4_n15,lagged,30,Montana,2021,2890000,2615363.5787646053,2890000,2810000,231,2020,2016,l_lag_y + l_permits + l_highway + l_gdp,1.0022838020923104,0
forest_m4_n15,lagged,32,Nevada,2021,9960000,11026393.17641617,11200000,10981666.666666666,231,2020,2016,l_lag_y + l_permits + l_highway + l_gdp,1.0022838020923104,0
forest_m4_n15,lagged,33,New Hampshire,2021,5070000,5296513.8545120405,5310000,5398333.333333333,231,2020,2016,l_lag_y + l_permits + l_highway + l_gdp,1.0022838020923104,0
forest_m4_n15,lagged,34,New Jersey,2021,17700000,17285392.091065083,17300000,17516666.666666668,231,2020,2016,l_lag_y + l_permits + l_highway + l_gdp,1.0022838020923104,0
forest_m4_n15,lagged,35,New Mexico,2021,4270000,4684439.620782695,4930000,4638333.333333333,231,2020,2016,l_lag_y + l_permits + l_highway + l_gdp,1.0022838020923104,0
forest_m4_n15,lagged,36,New York,2021,40600000,37895374.04614022,36700000,38600000,231,2020,2016,l_lag_y + l_permits + l_highway + l_gdp,1.0022838020923104,0
forest_m4_n15,lagged,37,North Carolina,2021,62300000,58385984.21321101,55900000,56033333.333333336,231,2020,2016,l_lag_y + l_permits + l_highway + l_gdp,1.0022838020923104,0
forest_m4_n15,lagged,38,North Dakota,2021,321000,559677.4410973935,411000,503833.3333333333,231,2020,2016,l_lag_y + l_permits + l_highway + l_gdp,1.0022838020923104,0
forest_m4_n15,lagged,39,Ohio,2021,72600000,70620062.36625242,66800000,63483333.333333336,231,2020,2016,l_lag_y + l_permits + l_highway + l_gdp,1.0022838020923104,0
forest_m4_n15,lagged,40,Oklahoma,2021,41500000,37448514.470458925,38300000,37483333.333333336,231,2020,2016,l_lag_y + l_permits + l_highway + l_gdp,1.0022838020923104,0
forest_m4_n15,lagged,41,Oregon,2021,21600000,22194912.438591983,20200000,20266666.666666668,231,2020,2016,l_lag_y + l_permits + l_highway + l_gdp,1.0022838020923104,0
forest_m4_n15,lagged,42,Pennsylvania,2021,93400000,87623739.50709477,88500000,89500000,231,2020,2016,l_lag_y + l_permits + l_highway + l_gdp,1.0022838020923104,0
forest_m4_n15,lagged,44,Rhode Island,2021,2150000,1808580.9024655377,2030000,2105000,231,2020,2016,l_lag_y + l_permits + l_highway + l_gdp,1.0022838020923104,0
forest_m4_n15,lagged,45,South Carolina,2021,31000000,27648802.423901428,27900000,27583333.333333332,231,2020,2016,l_lag_y + l_permits + l_highway + l_gdp,1.0022838020923104,0
forest_m4_n15,lagged,46,South Dakota,2021,8300000,8494154.219624605,8000000,6888333.333333333,231,2020,2016,l_lag_y + l_permits + l_highway + l_gdp,1.0022838020923104,0
forest_m4_n15,lagged,47,Tennessee,2021,56900000,53887637.57650761,52300000,46283333.333333336,231,2020,2016,l_lag_y + l_permits + l_highway + l_gdp,1.0022838020923104,0
forest_m4_n15,lagged,48,Texas,2021,190000000,169084032.88361546,189000000,172333333.33333334,231,2020,2016,l_lag_y + l_permits + l_highway + l_gdp,1.0022838020923104,0
forest_m4_n15,lagged,49,Utah,2021,13200000,11791327.136561219,12300000,9863333.333333334,231,2020,2016,l_lag_y + l_permits + l_highway + l_gdp,1.0022838020923104,0
forest_m4_n15,lagged,50,Vermont,2021,5320000,5273124.819582273,5230000,4993333.333333333,231,2020,2016,l_lag_y + l_permits + l_highway + l_gdp,1.0022838020923104,0
forest_m4_n15,lagged,51,Virginia,2021,54700000,51752609.884679064,53100000,50583333.333333336,231,2020,2016,l_lag_y + l_permits + l_highway + l_gdp,1.0022838020923104,0
forest_m4_n15,lagged,53,Washington,2021,16700000,15684336.096144259,15200000,15300000,231,2020,2016,l_lag_y + l_permits + l_highway + l_gdp,1.0022838020923104,0
forest_m4_n15,lagged,54,West Virginia,2021,14200000,13969495.4019301,13600000,14800000,231,2020,2016,l_lag_y + l_permits + l_highway + l_gdp,1.0022838020923104,0
forest_m4_n15,lagged,55,Wisconsin,2021,25700000,25435769.77280866,25100000,25316666.666666668,231,2020,2016,l_lag_y + l_permits + l_highway + l_gdp,1.0022838020923104,0
forest_m4_n15,lagged,56,Wyoming,2021,7440000,9993254.13406771,9560000,11315000,231,2020,2016,l_lag_y + l_permits + l_highway + l_gdp,1.0022838020923104,0
