model,track,state_fips,state,year,actual,predicted,naive,training_state_mean,train_rows,train_max_year,train_min_year,feature_set,smearing,clipped_predictions,log_ratio_q05,log_ratio_q95,lower_90,upper_90,selected_before_test
naive_prior_year,lagged,01,Alabama,2022,43600000,43800000,43800000,38985714.28571428,277,2021,2016,,1,0,-0.12010437779799123,0.1348084995848642,38843060.56348306,50121112.021738715,FALSE
naive_prior_year,lagged,02,Alaska,2022,541000,807000,807000,1161000,277,2021,2016,,1,0,-0.12010437779799123,0.1348084995848642,715670.0884641742,923464.3242361449,FALSE
naive_prior_year,lagged,04,Arizona,2022,11200000,11400000,11400000,10660000,277,2021,2016,,1,0,-0.12010437779799123,0.1348084995848642,10109837.68090655,13045220.937164871,FALSE
naive_prior_year,lagged,05,Arkansas,2022,31800000,34100000,34100000,30271428.57142857,277,2021,2016,,1,0,-0.12010437779799123,0.1348084995848642,30240830.25604503,39021231.0488879,FALSE
naive_prior_year,lagged,06,California,2022,40400000,38300000,38300000,39514285.71428572,277,2021,2016,,1,0,-0.12010437779799123,0.1348084995848642,33965507.29637902,43827365.0783697,FALSE
naive_prior_year,lagged,08,Colorado,2022,17200000,17000000,17000000,15928571.42857143,277,2021,2016,,1,0,-0.12010437779799123,0.1348084995848642,15076073.734685205,19453399.6431406,FALSE
naive_prior_year,lagged,09,Connecticut,2022,10400000,10400000,10400000,9912857.142857144,277,2021,2016,,1,0,-0.12010437779799123,0.1348084995848642,9223009.81416036,11900903.311097777,FALSE
naive_prior_year,lagged,12,Florida,2022,91100000,86600000,86600000,78000000,277,2021,2016,,1,0,-0.12010437779799123,0.1348084995848642,76799293.26021993,99097906.41741034,FALSE
naive_prior_year,lagged,13,Georgia,2022,63400000,61200000,61200000,55200000,277,2021,2016,,1,0,-0.12010437779799123,0.1348084995848642,54273865.44486674,70032238.71530615,FALSE
naive_prior_year,lagged,15,Hawaii,2022,5570000,5850000,5850000,5380000,277,2021,2016,,1,0,-0.12010437779799123,0.1348084995848642,5187943.020465203,6694258.1124925,FALSE
naive_prior_year,lagged,16,Idaho,2022,5570000,5370000,5370000,4670000,277,2021,2016,,1,0,-0.12010437779799123,0.1348084995848642,4762265.644427032,6144985.651980295,FALSE
naive_prior_year,lagged,17,Illinois,2022,50700000,51500000,51500000,51114285.71428572,277,2021,2016,,1,0,-0.12010437779799123,0.1348084995848642,45671635.13742871,58932357.74245534,FALSE
naive_prior_year,lagged,18,Indiana,2022,55100000,52300000,52300000,50328571.428571425,277,2021,2016,,1,0,-0.12010437779799123,0.1348084995848642,46381097.43082566,59847811.843309015,FALSE
naive_prior_year,lagged,19,Iowa,2022,34900000,35600000,35600000,38414285.71428572,277,2021,2016,,1,0,-0.12010437779799123,0.1348084995848642,31571072.056164313,40737707.48798855,FALSE
naive_prior_year,lagged,20,Kansas,2022,19000000,19400000,19400000,16942857.14285714,277,2021,2016,,1,0,-0.12010437779799123,0.1348084995848642,17204460.614876058,22199761.94570162,FALSE
naive_prior_year,lagged,21,Kentucky,2022,53800000,51100000,51100000,51300000,277,2021,2016,,1,0,-0.12010437779799123,0.1348084995848642,45316903.99073023,58474630.6920285,FALSE
naive_prior_year,lagged,23,Maine,2022,4480000,4700000,4700000,4410000,277,2021,2016,,1,0,-0.12010437779799123,0.1348084995848642,4168090.973707086,5378292.842515342,FALSE
naive_prior_year,lagged,24,Maryland,2022,24400000,25700000,25700000,23942857.14285714,277,2021,2016,,1,0,-0.12010437779799123,0.1348084995848642,22791476.175377045,29408962.989924315,FALSE
naive_prior_year,lagged,25,Massachusetts,2022,12800000,12400000,12400000,12900000,277,2021,2016,,1,0,-0.12010437779799123,0.1348084995848642,10996665.547652738,14189538.563231966,FALSE
naive_prior_year,lagged,26,Michigan,2022,37200000,36000000,36000000,35100000,277,2021,2016,,1,0,-0.12010437779799123,0.1348084995848642,31925803.202862788,41195434.53841538,FALSE
naive_prior_year,lagged,27,Minnesota,2022,8550000,9130000,9130000,7952857.142857143,277,2021,2016,,1,0,-0.12010437779799123,0.1348084995848642,8096738.423392701,10447619.925992567,FALSE
naive_prior_year,lagged,28,Mississippi,2022,1700000,1320000,1320000,1850000,277,2021,2016,,1,0,-0.12010437779799123,0.1348084995848642,1170612.784104969,1510499.266408564,FALSE
naive_prior_year,lagged,29,Missouri,2022,85200000,85500000,85500000,75714285.71428572,277,2021,2016,,1,0,-0.12010437779799123,0.1348084995848642,75823782.60679913,97839157.02873653,FALSE
naive_prior_year,lagged,30,Montana,2022,2880000,2890000,2890000,2821428.5714285714,277,2021,2016,,1,0,-0.12010437779799123,0.1348084995848642,2562932.534896485,3307077.9393339017,FALSE
naive_prior_year,lagged,32,Nevada,2022,10100000,9960000,9960000,10835714.285714285,277,2021,2016,,1,0,-0.12010437779799123,0.1348084995848642,8832805.552792037,11397403.555628257,FALSE
naive_prior_year,lagged,33,New Hampshire,2022,5150000,5070000,5070000,5351428.571428572,277,2021,2016,,1,0,-0.12010437779799123,0.1348084995848642,4496217.284403176,5801690.364160166,FALSE
naive_prior_year,lagged,34,New Jersey,2022,17800000,17700000,17700000,17542857.14285714,277,2021,2016,,1,0,-0.12010437779799123,0.1348084995848642,15696853.241407536,20254421.981387563,FALSE
naive_prior_year,lagged,35,New Mexico,2022,4810000,4270000,4270000,4585714.285714285,277,2021,2016,,1,0,-0.12010437779799123,0.1348084995848642,3786754.991006225,4886236.263306491,FALSE
naive_prior_year,lagged,36,New York,2022,42000000,40600000,40600000,38885714.28571428,277,2021,2016,,1,0,-0.12010437779799123,0.1348084995848642,36005211.38989525,46459295.61832402,FALSE
naive_prior_year,lagged,37,North Carolina,2022,62700000,62300000,62300000,56928571.428571425,277,2021,2016,,1,0,-0.12010437779799123,0.1348084995848642,55249376.098287545,71290988.10397996,FALSE
naive_prior_year,lagged,38,North Dakota,2022,311000,321000,321000,477714.28571428574,277,2021,2016,,1,0,-0.12010437779799123,0.1348084995848642,284671.7452255265,367325.95796753716,FALSE
naive_prior_year,lagged,39,Ohio,2022,75600000,72600000,72600000,64785714.28571428,277,2021,2016,,1,0,-0.12010437779799123,0.1348084995848642,64383703.12577329,83077459.65247102,FALSE
naive_prior_year,lagged,40,Oklahoma,2022,39900000,41500000,41500000,38057142.85714286,277,2021,2016,,1,0,-0.12010437779799123,0.1348084995848642,36803356.46996682,47489181.4817844,FALSE
naive_prior_year,lagged,41,Oregon,2022,24900000,21600000,21600000,20457142.85714286,277,2021,2016,,1,0,-0.12010437779799123,0.1348084995848642,19155481.921717674,24717260.72304923,FALSE
naive_prior_year,lagged,42,Pennsylvania,2022,91400000,93400000,93400000,90057142.85714285,277,2021,2016,,1,0,-0.12010437779799123,0.1348084995848642,82829722.754094,106879266.27466658,FALSE
naive_prior_year,lagged,44,Rhode Island,2022,2490000,2150000,2150000,2111428.5714285714,277,2021,2016,,1,0,-0.12010437779799123,0.1348084995848642,1906679.9135043053,2460282.896044252,FALSE
naive_prior_year,lagged,45,South Carolina,2022,33800000,31000000,31000000,28071428.57142857,277,2021,2016,,1,0,-0.12010437779799123,0.1348084995848642,27491663.869131844,35473846.408079915,FALSE
naive_prior_year,lagged,46,South Dakota,2022,7790000,8300000,8300000,7090000,277,2021,2016,,1,0,-0.12010437779799123,0.1348084995848642,7360671.293993365,9497836.29635688,FALSE
naive_prior_year,lagged,47,Tennessee,2022,60500000,56900000,56900000,47800000,277,2021,2016,,1,0,-0.12010437779799123,0.1348084995848642,50460505.61785813,65111672.92321765,FALSE
naive_prior_year,lagged,48,Texas,2022,202000000,190000000,190000000,174857142.85714287,277,2021,2016,,1,0,-0.12010437779799123,0.1348084995848642,168497294.6817758,217420348.95274785,FALSE
naive_prior_year,lagged,49,Utah,2022,13400000,13200000,13200000,10340000,277,2021,2016,,1,0,-0.12010437779799123,0.1348084995848642,11706127.841049688,15104992.66408564,FALSE
naive_prior_year,lagged,50,Vermont,2022,5400000,5320000,5320000,5040000,277,2021,2016,,1,0,-0.12010437779799123,0.1348084995848642,4717924.251089723,6087769.77067694,FALSE
naive_prior_year,lagged,51,Virginia,2022,50800000,54700000,54700000,51171428.571428575,277,2021,2016,,1,0,-0.12010437779799123,0.1348084995848642,48509484.311016515,62594174.14587004,FALSE
naive_prior_year,lagged,53,Washington,2022,16700000,16700000,16700000,15500000,277,2021,2016,,1,0,-0.12010437779799123,0.1348084995848642,14810025.374661349,19110104.35532047,FALSE
naive_prior_year,lagged,54,West Virginia,2022,14000000,14200000,14200000,14714285.714285715,277,2021,2016,,1,0,-0.12010437779799123,0.1348084995848642,12592955.707795877,16249310.290152734,FALSE
naive_prior_year,lagged,55,Wisconsin,2022,27100000,25700000,25700000,25371428.57142857,277,2021,2016,,1,0,-0.12010437779799123,0.1348084995848642,22791476.175377045,29408962.989924315,FALSE
naive_prior_year,lagged,56,Wyoming,2022,7160000,7440000,7440000,10761428.57142857,277,2021,2016,,1,0,-0.12010437779799123,0.1348084995848642,6597999.328591643,8513723.13793918,FALSE
naive_prior_year,lagged,01,Alabama,2023,43300000,43600000,43600000,39562500,324,2022,2016,,1,0,-0.12010437779799123,0.1348084995848642,38665694.99013382,49892248.496525295,FALSE
naive_prior_year,lagged,02,Alaska,2023,589000,541000,541000,1083500,324,2022,2016,,1,0,-0.12010437779799123,0.1348084995848642,479773.875909688,619075.8357022979,FALSE
naive_prior_year,lagged,04,Arizona,2023,13400000,11200000,11200000,10727500,324,2022,2016,,1,0,-0.12010437779799123,0.1348084995848642,9932472.107557312,12816357.411951452,FALSE
naive_prior_year,lagged,05,Arkansas,2023,33000000,31800000,31800000,30462500,324,2022,2016,,1,0,-0.12010437779799123,0.1348084995848642,28201126.162528794,36389300.50893359,FALSE
naive_prior_year,lagged,06,California,2023,41500000,40400000,40400000,39625000,324,2022,2016,,1,0,-0.12010437779799123,0.1348084995848642,35827845.816546015,46230432.0931106,FALSE
naive_prior_year,lagged,08,Colorado,2023,15700000,17200000,17200000,16087500,324,2022,2016,,1,0,-0.12010437779799123,0.1348084995848642,15253439.308034442,19682263.168354016,FALSE
naive_prior_year,lagged,09,Connecticut,2023,11000000,10400000,10400000,9973750,324,2022,2016,,1,0,-0.12010437779799123,0.1348084995848642,9223009.81416036,11900903.311097777,FALSE
naive_prior_year,lagged,12,Florida,2023,95000000,91100000,91100000,79637500,324,2022,2016,,1,0,-0.12010437779799123,0.1348084995848642,80790018.66057777,104247335.73471226,FALSE
naive_prior_year,lagged,13,Georgia,2023,67300000,63400000,63400000,56225000,324,2022,2016,,1,0,-0.12010437779799123,0.1348084995848642,56224886.75170835,72549737.49265376,FALSE
naive_prior_year,lagged,15,Hawaii,2023,6260000,5570000,5570000,5403750,324,2022,2016,,1,0,-0.12010437779799123,0.1348084995848642,4939631.21777627,6373849.177193713,FALSE
naive_prior_year,lagged,16,Idaho,2023,5400000,5570000,5570000,4782500,324,2022,2016,,1,0,-0.12010437779799123,0.1348084995848642,4939631.21777627,6373849.177193713,FALSE
naive_prior_year,lagged,17,Illinois,2023,54200000,50700000,50700000,51062500,324,2022,2016,,1,0,-0.12010437779799123,0.1348084995848642,44962172.84403176,58016903.64160167,FALSE
naive_prior_year,lagged,18,Indiana,2023,55700000,55100000,55100000,50925000,324,2022,2016,,1,0,-0.12010437779799123,0.1348084995848642,48864215.45771499,63051901.19629688,FALSE
naive_prior_year,lagged,19,Iowa,2023,33500000,34900000,34900000,37975000,324,2022,2016,,1,0,-0.12010437779799123,0.1348084995848642,30950292.54944198,39936685.14974158,FALSE
naive_prior_year,lagged,20,Kansas,2023,18700000,19000000,19000000,17200000,324,2022,2016,,1,0,-0.12010437779799123,0.1348084995848642,16849729.468177583,21742034.895274784,FALSE
naive_prior_year,lagged,21,Kentucky,2023,55500000,53800000,53800000,51612500,324,2022,2016,,1,0,-0.12010437779799123,0.1348084995848642,47711339.23094494,61564288.28240965,FALSE
naive_prior_year,lagged,23,Maine,2023,4260000,4480000,4480000,4418750,324,2022,2016,,1,0,-0.12010437779799123,0.1348084995848642,3972988.8430229244,5126542.964780581,FALSE
naive_prior_year,lagged,24,Maryland,2023,23800000,24400000,24400000,24000000,324,2022,2016,,1,0,-0.12010437779799123,0.1348084995848642,21638599.948607,27921350.076037094,FALSE
naive_prior_year,lagged,25,Massachusetts,2023,12300000,12800000,12800000,12887500,324,2022,2016,,1,0,-0.12010437779799123,0.1348084995848642,11351396.694351213,14647265.613658803,FALSE
naive_prior_year,lagged,26,Michigan,2023,34400000,37200000,37200000,35362500,324,2022,2016,,1,0,-0.12010437779799123,0.1348084995848642,32989996.642958213,42568615.689695895,FALSE
naive_prior_year,lagged,27,Minnesota,2023,8810000,8550000,8550000,8027500,324,2022,2016,,1,0,-0.12010437779799123,0.1348084995848642,7582378.260679912,9783915.702873653,FALSE
naive_prior_year,lagged,28,Mississippi,2023,2300000,1700000,1700000,1831250,324,2022,2016,,1,0,-0.12010437779799123,0.1348084995848642,1507607.3734685206,1945339.9643140598,FALSE
naive_prior_year,lagged,29,Missouri,2023,86100000,85200000,85200000,76900000,324,2022,2016,,1,0,-0.12010437779799123,0.1348084995848642,75557734.24677525,97495861.7409164,FALSE
naive_prior_year,lagged,30,Montana,2023,2870000,2880000,2880000,2828750,324,2022,2016,,1,0,-0.12010437779799123,0.1348084995848642,2554064.256229023,3295634.7630732306,FALSE
naive_prior_year,lagged,32,Nevada,2023,10000000,10100000,10100000,10743750,324,2022,2016,,1,0,-0.12010437779799123,0.1348084995848642,8956961.454136504,11557608.02327765,FALSE
naive_prior_year,lagged,33,New Hampshire,2023,5130000,5150000,5150000,5326250,324,2022,2016,,1,0,-0.12010437779799123,0.1348084995848642,4567163.513742871,5893235.774245534,FALSE
naive_prior_year,lagged,34,New Jersey,2023,18700000,17800000,17800000,17575000,324,2022,2016,,1,0,-0.12010437779799123,0.1348084995848642,15785536.028082157,20368853.743994273,FALSE
naive_prior_year,lagged,35,New Mexico,2023,4480000,4810000,4810000,4613750,324,2022,2016,,1,0,-0.12010437779799123,0.1348084995848642,4265642.039049167,5504167.781382722,FALSE
naive_prior_year,lagged,36,New York,2023,42200000,42000000,42000000,39275000,324,2022,2016,,1,0,-0.12010437779799123,0.1348084995848642,37246770.403339915,48061340.29481795,FALSE
naive_prior_year,lagged,37,North Carolina,2023,66800000,62700000,62700000,57650000,324,2022,2016,,1,0,-0.12010437779799123,0.1348084995848642,55604107.24498602,71748715.15440679,FALSE
naive_prior_year,lagged,38,North Dakota,2023,410000,311000,311000,456875,324,2022,2016,,1,0,-0.12010437779799123,0.1348084995848642,275803.4665580646,355882.7817068662,FALSE
naive_prior_year,lagged,39,Ohio,2023,73900000,75600000,75600000,66137500,324,2022,2016,,1,0,-0.12010437779799123,0.1348084995848642,67044186.72601185,86510412.53067231,FALSE
naive_prior_year,lagged,40,Oklahoma,2023,39500000,39900000,39900000,38287500,324,2022,2016,,1,0,-0.12010437779799123,0.1348084995848642,35384431.88317292,45658273.28007705,FALSE
naive_prior_year,lagged,41,Oregon,2023,23600000,24900000,24900000,21012500,324,2022,2016,,1,0,-0.12010437779799123,0.1348084995848642,22082013.881980095,28493508.88907064,FALSE
naive_prior_year,lagged,42,Pennsylvania,2023,88300000,91400000,91400000,90225000,324,2022,2016,,1,0,-0.12010437779799123,0.1348084995848642,81056067.02060163,104590631.02253239,FALSE
naive_prior_year,lagged,44,Rhode Island,2023,2400000,2490000,2490000,2158750,324,2022,2016,,1,0,-0.12010437779799123,0.1348084995848642,2208201.388198009,2849350.888907064,FALSE
naive_prior_year,lagged,45,South Carolina,2023,34700000,33800000,33800000,28787500,324,2022,2016,,1,0,-0.12010437779799123,0.1348084995848642,29974781.896021172,38677935.76106778,FALSE
naive_prior_year,lagged,46,South Dakota,2023,8150000,7790000,7790000,7177500,324,2022,2016,,1,0,-0.12010437779799123,0.1348084995848642,6908389.081952808,8914234.307062661,FALSE
naive_prior_year,lagged,47,Tennessee,2023,58900000,60500000,60500000,49387500,324,2022,2016,,1,0,-0.12010437779799123,0.1348084995848642,53653085.93814441,69231216.37705919,FALSE
naive_prior_year,lagged,48,Texas,2023,203000000,202000000,202000000,178250000,324,2022,2016,,1,0,-0.12010437779799123,0.1348084995848642,179139229.08273008,231152160.465553,FALSE
naive_prior_year,lagged,49,Utah,2023,12100000,13400000,13400000,10722500,324,2022,2016,,1,0,-0.12010437779799123,0.1348084995848642,11883493.414398925,15333856.18929906,FALSE
naive_prior_year,lagged,50,Vermont,2023,5630000,5400000,5400000,5085000,324,2022,2016,,1,0,-0.12010437779799123,0.1348084995848642,4788870.480429418,6179315.180762308,FALSE
naive_prior_year,lagged,51,Virginia,2023,52000000,50800000,50800000,51125000,324,2022,2016,,1,0,-0.12010437779799123,0.1348084995848642,45050855.63070638,58131335.40420838,FALSE
naive_prior_year,lagged,53,Washington,2023,16000000,16700000,16700000,15650000,324,2022,2016,,1,0,-0.12010437779799123,0.1348084995848642,14810025.374661349,19110104.35532047,FALSE
naive_prior_year,lagged,54,West Virginia,2023,14600000,14000000,14000000,14625000,324,2022,2016,,1,0,-0.12010437779799123,0.1348084995848642,12415590.13444664,16020446.764939316,FALSE
naive_prior_year,lagged,55,Wisconsin,2023,27600000,27100000,27100000,25587500,324,2022,2016,,1,0,-0.12010437779799123,0.1348084995848642,24033035.18882171,31011007.666418247,FALSE
naive_prior_year,lagged,56,Wyoming,2023,8510000,7160000,7160000,10311250,324,2022,2016,,1,0,-0.12010437779799123,0.1348084995848642,6349687.52590271,8193314.202640393,FALSE
state_historical_mean,lagged,01,Alabama,2022,43600000,38985714.28571428,43800000,38985714.28571428,277,2021,2016,,1,0,-0.2072407937077061,0.1805657524033709,31688520.468002208,46700787.666938715,FALSE
state_historical_mean,lagged,02,Alaska,2022,541000,1161000,807000,1161000,277,2021,2016,,1,0,-0.2072407937077061,0.1805657524033709,943688.552009725,1390755.9595793732,FALSE
state_historical_mean,lagged,04,Arizona,2022,11200000,10660000,11400000,10660000,277,2021,2016,,1,0,-0.2072407937077061,0.1805657524033709,8664702.811734427,12769559.456603032,FALSE
state_historical_mean,lagged,05,Arkansas,2022,31800000,30271428.57142857,34100000,30271428.57142857,277,2021,2016,,1,0,-0.2072407937077061,0.1805657524033709,24605340.73715525,36261989.39767063,FALSE
state_historical_mean,lagged,06,California,2022,40400000,39514285.71428572,38300000,39514285.71428572,277,2021,2016,,1,0,-0.2072407937077061,0.1805657524033709,32118155.959873255,47333960.676714,FALSE
state_historical_mean,lagged,08,Colorado,2022,17200000,15928571.42857143,17000000,15928571.42857143,277,2021,2016,,1,0,-0.2072407937077061,0.1805657524033709,12947123.606384194,19080754.21349823,FALSE
state_historical_mean,lagged,09,Connecticut,2022,10400000,9912857.142857144,10400000,9912857.142857144,277,2021,2016,,1,0,-0.2072407937077061,0.1805657524033709,8057407.238089679,11874560.850893654,FALSE
state_historical_mean,lagged,12,Florida,2022,91100000,78000000,86600000,78000000,277,2021,2016,,1,0,-0.2072407937077061,0.1805657524033709,63400264.476105556,93435800.9019734,FALSE
state_historical_mean,lagged,13,Georgia,2022,63400000,55200000,61200000,55200000,277,2021,2016,,1,0,-0.2072407937077061,0.1805657524033709,44867879.47539778,66123797.56139656,FALSE
state_historical_mean,lagged,15,Hawaii,2022,5570000,5380000,5850000,5380000,277,2021,2016,,1,0,-0.2072407937077061,0.1805657524033709,4372992.601044204,6444674.472469447,FALSE
state_historical_mean,lagged,16,Idaho,2022,5570000,4670000,5370000,4670000,277,2021,2016,,1,0,-0.2072407937077061,0.1805657524033709,3795887.629530935,5594169.1052848175,FALSE
state_historical_mean,lagged,17,Illinois,2022,50700000,51114285.71428572,51500000,51114285.71428572,277,2021,2016,,1,0,-0.2072407937077061,0.1805657524033709,41546913.24093511,61229541.32367415,FALSE
state_historical_mean,lagged,18,Indiana,2022,55100000,50328571.428571425,52300000,50328571.428571425,277,2021,2016,,1,0,-0.2072407937077061,0.1805657524033709,40908265.88815382,60288338.20103522,FALSE
state_historical_mean,lagged,19,Iowa,2022,34900000,38414285.71428572,35600000,38414285.71428572,277,2021,2016,,1,0,-0.2072407937077061,0.1805657524033709,31224049.66597946,46016276.305019505,FALSE
state_historical_mean,lagged,20,Kansas,2022,19000000,16942857.14285714,19400000,16942857.14285714,277,2021,2016,,1,0,-0.2072407937077061,0.1805657524033709,13771559.279974576,20295761.880904846,FALSE
state_historical_mean,lagged,21,Kentucky,2022,53800000,51300000,51100000,51300000,277,2021,2016,,1,0,-0.2072407937077061,0.1805657524033709,41697866.2515925,61452007.51629789,FALSE
state_historical_mean,lagged,23,Maine,2022,4480000,4410000,4700000,4410000,277,2021,2016,,1,0,-0.2072407937077061,0.1805657524033709,3584553.4146105833,5282716.435611573,FALSE
state_historical_mean,lagged,24,Maryland,2022,24400000,23942857.14285714,25700000,23942857.14285714,277,2021,2016,,1,0,-0.2072407937077061,0.1805657524033709,19461326.60475328,28681026.064415276,FALSE
state_historical_mean,lagged,25,Massachusetts,2022,12800000,12900000,12400000,12900000,277,2021,2016,,1,0,-0.2072407937077061,0.1805657524033709,10485428.35566361,15452843.99532637,FALSE
state_historical_mean,lagged,26,Michigan,2022,37200000,35100000,36000000,35100000,277,2021,2016,,1,0,-0.2072407937077061,0.1805657524033709,28530119.0142475,42046110.40588803,FALSE
state_historical_mean,lagged,27,Minnesota,2022,8550000,7952857.142857143,9130000,7952857.142857143,277,2021,2016,,1,0,-0.2072407937077061,0.1805657524033709,6464272.387151642,9526686.87951073,FALSE
state_historical_mean,lagged,28,Mississippi,2022,1700000,1850000,1320000,1850000,277,2021,2016,,1,0,-0.2072407937077061,0.1805657524033709,1503724.2215486574,2216105.5342134717,FALSE
state_historical_mean,lagged,29,Missouri,2022,85200000,75714285.71428572,85500000,75714285.71428572,277,2021,2016,,1,0,-0.2072407937077061,0.1805657524033709,61542381.26801455,90697755.45429653,FALSE
state_historical_mean,lagged,30,Montana,2022,2880000,2821428.5714285714,2890000,2821428.5714285714,277,2021,2016,,1,0,-0.2072407937077061,0.1805657524033709,2293324.5849873344,3379774.849476144,FALSE
state_historical_mean,lagged,32,Nevada,2022,10100000,10835714.285714285,9960000,10835714.285714285,277,2021,2016,,1,0,-0.2072407937077061,0.1805657524033709,8807527.583356421,12980046.70039319,FALSE
state_historical_mean,lagged,33,New Hampshire,2022,5150000,5351428.571428572,5070000,5351428.571428572,277,2021,2016,,1,0,-0.2072407937077061,0.1805657524033709,4349769.060943066,6410448.904373487,FALSE
state_historical_mean,lagged,34,New Jersey,2022,17800000,17542857.14285714,17700000,17542857.14285714,277,2021,2016,,1,0,-0.2072407937077061,0.1805657524033709,14259253.622098465,21014498.810920022,FALSE
state_historical_mean,lagged,35,New Mexico,2022,4810000,4585714.285714285,4270000,4585714.285714285,277,2021,2016,,1,0,-0.2072407937077061,0.1805657524033709,3727378.186232579,5493203.679401733,FALSE
state_historical_mean,lagged,36,New York,2022,42000000,38885714.28571428,40600000,38885714.28571428,277,2021,2016,,1,0,-0.2072407937077061,0.1805657524033709,31607238.077648226,46580998.17860285,FALSE
state_historical_mean,lagged,37,North Carolina,2022,62700000,56928571.428571425,62300000,56928571.428571425,277,2021,2016,,1,0,-0.2072407937077061,0.1805657524033709,46272903.6515166,68194444.4312022,FALSE
state_historical_mean,lagged,38,North Dakota,2022,311000,477714.28571428574,321000,477714.28571428574,277,2021,2016,,1,0,-0.2072407937077061,0.1805657524033709,388297.5904910201,572251.4985644672,FALSE
state_historical_mean,lagged,39,Ohio,2022,75600000,64785714.28571428,72600000,64785714.28571428,277,2021,2016,,1,0,-0.2072407937077061,0.1805657524033709,52659377.17932943,77606475.65759146,FALSE
state_historical_mean,lagged,40,Oklahoma,2022,39900000,38057142.85714286,41500000,38057142.85714286,277,2021,2016,,1,0,-0.2072407937077061,0.1805657524033709,30933755.414715238,45588456.70381999,FALSE
state_historical_mean,lagged,41,Oregon,2022,24900000,20457142.85714286,21600000,20457142.85714286,277,2021,2016,,1,0,-0.2072407937077061,0.1805657524033709,16628054.712414498,24505506.756708045,FALSE
state_historical_mean,lagged,42,Pennsylvania,2022,91400000,90057142.85714285,93400000,90057142.85714285,277,2021,2016,,1,0,-0.2072407937077061,0.1805657524033709,73200598.3987856,107878990.63846892,FALSE
state_historical_mean,lagged,44,Rhode Island,2022,2490000,2111428.5714285714,2150000,2111428.5714285714,277,2021,2016,,1,0,-0.2072407937077061,0.1805657524033709,1716219.6134740661,2529269.4822915145,FALSE
state_historical_mean,lagged,45,South Carolina,2022,33800000,28071428.57142857,31000000,28071428.57142857,277,2021,2016,,1,0,-0.2072407937077061,0.1805657524033709,22817128.149367657,33626620.65428164,FALSE
state_historical_mean,lagged,46,South Dakota,2022,7790000,7090000,8300000,7090000,277,2021,2016,,1,0,-0.2072407937077061,0.1805657524033709,5762921.476097287,8493074.72301271,FALSE
state_historical_mean,lagged,47,Tennessee,2022,60500000,47800000,56900000,47800000,277,2021,2016,,1,0,-0.2072407937077061,0.1805657524033709,38852982.58920315,57259375.42454267,FALSE
state_historical_mean,lagged,48,Texas,2022,202000000,174857142.85714287,190000000,174857142.85714287,277,2021,2016,,1,0,-0.2072407937077061,0.1805657524033709,142128065.4189619,209460476.74728104,FALSE
state_historical_mean,lagged,49,Utah,2022,13400000,10340000,13200000,10340000,277,2021,2016,,1,0,-0.2072407937077061,0.1805657524033709,8404599.162601685,12386233.093928268,FALSE
state_historical_mean,lagged,50,Vermont,2022,5400000,5040000,5320000,5040000,277,2021,2016,,1,0,-0.2072407937077061,0.1805657524033709,4096632.4738406665,6037390.212127512,FALSE
state_historical_mean,lagged,51,Virginia,2022,50800000,51171428.571428575,54700000,51171428.571428575,277,2021,2016,,1,0,-0.2072407937077061,0.1805657524033709,41593360.32113738,61297992.45986607,FALSE
state_historical_mean,lagged,53,Washington,2022,16700000,15500000,16700000,15500000,277,2021,2016,,1,0,-0.2072407937077061,0.1805657524033709,12598770.504867129,18567370.692058817,FALSE
state_historical_mean,lagged,54,West Virginia,2022,14000000,14714285.714285715,14200000,14714285.714285715,277,2021,2016,,1,0,-0.2072407937077061,0.1805657524033709,11960123.152085846,17626167.56941989,FALSE
state_historical_mean,lagged,55,Wisconsin,2022,27100000,25371428.57142857,25700000,25371428.57142857,277,2021,2016,,1,0,-0.2072407937077061,0.1805657524033709,20622503.60981016,30392304.469213326,FALSE
state_historical_mean,lagged,56,Wyoming,2022,7160000,10761428.57142857,7440000,10761428.57142857,277,2021,2016,,1,0,-0.2072407937077061,0.1805657524033709,8747146.379093464,12891060.223343693,FALSE
state_historical_mean,lagged,01,Alabama,2023,43300000,39562500,43600000,39562500,324,2022,2016,,1,0,-0.2072407937077061,0.1805657524033709,32157345.683793925,47391716.32287593,FALSE
state_historical_mean,lagged,02,Alaska,2023,589000,1083500,541000,1083500,324,2022,2016,,1,0,-0.2072407937077061,0.1805657524033709,880694.6994853894,1297919.1061190793,FALSE
state_historical_mean,lagged,04,Arizona,2023,13400000,10727500,11200000,10727500,324,2022,2016,,1,0,-0.2072407937077061,0.1805657524033709,8719568.425223364,12850417.36122974,FALSE
state_historical_mean,lagged,05,Arkansas,2023,33000000,30462500,31800000,30462500,324,2022,2016,,1,0,-0.2072407937077061,0.1805657524033709,24760648.16158161,36490872.88431237,FALSE
state_historical_mean,lagged,06,California,2023,41500000,39625000,40400000,39625000,324,2022,2016,,1,0,-0.2072407937077061,0.1805657524033709,32208147.17776516,47466584.753085844,FALSE
state_historical_mean,lagged,08,Colorado,2023,15700000,16087500,17200000,16087500,324,2022,2016,,1,0,-0.2072407937077061,0.1805657524033709,13076304.54819677,19271133.936032016,FALSE
state_historical_mean,lagged,09,Connecticut,2023,11000000,9973750,10400000,9973750,324,2022,2016,,1,0,-0.2072407937077061,0.1805657524033709,8106902.407930228,11947504.09289817,FALSE
state_historical_mean,lagged,12,Florida,2023,95000000,79637500,91100000,79637500,324,2022,2016,,1,0,-0.2072407937077061,0.1805657524033709,64731263.618152,95397353.77347316,FALSE
state_historical_mean,lagged,13,Georgia,2023,67300000,56225000,63400000,56225000,324,2022,2016,,1,0,-0.2072407937077061,0.1805657524033709,45701023.97652609,67351639.81683916,FALSE
state_historical_mean,lagged,15,Hawaii,2023,6260000,5403750,5570000,5403750,324,2022,2016,,1,0,-0.2072407937077061,0.1805657524033709,4392297.168753275,6473124.475949215,FALSE
state_historical_mean,lagged,16,Idaho,2023,5400000,4782500,5570000,4782500,324,2022,2016,,1,0,-0.2072407937077061,0.1805657524033709,3887330.318679164,5728932.279662664,FALSE
state_historical_mean,lagged,17,Illinois,2023,54200000,51062500,50700000,51062500,324,2022,2016,,1,0,-0.2072407937077061,0.1805657524033709,41504820.5745018,61167507.481500216,FALSE
state_historical_mean,lagged,18,Indiana,2023,55700000,50925000,55100000,50925000,324,2022,2016,,1,0,-0.2072407937077061,0.1805657524033709,41393057.28776507,61002796.9350384,FALSE
state_historical_mean,lagged,19,Iowa,2023,33500000,37975000,34900000,37975000,324,2022,2016,,1,0,-0.2072407937077061,0.1805657524033709,30866987.73692447,45490058.1955441,FALSE
state_historical_mean,lagged,20,Kansas,2023,18700000,17200000,19000000,17200000,324,2022,2016,,1,0,-0.2072407937077061,0.1805657524033709,13980571.140884815,20603791.993768495,FALSE
state_historical_mean,lagged,21,Kentucky,2023,55500000,51612500,53800000,51612500,324,2022,2016,,1,0,-0.2072407937077061,0.1805657524033709,41951873.72144869,61826349.66734746,FALSE
state_historical_mean,lagged,23,Maine,2023,4260000,4418750,4480000,4418750,324,2022,2016,,1,0,-0.2072407937077061,0.1805657524033709,3591665.623766557,5293198.015840962,FALSE
state_historical_mean,lagged,24,Maryland,2023,23800000,24000000,24400000,24000000,324,2022,2016,,1,0,-0.2072407937077061,0.1805657524033709,19507773.684955556,28749477.2006072,FALSE
state_historical_mean,lagged,25,Massachusetts,2023,12300000,12887500,12800000,12887500,324,2022,2016,,1,0,-0.2072407937077061,0.1805657524033709,10475268.056869363,15437870.309284387,FALSE
state_historical_mean,lagged,26,Michigan,2023,34400000,35362500,37200000,35362500,324,2022,2016,,1,0,-0.2072407937077061,0.1805657524033709,28743485.288926702,42360557.812769674,FALSE
state_historical_mean,lagged,27,Minnesota,2023,8810000,8027500,8550000,8027500,324,2022,2016,,1,0,-0.2072407937077061,0.1805657524033709,6524943.885665864,9616101.176161429,FALSE
state_historical_mean,lagged,28,Mississippi,2023,2300000,1831250,1700000,1831250,324,2022,2016,,1,0,-0.2072407937077061,0.1805657524033709,1488483.773357286,2193645.0051504974,FALSE
state_historical_mean,lagged,29,Missouri,2023,86100000,76900000,85200000,76900000,324,2022,2016,,1,0,-0.2072407937077061,0.1805657524033709,62506158.18221176,92118116.5302789,FALSE
state_historical_mean,lagged,30,Montana,2023,2870000,2828750,2880000,2828750,324,2022,2016,,1,0,-0.2072407937077061,0.1805657524033709,2299275.617138251,3388545.151300734,FALSE
state_historical_mean,lagged,32,Nevada,2023,10000000,10743750,10100000,10743750,324,2022,2016,,1,0,-0.2072407937077061,0.1805657524033709,8732776.813655885,12869883.153084317,FALSE
state_historical_mean,lagged,33,New Hampshire,2023,5130000,5326250,5150000,5326250,324,2022,2016,,1,0,-0.2072407937077061,0.1805657524033709,4329303.316228938,6380287.622488921,FALSE
state_historical_mean,lagged,34,New Jersey,2023,18700000,17575000,17800000,17575000,324,2022,2016,,1,0,-0.2072407937077061,0.1805657524033709,14285380.104712246,21053002.57502798,FALSE
state_historical_mean,lagged,35,New Mexico,2023,4480000,4613750,4810000,4613750,324,2022,2016,,1,0,-0.2072407937077061,0.1805657524033709,3750166.284956821,5526787.518095895,FALSE
state_historical_mean,lagged,36,New York,2023,42200000,39275000,42000000,39275000,324,2022,2016,,1,0,-0.2072407937077061,0.1805657524033709,31923658.811526228,47047321.543910325,FALSE
state_historical_mean,lagged,37,North Carolina,2023,66800000,57650000,62700000,57650000,324,2022,2016,,1,0,-0.2072407937077061,0.1805657524033709,46859298.03907032,69058640.02562521,FALSE
state_historical_mean,lagged,38,North Dakota,2023,410000,456875,311000,456875,324,2022,2016,,1,0,-0.2072407937077061,0.1805657524033709,371358.9209297529,547288.2248344757,FALSE
state_historical_mean,lagged,39,Ohio,2023,73900000,66137500,75600000,66137500,324,2022,2016,,1,0,-0.2072407937077061,0.1805657524033709,53758140.9203645,79225772.84813161,FALSE
state_historical_mean,lagged,40,Oklahoma,2023,39500000,38287500,39900000,38287500,324,2022,2016,,1,0,-0.2072407937077061,0.1805657524033709,31120995.20678066,45864400.34659368,FALSE
state_historical_mean,lagged,41,Oregon,2023,23600000,21012500,24900000,21012500,324,2022,2016,,1,0,-0.2072407937077061,0.1805657524033709,17079462.273130357,25170766.236573283,FALSE
state_historical_mean,lagged,42,Pennsylvania,2023,88300000,90225000,91400000,90225000,324,2022,2016,,1,0,-0.2072407937077061,0.1805657524033709,73337036.69687979,108080065.85103269,FALSE
state_historical_mean,lagged,44,Rhode Island,2023,2400000,2158750,2490000,2158750,324,2022,2016,,1,0,-0.2072407937077061,0.1805657524033709,1754683.6017665751,2585955.57945045,FALSE
state_historical_mean,lagged,45,South Carolina,2023,34700000,28787500,33800000,28787500,324,2022,2016,,1,0,-0.2072407937077061,0.1805657524033709,23399168.12315242,34484398.95468666,FALSE
state_historical_mean,lagged,46,South Dakota,2023,8150000,7177500,7790000,7177500,324,2022,2016,,1,0,-0.2072407937077061,0.1805657524033709,5834043.567657021,8597890.525306592,FALSE
state_historical_mean,lagged,47,Tennessee,2023,58900000,49387500,60500000,49387500,324,2022,2016,,1,0,-0.2072407937077061,0.1805657524033709,40143340.536072604,59161033.5518745,FALSE
state_historical_mean,lagged,48,Texas,2023,203000000,178250000,202000000,178250000,324,2022,2016,,1,0,-0.2072407937077061,0.1805657524033709,144885860.80597198,213524762.9586764,FALSE
state_historical_mean,lagged,49,Utah,2023,12100000,10722500,13400000,10722500,324,2022,2016,,1,0,-0.2072407937077061,0.1805657524033709,8715504.305705665,12844427.886812946,FALSE
state_historical_mean,lagged,50,Vermont,2023,5630000,5085000,5400000,5085000,324,2022,2016,,1,0,-0.2072407937077061,0.1805657524033709,4133209.5494999583,6091295.48187865,FALSE
state_historical_mean,lagged,51,Virginia,2023,52000000,51125000,50800000,51125000,324,2022,2016,,1,0,-0.2072407937077061,0.1805657524033709,41555622.06847303,61242375.91171013,FALSE
state_historical_mean,lagged,53,Washington,2023,16000000,15650000,16700000,15650000,324,2022,2016,,1,0,-0.2072407937077061,0.1805657524033709,12720694.090398101,18747054.92456261,FALSE
state_historical_mean,lagged,54,West Virginia,2023,14600000,14625000,14000000,14625000,324,2022,2016,,1,0,-0.2072407937077061,0.1805657524033709,11887549.58926979,17519212.669120014,FALSE
state_historical_mean,lagged,55,Wisconsin,2023,27600000,25587500,27100000,25587500,324,2022,2016,,1,0,-0.2072407937077061,0.1805657524033709,20798131.63182501,30651135.32793903,FALSE
state_historical_mean,lagged,56,Wyoming,2023,8510000,10311250,7160000,10311250,324,2022,2016,,1,0,-0.2072407937077061,0.1805657524033709,8381230.475374916,12351793.616031708,FALSE
log_ar,lagged,01,Alabama,2022,43600000,45030548.30499322,43800000,38985714.28571428,277,2021,2016,l_lag_y,1.0050940703761542,0,-0.1302732180494161,0.1393811987867703,39530316.846834525,51765417.44736815,FALSE
log_ar,lagged,02,Alaska,2022,541000,778977.0341191941,807000,1161000,277,2021,2016,l_lag_y,1.0050940703761542,0,-0.1302732180494161,0.1393811987867703,683829.3144150915,895482.5750727421,FALSE
log_ar,lagged,04,Arizona,2022,11200000,11473874.628579764,11400000,10660000,277,2021,2016,l_lag_y,1.0050940703761542,0,-0.1302732180494161,0.1393811987867703,10072404.547610631,13189932.884324605,FALSE
log_ar,lagged,05,Arkansas,2022,31800000,34919762.311218835,34100000,30271428.57142857,277,2021,2016,l_lag_y,1.0050940703761542,0,-0.1302732180494161,0.1393811987867703,30654507.22538874,40142439.771329105,FALSE
log_ar,lagged,06,California,2022,40400000,39292709.50910664,38300000,39514285.71428572,277,2021,2016,l_lag_y,1.0050940703761542,0,-0.1302732180494161,0.1393811987867703,34493323.20240437,45169414.696012855,FALSE
log_ar,lagged,08,Colorado,2022,17200000,17218435.85166521,17000000,15928571.42857143,277,2021,2016,l_lag_y,1.0050940703761542,0,-0.1302732180494161,0.1393811987867703,15115299.512081375,19793663.484069668,FALSE
log_ar,lagged,09,Connecticut,2022,10400000,10452235.484175745,10400000,9912857.142857144,277,2021,2016,l_lag_y,1.0050940703761542,0,-0.1302732180494161,0.1393811987867703,9175552.95238052,12015495.113048747,FALSE
log_ar,lagged,12,Florida,2022,91100000,89996225.57381047,86600000,78000000,277,2021,2016,l_lag_y,1.0050940703761542,0,-0.1302732180494161,0.1393811987867703,79003686.29438691,103456261.60184304,FALSE
log_ar,lagged,13,Georgia,2022,63400000,63252524.12311599,61200000,55200000,277,2021,2016,l_lag_y,1.0050940703761542,0,-0.1302732180494161,0.1393811987867703,55526579.490295984,72712712.57138462,FALSE
log_ar,lagged,15,Hawaii,2022,5570000,5826224.352437811,5850000,5380000,277,2021,2016,l_lag_y,1.0050940703761542,0,-0.1302732180494161,0.1393811987867703,5114583.395980363,6697607.448686625,FALSE
log_ar,lagged,16,Idaho,2022,5570000,5340952.11042181,5370000,4670000,277,2021,2016,l_lag_y,1.0050940703761542,0,-0.1302732180494161,0.1393811987867703,4688584.464012235,6139756.808862346,FALSE
log_ar,lagged,17,Illinois,2022,50700000,53082408.03904059,51500000,51114285.71428572,277,2021,2016,l_lag_y,1.0050940703761542,0,-0.1302732180494161,0.1393811987867703,46598686.619668655,61021531.264538765,FALSE
log_ar,lagged,18,Indiana,2022,55100000,53920107.95888883,52300000,50328571.428571425,277,2021,2016,l_lag_y,1.0050940703761542,0,-0.1302732180494161,0.1393811987867703,47334066.145360485,61984519.450977586,FALSE
log_ar,lagged,19,Iowa,2022,34900000,36480604.203728795,35600000,38414285.71428572,277,2021,2016,l_lag_y,1.0050940703761542,0,-0.1302732180494161,0.1393811987867703,32024700.946789414,41936724.65517892,FALSE
log_ar,lagged,20,Kansas,2022,19000000,19690278.721192714,19400000,16942857.14285714,277,2021,2016,l_lag_y,1.0050940703761542,0,-0.1302732180494161,0.1393811987867703,17285220.499189943,22635200.680968583,FALSE
log_ar,lagged,21,Kentucky,2022,53800000,52663634.90719358,51100000,51300000,277,2021,2016,l_lag_y,1.0050940703761542,0,-0.1302732180494161,0.1393811987867703,46231064.300776795,60540125.48997487,FALSE
log_ar,lagged,23,Maine,2022,4480000,4664752.77967343,4700000,4410000,277,2021,2016,l_lag_y,1.0050940703761542,0,-0.1302732180494161,0.1393811987867703,4094979.1271405783,5362423.59948769,FALSE
log_ar,lagged,24,Maryland,2022,24400000,26200597.485295434,25700000,23942857.14285714,277,2021,2016,l_lag_y,1.0050940703761542,0,-0.1302732180494161,0.1393811987867703,23000339.972659376,30119217.22584023,FALSE
log_ar,lagged,25,Massachusetts,2022,12800000,12496931.24159476,12400000,12900000,277,2021,2016,l_lag_y,1.0050940703761542,0,-0.1302732180494161,0.1393811987867703,10970500.475530917,14366000.123975325,FALSE
log_ar,lagged,26,Michigan,2022,37200000,36897005.92167113,36000000,35100000,277,2021,2016,l_lag_y,1.0050940703761542,0,-0.1302732180494161,0.1393811987867703,32390241.50681856,42415404.34189053,FALSE
log_ar,lagged,27,Minnesota,2022,8550000,9157011.092610007,9130000,7952857.142857143,277,2021,2016,l_lag_y,1.0050940703761542,0,-0.1302732180494161,0.1393811987867703,8038533.0289374655,10526554.07543808,FALSE
log_ar,lagged,28,Mississippi,2022,1700000,1284098.9051732884,1320000,1850000,277,2021,2016,l_lag_y,1.0050940703761542,0,-0.1302732180494161,0.1393811987867703,1127253.3534428403,1476151.5986833528,FALSE
log_ar,lagged,29,Missouri,2022,85200000,88835158.02281523,85500000,75714285.71428572,277,2021,2016,l_lag_y,1.0050940703761542,0,-0.1302732180494161,0.1393811987867703,77984436.69830036,102121542.20080929,FALSE
log_ar,lagged,30,Montana,2022,2880000,2846391.6856689756,2890000,2821428.5714285714,277,2021,2016,l_lag_y,1.0050940703761542,0,-0.1302732180494161,0.1393811987867703,2498720.744917365,3272104.3685589344,FALSE
log_ar,lagged,32,Nevada,2022,10100000,10003197.021606602,9960000,10835714.285714285,277,2021,2016,l_lag_y,1.0050940703761542,0,-0.1302732180494161,0.1393811987867703,8781362.044875948,11499297.45746216,FALSE
log_ar,lagged,33,New Hampshire,2022,5150000,5038000.947545547,5070000,5351428.571428572,277,2021,2016,l_lag_y,1.0050940703761542,0,-0.1302732180494161,0.1393811987867703,4422637.103644702,5791495.595025063,FALSE
log_ar,lagged,34,New Jersey,2022,17800000,17938853.25430108,17700000,17542857.14285714,277,2021,2016,l_lag_y,1.0050940703761542,0,-0.1302732180494161,0.1393811987867703,15747721.928865753,20621828.11869081,FALSE
log_ar,lagged,35,New Mexico,2022,4810000,4231563.442438778,4270000,4585714.285714285,277,2021,2016,l_lag_y,1.0050940703761542,0,-0.1302732180494161,0.1393811987867703,3714701.4623079416,4864445.499735926,FALSE
log_ar,lagged,36,New York,2022,42000000,41690686.587143354,40600000,38885714.28571428,277,2021,2016,l_lag_y,1.0050940703761542,0,-0.1302732180494161,0.1393811987867703,36598400.694337256,47926038.569056526,FALSE
log_ar,lagged,37,North Carolina,2022,62700000,64407525.48266189,62300000,56928571.428571425,277,2021,2016,l_lag_y,1.0050940703761542,0,-0.1302732180494161,0.1393811987867703,56540503.8465382,74040458.50785908,FALSE
log_ar,lagged,38,North Dakota,2022,311000,305376.7906805096,321000,477714.28571428574,277,2021,2016,l_lag_y,1.0050940703761542,0,-0.1302732180494161,0.1393811987867703,268076.71120299114,351049.62394076097,FALSE
log_ar,lagged,39,Ohio,2022,75600000,75237460.78115368,72600000,64785714.28571428,277,2021,2016,l_lag_y,1.0050940703761542,0,-0.1302732180494161,0.1393811987867703,66047622.67796995,86490143.06105052,FALSE
log_ar,lagged,40,Oklahoma,2022,39900000,42629616.29648043,41500000,38057142.85714286,277,2021,2016,l_lag_y,1.0050940703761542,0,-0.1302732180494161,0.1393811987867703,37422645.352776945,49005396.69786217,FALSE
log_ar,lagged,41,Oregon,2022,24900000,21960403.876990233,21600000,20457142.85714286,277,2021,2016,l_lag_y,1.0050940703761542,0,-0.1302732180494161,0.1393811987867703,19278062.47132944,25244850.813401006,FALSE
log_ar,lagged,42,Pennsylvania,2022,91400000,97178795.22384799,93400000,90057142.85714285,277,2021,2016,l_lag_y,1.0050940703761542,0,-0.1302732180494161,0.1393811987867703,85308944.94052595,111713072.37307145,FALSE
log_ar,lagged,44,Rhode Island,2022,2490000,2107693.4654838154,2150000,2111428.5714285714,277,2021,2016,l_lag_y,1.0050940703761542,0,-0.1302732180494161,0.1393811987867703,1850250.4109491203,2422924.79658218,FALSE
log_ar,lagged,45,South Carolina,2022,33800000,31697512.251120202,31000000,28071428.57142857,277,2021,2016,l_lag_y,1.0050940703761542,0,-0.1302732180494161,0.1393811987867703,27825837.1196484,36438262.8123664,FALSE
log_ar,lagged,46,South Dakota,2022,7790000,8312040.291247827,8300000,7090000,277,2021,2016,l_lag_y,1.0050940703761542,0,-0.1302732180494161,0.1393811987867703,7296770.71953945,9555207.558244988,FALSE
log_ar,lagged,47,Tennessee,2022,60500000,58740718.819438554,56900000,47800000,277,2021,2016,l_lag_y,1.0050940703761542,0,-0.1302732180494161,0.1393811987867703,51565866.154149,67526111.61320321,FALSE
log_ar,lagged,48,Texas,2022,202000000,199915594.5470556,190000000,174857142.85714287,277,2021,2016,l_lag_y,1.0050940703761542,0,-0.1302732180494161,0.1393811987867703,175497014.6386629,229815416.32304776,FALSE
log_ar,lagged,49,Utah,2022,13400000,13316320.689447213,13200000,10340000,277,2021,2016,l_lag_y,1.0050940703761542,0,-0.1302732180494161,0.1393811987867703,11689806.051718375,15307939.283426942,FALSE
log_ar,lagged,50,Vermont,2022,5400000,5290441.279679293,5320000,5040000,277,2021,2016,l_lag_y,1.0050940703761542,0,-0.1302732180494161,0.1393811987867703,4644243.250800156,6081691.465724834,FALSE
log_ar,lagged,51,Virginia,2022,50800000,56434409.64957132,54700000,51171428.571428575,277,2021,2016,l_lag_y,1.0050940703761542,0,-0.1302732180494161,0.1393811987867703,49541259.844358586,64874865.70493094,FALSE
log_ar,lagged,53,Washington,2022,16700000,16909827.762174256,16700000,15500000,277,2021,2016,l_lag_y,1.0050940703761542,0,-0.1302732180494161,0.1393811987867703,14844386.187276913,19438899.281068332,FALSE
log_ar,lagged,54,West Virginia,2022,14000000,14341655.795610752,14200000,14714285.714285715,277,2021,2016,l_lag_y,1.0050940703761542,0,-0.1302732180494161,0.1393811987867703,12589902.167499691,16486625.792738482,FALSE
log_ar,lagged,55,Wisconsin,2022,27100000,26200597.485295434,25700000,25371428.57142857,277,2021,2016,l_lag_y,1.0050940703761542,0,-0.1302732180494161,0.1393811987867703,23000339.972659376,30119217.22584023,FALSE
log_ar,lagged,56,Wyoming,2022,7160000,7437938.402671516,7440000,10761428.57142857,277,2021,2016,l_lag_y,1.0050940703761542,0,-0.1302732180494161,0.1393811987867703,6529435.523489737,8550373.043523608,FALSE
log_ar,lagged,01,Alabama,2023,43300000,44775926.92943281,43600000,39562500,324,2022,2016,l_lag_y,1.0048683628943489,0,-0.1302732180494161,0.1393811987867703,39306796.058597445,51472714.33152698,FALSE
log_ar,lagged,02,Alaska,2023,589000,520397.5526395852,541000,1083500,324,2022,2016,l_lag_y,1.0048683628943489,0,-0.1302732180494161,0.1393811987867703,456833.8809207655,598229.3701715771,FALSE
log_ar,lagged,04,Arizona,2023,13400000,11271352.662922848,11200000,10727500,324,2022,2016,l_lag_y,1.0048683628943489,0,-0.1302732180494161,0.1393811987867703,9894619.51562216,12957121.282220943,FALSE
log_ar,lagged,05,Arkansas,2023,33000000,32504377.39076684,31800000,30462500,324,2022,2016,l_lag_y,1.0048683628943489,0,-0.1302732180494161,0.1393811987867703,28534148.162340283,37365804.50017005,FALSE
log_ar,lagged,06,California,2023,41500000,41442496.52667554,40400000,39625000,324,2022,2016,l_lag_y,1.0048683628943489,0,-0.1302732180494161,0.1393811987867703,36380525.67176197,47640728.65012357,FALSE
log_ar,lagged,08,Colorado,2023,15700000,17420639.410407003,17200000,16087500,324,2022,2016,l_lag_y,1.0048683628943489,0,-0.1302732180494161,0.1393811987867703,15292805.028791556,20026109.0576105,FALSE
log_ar,lagged,09,Connecticut,2023,11000000,10454698.822594143,10400000,9973750,324,2022,2016,l_lag_y,1.0048683628943489,0,-0.1302732180494161,0.1393811987867703,9177715.407687984,12018326.873849858,FALSE
log_ar,lagged,12,Florida,2023,95000000,94590539.45704222,91100000,79637500,324,2022,2016,l_lag_y,1.0048683628943489,0,-0.1302732180494161,0.1393811987867703,83036830.24519737,108737711.30658402,FALSE
log_ar,lagged,13,Georgia,2023,67300000,65474401.07807945,63400000,56225000,324,2022,2016,l_lag_y,1.0048683628943489,0,-0.1302732180494161,0.1393811987867703,57477066.51145105,75266898.39455874,FALSE
log_ar,lagged,15,Hawaii,2023,6260000,5547412.923443895,5570000,5403750,324,2022,2016,l_lag_y,1.0048683628943489,0,-0.1302732180494161,0.1393811987867703,4869827.235029373,6377096.361119722,FALSE
log_ar,lagged,16,Idaho,2023,5400000,5547412.923443895,5570000,4782500,324,2022,2016,l_lag_y,1.0048683628943489,0,-0.1302732180494161,0.1393811987867703,4869827.235029373,6377096.361119722,FALSE
log_ar,lagged,17,Illinois,2023,54200000,52184663.69974688,50700000,51062500,324,2022,2016,l_lag_y,1.0048683628943489,0,-0.1302732180494161,0.1393811987867703,45810596.766989745,59989518.281490155,FALSE
log_ar,lagged,18,Indiana,2023,55700000,56783921.267644614,55100000,50925000,324,2022,2016,l_lag_y,1.0048683628943489,0,-0.1302732180494161,0.1393811987867703,49848080.55883243,65276651.05939137,FALSE
log_ar,lagged,19,Iowa,2023,33500000,35722549.04252801,34900000,37975000,324,2022,2016,l_lag_y,1.0048683628943489,0,-0.1302732180494161,0.1393811987867703,31359238.01467756,41065293.07495676,FALSE
log_ar,lagged,20,Kansas,2023,18700000,19272305.538239952,19000000,17200000,324,2022,2016,l_lag_y,1.0048683628943489,0,-0.1302732180494161,0.1393811987867703,16918300.419876352,22154714.497438017,FALSE
log_ar,lagged,21,Kentucky,2023,55500000,55424459.23698208,53800000,51612500,324,2022,2016,l_lag_y,1.0048683628943489,0,-0.1302732180494161,0.1393811987867703,48654669.26724991,63713864.85824512,FALSE
log_ar,lagged,23,Maine,2023,4260000,4447370.374910411,4480000,4418750,324,2022,2016,l_lag_y,1.0048683628943489,0,-0.1302732180494161,0.1393811987867703,3904148.776175118,5112528.997892918,FALSE
log_ar,lagged,24,Maryland,2023,23800000,24842169.022879582,24400000,24000000,324,2022,2016,l_lag_y,1.0048683628943489,0,-0.1302732180494161,0.1393811987867703,21807836.00470075,28557619.175710656,FALSE
log_ar,lagged,25,Massachusetts,2023,12300000,12907215.599191584,12800000,12887500,324,2022,2016,l_lag_y,1.0048683628943489,0,-0.1302732180494161,0.1393811987867703,11330670.876816126,14837647.524297338,FALSE
log_ar,lagged,26,Michigan,2023,34400000,38113004.27173126,37200000,35362500,324,2022,2016,l_lag_y,1.0048683628943489,0,-0.1302732180494161,0.1393811987867703,33457712.409849398,43813270.11469511,FALSE
log_ar,lagged,27,Minnesota,2023,8810000,8569906.188882845,8550000,8027500,324,2022,2016,l_lag_y,1.0048683628943489,0,-0.1302732180494161,0.1393811987867703,7523139.729493862,9851640.454111746,FALSE
log_ar,lagged,28,Mississippi,2023,2300000,1663413.534801741,1700000,1831250,324,2022,2016,l_lag_y,1.0048683628943489,0,-0.1302732180494161,0.1393811987867703,1460236.8070817948,1912197.3695147377,FALSE
log_ar,lagged,29,Missouri,2023,86100000,88376214.67888062,85200000,76900000,324,2022,2016,l_lag_y,1.0048683628943489,0,-0.1302732180494161,0.1393811987867703,77581550.73569551,101593958.26772997,FALSE
log_ar,lagged,30,Montana,2023,2870000,2840252.997101047,2880000,2828750,324,2022,2016,l_lag_y,1.0048683628943489,0,-0.1302732180494161,0.1393811987867703,2493331.863074961,3265047.5640504495,FALSE
log_ar,lagged,32,Nevada,2023,10000000,10148691.31343866,10100000,10743750,324,2022,2016,l_lag_y,1.0048683628943489,0,-0.1302732180494161,0.1393811987867703,8909085.01676988,11666552.199773626,FALSE
log_ar,lagged,33,New Hampshire,2023,5130000,5123124.618316263,5150000,5326250,324,2022,2016,l_lag_y,1.0048683628943489,0,-0.1302732180494161,0.1393811987867703,4497363.390651936,5889350.5516703455,FALSE
log_ar,lagged,34,New Jersey,2023,18700000,18037554.616921466,17800000,17575000,324,2022,2016,l_lag_y,1.0048683628943489,0,-0.1302732180494161,0.1393811987867703,15834367.468048885,20735291.47703286,FALSE
log_ar,lagged,35,New Mexico,2023,4480000,4780029.160761728,4810000,4613750,324,2022,2016,l_lag_y,1.0048683628943489,0,-0.1302732180494161,0.1393811987867703,4196175.1383131,5494940.972992466,FALSE
log_ar,lagged,36,New York,2023,42200000,43108738.311503276,42000000,39275000,324,2022,2016,l_lag_y,1.0048683628943489,0,-0.1302732180494161,0.1393811987867703,37843245.273832016,49556177.26904015,FALSE
log_ar,lagged,37,North Carolina,2023,66800000,64740780.71703474,62700000,57650000,324,2022,2016,l_lag_y,1.0048683628943489,0,-0.1302732180494161,0.1393811987867703,56833053.80432239,74423556.13765006,FALSE
log_ar,lagged,38,North Dakota,2023,410000,296697.43423249706,311000,456875,324,2022,2016,l_lag_y,1.0048683628943489,0,-0.1302732180494161,0.1393811987867703,260457.48995583373,341072.1636028851,FALSE
log_ar,lagged,39,Ohio,2023,73900000,78278694.61021502,75600000,66137500,324,2022,2016,l_lag_y,1.0048683628943489,0,-0.1302732180494161,0.1393811987867703,68717386.68026116,89986230.59811836,FALSE
log_ar,lagged,40,Oklahoma,2023,39500000,40921995.90544042,39900000,38287500,324,2022,2016,l_lag_y,1.0048683628943489,0,-0.1302732180494161,0.1393811987867703,35923601.31150236,47042380.796187654,FALSE
log_ar,lagged,41,Oregon,2023,23600000,25358897.644888103,24900000,21012500,324,2022,2016,l_lag_y,1.0048683628943489,0,-0.1302732180494161,0.1393811987867703,22261449.094496507,29151630.881810807,FALSE
log_ar,lagged,42,Pennsylvania,2023,88300000,94906685.8015598,91400000,90225000,324,2022,2016,l_lag_y,1.0048683628943489,0,-0.1302732180494161,0.1393811987867703,83314361.06903064,109101141.20283064,FALSE
log_ar,lagged,44,Rhode Island,2023,2400000,2450314.130189837,2490000,2158750,324,2022,2016,l_lag_y,1.0048683628943489,0,-0.1302732180494161,0.1393811987867703,2151021.8637497574,2816788.5713351807,FALSE
log_ar,lagged,45,South Carolina,2023,34700000,34580108.74862606,33800000,28787500,324,2022,2016,l_lag_y,1.0048683628943489,0,-0.1302732180494161,0.1393811987867703,30356340.459652074,39751986.86509276,FALSE
log_ar,lagged,46,South Dakota,2023,8150000,7797307.755485146,7790000,7177500,324,2022,2016,l_lag_y,1.0048683628943489,0,-0.1302732180494161,0.1393811987867703,6844909.905137217,8963490.477497319,FALSE
log_ar,lagged,47,Tennessee,2023,58900000,62435917.96939939,60500000,49387500,324,2022,2016,l_lag_y,1.0048683628943489,0,-0.1302732180494161,0.1393811987867703,54809717.244319014,71773972.9817416,FALSE
log_ar,lagged,48,Texas,2023,203000000,212244567.30833298,202000000,178250000,324,2022,2016,l_lag_y,1.0048683628943489,0,-0.1302732180494161,0.1393811987867703,186320071.82971305,243988337.7221413,FALSE
log_ar,lagged,49,Utah,2023,12100000,13521472.753225254,13400000,10722500,324,2022,2016,l_lag_y,1.0048683628943489,0,-0.1302732180494161,0.1393811987867703,11869899.929945229,15543774.346987156,FALSE
log_ar,lagged,50,Vermont,2023,5630000,5375617.602131714,5400000,5085000,324,2022,2016,l_lag_y,1.0048683628943489,0,-0.1302732180494161,0.1393811987867703,4719015.758378506,6179606.948754658,FALSE
log_ar,lagged,51,Virginia,2023,52000000,52289128.08337565,50800000,51125000,324,2022,2016,l_lag_y,1.0048683628943489,0,-0.1302732180494161,0.1393811987867703,45902301.406162366,60109606.59110387,FALSE
log_ar,lagged,53,Washington,2023,16000000,16906788.00009999,16700000,15650000,324,2022,2016,l_lag_y,1.0048683628943489,0,-0.1302732180494161,0.1393811987867703,14841717.71526274,19435404.88540499,FALSE
log_ar,lagged,54,West Virginia,2023,14600000,14136140.227426164,14000000,14625000,324,2022,2016,l_lag_y,1.0048683628943489,0,-0.1302732180494161,0.1393811987867703,12409489.18491131,16250372.858242711,FALSE
log_ar,lagged,55,Wisconsin,2023,27600000,27634302.236852713,27100000,25587500,324,2022,2016,l_lag_y,1.0048683628943489,0,-0.1302732180494161,0.1393811987867703,24258925.648987617,31767350.054647207,FALSE
log_ar,lagged,56,Wyoming,2023,8510000,7157712.0210887445,7160000,10311250,324,2022,2016,l_lag_y,1.0048683628943489,0,-0.1302732180494161,0.1393811987867703,6283437.238552563,8228235.379905838,FALSE
log_ar_l_permits,lagged,01,Alabama,2022,43600000,44827218.52707284,43800000,38985714.28571428,277,2021,2016,l_lag_y + l_permits,1.0050097194415324,0,-0.13050851810859032,0.14024849153698768,39342564.27545543,51576389.65143722,FALSE
log_ar_l_permits,lagged,02,Alaska,2022,541000,775868.1734210523,807000,1161000,277,2021,2016,l_lag_y + l_permits,1.0050097194415324,0,-0.13050851810859032,0.14024849153698768,680939.9397302103,892682.627773249,FALSE
log_ar_l_permits,lagged,04,Arizona,2022,11200000,11841276.200407607,11400000,10660000,277,2021,2016,l_lag_y + l_permits,1.0050097194415324,0,-0.13050851810859032,0.14024849153698768,10392484.417399283,13624094.810024178,FALSE
log_ar_l_permits,lagged,05,Arkansas,2022,31800000,34589777.6420712,34100000,30271428.57142857,277,2021,2016,l_lag_y + l_permits,1.0050097194415324,0,-0.13050851810859032,0.14024849153698768,30357684.346063733,39797603.068916745,FALSE
log_ar_l_permits,lagged,06,California,2022,40400000,40395814.45421243,38300000,39514285.71428572,277,2021,2016,l_lag_y + l_permits,1.0050097194415324,0,-0.13050851810859032,0.14024849153698768,35453346.846947484,46477794.85402009,FALSE
log_ar_l_permits,lagged,08,Colorado,2022,17200000,17637116.92755994,17000000,15928571.42857143,277,2021,2016,l_lag_y + l_permits,1.0050097194415324,0,-0.13050851810859032,0.14024849153698768,15479198.33431521,20292555.39097108,FALSE
log_ar_l_permits,lagged,09,Connecticut,2022,10400000,10294021.367068833,10400000,9912857.142857144,277,2021,2016,l_lag_y + l_permits,1.0050097194415324,0,-0.13050851810859032,0.14024849153698768,9034537.733859764,11843885.803164765,FALSE
log_ar_l_permits,lagged,12,Florida,2022,91100000,92577054.5018389,86600000,78000000,277,2021,2016,l_lag_y + l_permits,1.0050097194415324,0,-0.13050851810859032,0.14024849153698768,81250160.8809671,106515425.06224221,FALSE
log_ar_l_permits,lagged,13,Georgia,2022,63400000,63987961.45201124,61200000,55200000,277,2021,2016,l_lag_y + l_permits,1.0050097194415324,0,-0.13050851810859032,0.14024849153698768,56158971.46865656,73621967.6636176,FALSE
log_ar_l_permits,lagged,15,Hawaii,2022,5570000,5747473.226802629,5850000,5380000,277,2021,2016,l_lag_y + l_permits,1.0050097194415324,0,-0.13050851810859032,0.14024849153698768,5044264.2277789125,6612810.885818134,FALSE
log_ar_l_permits,lagged,16,Idaho,2022,5570000,5452888.927937692,5370000,4670000,277,2021,2016,l_lag_y + l_permits,1.0050097194415324,0,-0.13050851810859032,0.14024849153698768,4785722.607454326,6273874.07281294,FALSE
log_ar_l_permits,lagged,17,Illinois,2022,50700000,52626757.83071792,51500000,51114285.71428572,277,2021,2016,l_lag_y + l_permits,1.0050097194415324,0,-0.13050851810859032,0.14024849153698768,46187822.27840908,60550225.00068047,FALSE
log_ar_l_permits,lagged,18,Indiana,2022,55100000,53853694.871524066,52300000,50328571.428571425,277,2021,2016,l_lag_y + l_permits,1.0050097194415324,0,-0.13050851810859032,0.14024849153698768,47264642.36620239,61961889.27461219,FALSE
log_ar_l_permits,lagged,19,Iowa,2022,34900000,36092889.26349261,35600000,38414285.71428572,277,2021,2016,l_lag_y + l_permits,1.0050097194415324,0,-0.13050851810859032,0.14024849153698768,31676888.78305643,41527022.67654227,FALSE
log_ar_l_permits,lagged,20,Kansas,2022,19000000,19497621.660167783,19400000,16942857.14285714,277,2021,2016,l_lag_y + l_permits,1.0050097194415324,0,-0.13050851810859032,0.14024849153698768,17112068.484025855,22433177.097833674,FALSE
log_ar_l_permits,lagged,21,Kentucky,2022,53800000,51951207.975606404,51100000,51300000,277,2021,2016,l_lag_y + l_permits,1.0050097194415324,0,-0.13050851810859032,0.14024849153698768,45594926.61213105,59772964.58388345,FALSE
log_ar_l_permits,lagged,23,Maine,2022,4480000,4667431.432778275,4700000,4410000,277,2021,2016,l_lag_y + l_permits,1.0050097194415324,0,-0.13050851810859032,0.14024849153698768,4096366.608926673,5370158.358207141,FALSE
log_ar_l_permits,lagged,24,Maryland,2022,24400000,26167703.47366322,25700000,23942857.14285714,277,2021,2016,l_lag_y + l_permits,1.0050097194415324,0,-0.13050851810859032,0.14024849153698768,22966059.23099817,30107504.212553937,FALSE
log_ar_l_permits,lagged,25,Massachusetts,2022,12800000,12608731.24646176,12400000,12900000,277,2021,2016,l_lag_y + l_permits,1.0050097194415324,0,-0.13050851810859032,0.14024849153698768,11066040.584165977,14507097.632770035,FALSE
log_ar_l_permits,lagged,26,Michigan,2022,37200000,36807068.94605389,36000000,35100000,277,2021,2016,l_lag_y + l_permits,1.0050097194415324,0,-0.13050851810859032,0.14024849153698768,32303687.879422903,42348729.01477235,FALSE
log_ar_l_permits,lagged,27,Minnesota,2022,8550000,9362572.965000918,9130000,7952857.142857143,277,2021,2016,l_lag_y + l_permits,1.0050097194415324,0,-0.13050851810859032,0.14024849153698768,8217052.95939187,10772198.839222318,FALSE
log_ar_l_permits,lagged,28,Mississippi,2022,1700000,1309645.411779921,1320000,1850000,277,2021,2016,l_lag_y + l_permits,1.0050097194415324,0,-0.13050851810859032,0.14024849153698768,1149409.0082767252,1506825.1897535003,FALSE
log_ar_l_permits,lagged,29,Missouri,2022,85200000,87663030.88107167,85500000,75714285.71428572,277,2021,2016,l_lag_y + l_permits,1.0050097194415324,0,-0.13050851810859032,0.14024849153698768,76937372.88065025,100861547.67817053,FALSE
log_ar_l_permits,lagged,30,Montana,2022,2880000,2870544.656533213,2890000,2821428.5714285714,277,2021,2016,l_lag_y + l_permits,1.0050097194415324,0,-0.13050851810859032,0.14024849153698768,2519330.696081837,3302732.9060756615,FALSE
log_ar_l_permits,lagged,32,Nevada,2022,10100000,10149908.295555333,9960000,10835714.285714285,277,2021,2016,l_lag_y + l_permits,1.0050097194415324,0,-0.13050851810859032,0.14024849153698768,8908057.038308043,11678075.11549614,FALSE
log_ar_l_permits,lagged,33,New Hampshire,2022,5150000,5009950.385217173,5070000,5351428.571428572,277,2021,2016,l_lag_y + l_permits,1.0050097194415324,0,-0.13050851810859032,0.14024849153698768,4396978.030841031,5764246.850298651,FALSE
log_ar_l_permits,lagged,34,New Jersey,2022,17800000,18226352.086328734,17700000,17542857.14285714,277,2021,2016,l_lag_y + l_permits,1.0050097194415324,0,-0.13050851810859032,0.14024849153698768,15996339.992194764,20970505.59942829,FALSE
log_ar_l_permits,lagged,35,New Mexico,2022,4810000,4252155.059390251,4270000,4585714.285714285,277,2021,2016,l_lag_y + l_permits,1.0050097194415324,0,-0.13050851810859032,0.14024849153698768,3731899.7080363305,4892358.112047298,FALSE
log_ar_l_permits,lagged,36,New York,2022,42000000,41992466.21260121,40600000,38885714.28571428,277,2021,2016,l_lag_y + l_permits,1.0050097194415324,0,-0.13050851810859032,0.14024849153698768,36854646.69320033,48314837.970549345,FALSE
log_ar_l_permits,lagged,37,North Carolina,2022,62700000,65550281.67988411,62300000,56928571.428571425,277,2021,2016,l_lag_y + l_permits,1.0050097194415324,0,-0.13050851810859032,0.14024849153698768,57530140.280899756,75419510.3058056,FALSE
log_ar_l_permits,lagged,38,North Dakota,2022,311000,312320.02902911074,321000,477714.28571428574,277,2021,2016,l_lag_y + l_permits,1.0050097194415324,0,-0.13050851810859032,0.14024849153698768,274107.36646908015,359342.82880891144,FALSE
log_ar_l_permits,lagged,39,Ohio,2022,75600000,74870236.37364359,72600000,64785714.28571428,277,2021,2016,l_lag_y + l_permits,1.0050097194415324,0,-0.13050851810859032,0.14024849153698768,65709789.35643003,86142674.28103136,FALSE
log_ar_l_permits,lagged,40,Oklahoma,2022,39900000,42154102.20391721,41500000,38057142.85714286,277,2021,2016,l_lag_y + l_permits,1.0050097194415324,0,-0.13050851810859032,0.14024849153698768,36996506.36209181,48500809.82300269,FALSE
log_ar_l_permits,lagged,41,Oregon,2022,24900000,22047013.309844185,21600000,20457142.85714286,277,2021,2016,l_lag_y + l_permits,1.0050097194415324,0,-0.13050851810859032,0.14024849153698768,19349539.55933088,25366404.307066377,FALSE
log_ar_l_permits,lagged,42,Pennsylvania,2022,91400000,97204548.91758393,93400000,90057142.85714285,277,2021,2016,l_lag_y + l_permits,1.0050097194415324,0,-0.13050851810859032,0.14024849153698768,85311476.80615234,111839633.49940354,FALSE
log_ar_l_permits,lagged,44,Rhode Island,2022,2490000,2070281.1896651974,2150000,2111428.5714285714,277,2021,2016,l_lag_y + l_permits,1.0050097194415324,0,-0.13050851810859032,0.14024849153698768,1816980.251038296,2381982.0375811676,FALSE
log_ar_l_permits,lagged,45,South Carolina,2022,33800000,32167785.957671393,31000000,28071428.57142857,277,2021,2016,l_lag_y + l_permits,1.0050097194415324,0,-0.13050851810859032,0.14024849153698768,28232025.725050468,37010957.121394865,FALSE
log_ar_l_permits,lagged,46,South Dakota,2022,7790000,8288267.572738914,8300000,7090000,277,2021,2016,l_lag_y + l_permits,1.0050097194415324,0,-0.13050851810859032,0.14024849153698768,7274189.887907515,9536146.384116681,FALSE
log_ar_l_permits,lagged,47,Tennessee,2022,60500000,59308001.65687307,56900000,47800000,277,2021,2016,l_lag_y + l_permits,1.0050097194415324,0,-0.13050851810859032,0.14024849153698768,52051609.35482001,68237394.6769771,FALSE
log_ar_l_permits,lagged,48,Texas,2022,202000000,204501997.43712533,190000000,174857142.85714287,277,2021,2016,l_lag_y + l_permits,1.0050097194415324,0,-0.13050851810859032,0.14024849153698768,179480977.0267157,235291750.2107425,FALSE
log_ar_l_permits,lagged,49,Utah,2022,13400000,13590881.245747743,13200000,10340000,277,2021,2016,l_lag_y + l_permits,1.0050097194415324,0,-0.13050851810859032,0.14024849153698768,11928023.565593008,15637119.809558446,FALSE
log_ar_l_permits,lagged,50,Vermont,2022,5400000,5187248.268815314,5320000,5040000,277,2021,2016,l_lag_y + l_permits,1.0050097194415324,0,-0.13050851810859032,0.14024849153698768,4552583.344098409,5968238.644331337,FALSE
log_ar_l_permits,lagged,51,Virginia,2022,50800000,56617554.68576872,54700000,51171428.571428575,277,2021,2016,l_lag_y + l_permits,1.0050097194415324,0,-0.13050851810859032,0.14024849153698768,49690341.21532011,65141874.903998055,FALSE
log_ar_l_permits,lagged,53,Washington,2022,16700000,17327070.637223173,16700000,15500000,277,2021,2016,l_lag_y + l_permits,1.0050097194415324,0,-0.13050851810859032,0.14024849153698768,15207086.512374397,19935828.63419642,FALSE
log_ar_l_permits,lagged,54,West Virginia,2022,14000000,14012310.308241272,14200000,14714285.714285715,277,2021,2016,l_lag_y + l_permits,1.0050097194415324,0,-0.13050851810859032,0.14024849153698768,12297890.368028749,16121999.091650845,FALSE
log_ar_l_permits,lagged,55,Wisconsin,2022,27100000,26319391.369292483,25700000,25371428.57142857,277,2021,2016,l_lag_y + l_permits,1.0050097194415324,0,-0.13050851810859032,0.14024849153698768,23099187.963489097,30282030.187339917,FALSE
log_ar_l_permits,lagged,56,Wyoming,2022,7160000,7283460.31042077,7440000,10761428.57142857,277,2021,2016,l_lag_y + l_permits,1.0050097194415324,0,-0.13050851810859032,0.14024849153698768,6392321.781852233,8380055.674303495,FALSE
log_ar_l_permits,lagged,01,Alabama,2023,43300000,44444312.98355379,43600000,39562500,324,2022,2016,l_lag_y + l_permits,1.0047773487656353,0,-0.13050851810859032,0.14024849153698768,39006507.6015793,51135833.97653388,FALSE
log_ar_l_permits,lagged,02,Alaska,2023,589000,511214.1341632416,541000,1083500,324,2022,2016,l_lag_y + l_permits,1.0047773487656353,0,-0.13050851810859032,0.14024849153698768,448666.5823285901,588182.3643151467,FALSE
log_ar_l_permits,lagged,04,Arizona,2023,13400000,11621299.545772444,11200000,10727500,324,2022,2016,l_lag_y + l_permits,1.0047773487656353,0,-0.13050851810859032,0.14024849153698768,10199422.122694185,13370998.54337023,FALSE
log_ar_l_permits,lagged,05,Arkansas,2023,33000000,32208354.192154206,31800000,30462500,324,2022,2016,l_lag_y + l_permits,1.0047773487656353,0,-0.13050851810859032,0.14024849153698768,28267630.396166027,37057633.29577969,FALSE
log_ar_l_permits,lagged,06,California,2023,41500000,42580477.93345793,40400000,39625000,324,2022,2016,l_lag_y + l_permits,1.0047773487656353,0,-0.13050851810859032,0.14024849153698768,37370714.601998985,48991380.54068902,FALSE
log_ar_l_permits,lagged,08,Colorado,2023,15700000,17787044.66931234,17200000,16087500,324,2022,2016,l_lag_y + l_permits,1.0047773487656353,0,-0.13050851810859032,0.14024849153698768,15610782.269486325,20465056.20369743,FALSE
log_ar_l_permits,lagged,09,Connecticut,2023,11000000,10334171.642202275,10400000,9973750,324,2022,2016,l_lag_y + l_permits,1.0047773487656353,0,-0.13050851810859032,0.14024849153698768,9069775.583363201,11890081.090379478,FALSE
log_ar_l_permits,lagged,12,Florida,2023,95000000,97197746.02268782,91100000,79637500,324,2022,2016,l_lag_y + l_permits,1.0047773487656353,0,-0.13050851810859032,0.14024849153698768,85305506.25213397,111831806.36291263,FALSE
log_ar_l_permits,lagged,13,Georgia,2023,67300000,66353872.838609286,63400000,56225000,324,2022,2016,l_lag_y + l_permits,1.0047773487656353,0,-0.13050851810859032,0.14024849153698768,58235411.271430634,76344089.88233739,FALSE
log_ar_l_permits,lagged,15,Hawaii,2023,6260000,5493602.57199669,5570000,5403750,324,2022,2016,l_lag_y + l_permits,1.0047773487656353,0,-0.13050851810859032,0.14024849153698768,4821454.897141489,6320717.54959142,FALSE
log_ar_l_permits,lagged,16,Idaho,2023,5400000,5644278.730684739,5570000,4782500,324,2022,2016,l_lag_y + l_permits,1.0047773487656353,0,-0.13050851810859032,0.14024849153698768,4953695.679700485,6494079.460658537,FALSE
log_ar_l_permits,lagged,17,Illinois,2023,54200000,51751345.28318674,50700000,51062500,324,2022,2016,l_lag_y + l_permits,1.0047773487656353,0,-0.13050851810859032,0.14024849153698768,45419517.31659251,59543010.63091186,FALSE
log_ar_l_permits,lagged,18,Indiana,2023,55700000,56584802.44029765,55100000,50925000,324,2022,2016,l_lag_y + l_permits,1.0047773487656353,0,-0.13050851810859032,0.14024849153698768,49661596.23927764,65104191.49133315,FALSE
log_ar_l_permits,lagged,19,Iowa,2023,33500000,35276562.62924177,34900000,37975000,324,2022,2016,l_lag_y + l_permits,1.0047773487656353,0,-0.13050851810859032,0.14024849153698768,30960440.514949333,40587790.17552195,FALSE
log_ar_l_permits,lagged,20,Kansas,2023,18700000,19075570.444317862,19000000,17200000,324,2022,2016,l_lag_y + l_permits,1.0047773487656353,0,-0.13050851810859032,0.14024849153698768,16741655.649308449,21947581.9911823,FALSE
log_ar_l_permits,lagged,21,Kentucky,2023,55500000,54611631.64995996,53800000,51612500,324,2022,2016,l_lag_y + l_permits,1.0047773487656353,0,-0.13050851810859032,0.14024849153698768,47929844.83475031,62833940.76253031,FALSE
log_ar_l_permits,lagged,23,Maine,2023,4260000,4456976.017118873,4480000,4418750,324,2022,2016,l_lag_y + l_permits,1.0047773487656353,0,-0.13050851810859032,0.14024849153698768,3911660.620249343,5128016.845105028,FALSE
log_ar_l_permits,lagged,24,Maryland,2023,23800000,24909099.491102643,24400000,24000000,324,2022,2016,l_lag_y + l_permits,1.0047773487656353,0,-0.13050851810859032,0.14024849153698768,21861446.68290245,28659405.232640855,FALSE
log_ar_l_permits,lagged,25,Massachusetts,2023,12300000,12972560.852821104,12800000,12887500,324,2022,2016,l_lag_y + l_permits,1.0047773487656353,0,-0.13050851810859032,0.14024849153698768,11385355.280545397,14925705.303754253,FALSE
log_ar_l_permits,lagged,26,Michigan,2023,34400000,37982552.03428653,37200000,35362500,324,2022,2016,l_lag_y + l_permits,1.0047773487656353,0,-0.13050851810859032,0.14024849153698768,33335349.456318945,43701192.44613038,FALSE
log_ar_l_permits,lagged,27,Minnesota,2023,8810000,8755050.477945447,8550000,8027500,324,2022,2016,l_lag_y + l_permits,1.0047773487656353,0,-0.13050851810859032,0.14024849153698768,7683861.445817825,10073207.968408873,FALSE
log_ar_l_permits,lagged,28,Mississippi,2023,2300000,1689162.630985749,1700000,1831250,324,2022,2016,l_lag_y + l_permits,1.0047773487656353,0,-0.13050851810859032,0.14024849153698768,1482491.9226500515,1943482.3953610295,FALSE
log_ar_l_permits,lagged,29,Missouri,2023,86100000,87107448.41950719,85200000,76900000,324,2022,2016,l_lag_y + l_permits,1.0047773487656353,0,-0.13050851810859032,0.14024849153698768,76449766.47939171,100222316.90582518,FALSE
log_ar_l_permits,lagged,30,Montana,2023,2870000,2857091.7849287745,2880000,2828750,324,2022,2016,l_lag_y + l_permits,1.0047773487656353,0,-0.13050851810859032,0.14024849153698768,2507523.796542277,3287254.574593144,FALSE
log_ar_l_permits,lagged,32,Nevada,2023,10000000,10262922.592232903,10100000,10743750,324,2022,2016,l_lag_y + l_permits,1.0047773487656353,0,-0.13050851810859032,0.14024849153698768,9007243.92469488,11808104.807124346,FALSE
log_ar_l_permits,lagged,33,New Hampshire,2023,5130000,5088261.679404473,5150000,5326250,324,2022,2016,l_lag_y + l_permits,1.0047773487656353,0,-0.13050851810859032,0.14024849153698768,4465707.861205081,5854348.666914223,FALSE
log_ar_l_permits,lagged,34,New Jersey,2023,18700000,18317847.16269082,17800000,17575000,324,2022,2016,l_lag_y + l_permits,1.0047773487656353,0,-0.13050851810859032,0.14024849153698768,16076640.556024952,21075776.14408162,FALSE
log_ar_l_permits,lagged,35,New Mexico,2023,4480000,4803468.570816435,4810000,4613750,324,2022,2016,l_lag_y + l_permits,1.0047773487656353,0,-0.13050851810859032,0.14024849153698768,4215759.469402346,5526677.20254019,FALSE
log_ar_l_permits,lagged,36,New York,2023,42200000,43610227.27105236,42000000,39275000,324,2022,2016,l_lag_y + l_permits,1.0047773487656353,0,-0.13050851810859032,0.14024849153698768,38274473.095902614,50176168.59634329,FALSE
log_ar_l_permits,lagged,37,North Carolina,2023,66800000,65853918.38990155,62700000,57650000,324,2022,2016,l_lag_y + l_permits,1.0047773487656353,0,-0.13050851810859032,0.14024849153698768,57796626.74097388,75768862.4579781,FALSE
log_ar_l_permits,lagged,38,North Dakota,2023,410000,303267.0321840859,311000,456875,324,2022,2016,l_lag_y + l_permits,1.0047773487656353,0,-0.13050851810859032,0.14024849153698768,266162.01268707425,348926.81576740986,FALSE
log_ar_l_permits,lagged,39,Ohio,2023,73900000,77824916.68477899,75600000,66137500,324,2022,2016,l_lag_y + l_permits,1.0047773487656353,0,-0.13050851810859032,0.14024849153698768,68302961.62706874,89542210.27790597,FALSE
log_ar_l_permits,lagged,40,Oklahoma,2023,39500000,40409680.835507646,39900000,38287500,324,2022,2016,l_lag_y + l_permits,1.0047773487656353,0,-0.13050851810859032,0.14024849153698768,35465516.662860684,46493748.95307501,FALSE
log_ar_l_permits,lagged,41,Oregon,2023,23600000,25365779.170221217,24900000,21012500,324,2022,2016,l_lag_y + l_permits,1.0047773487656353,0,-0.13050851810859032,0.14024849153698768,22262251.15436806,29184842.45248281,FALSE
log_ar_l_permits,lagged,42,Pennsylvania,2023,88300000,93976488.04763258,91400000,90225000,324,2022,2016,l_lag_y + l_permits,1.0047773487656353,0,-0.13050851810859032,0.14024849153698768,82478372.35679992,108125556.85762802,FALSE
log_ar_l_permits,lagged,44,Rhode Island,2023,2400000,2399842.6752159186,2490000,2158750,324,2022,2016,l_lag_y + l_permits,1.0047773487656353,0,-0.13050851810859032,0.14024849153698768,2106219.564875341,2761162.1908758674,FALSE
log_ar_l_permits,lagged,45,South Carolina,2023,34700000,34981512.76473796,33800000,28787500,324,2022,2016,l_lag_y + l_permits,1.0047773487656353,0,-0.13050851810859032,0.14024849153698768,30701490.291399438,40248317.70147001,FALSE
log_ar_l_permits,lagged,46,South Dakota,2023,8150000,7801385.485352056,7790000,7177500,324,2022,2016,l_lag_y + l_permits,1.0047773487656353,0,-0.13050851810859032,0.14024849153698768,6846878.302513993,8975959.491454497,FALSE
log_ar_l_permits,lagged,47,Tennessee,2023,58900000,62861312.95776045,60500000,49387500,324,2022,2016,l_lag_y + l_permits,1.0047773487656353,0,-0.13050851810859032,0.14024849153698768,55170169.52516464,72325691.34648252,FALSE
log_ar_l_permits,lagged,48,Texas,2023,203000000,216849825.98387215,202000000,178250000,324,2022,2016,l_lag_y + l_permits,1.0047773487656353,0,-0.13050851810859032,0.14024849153698768,190318036.6129423,249498663.72003224,FALSE
log_ar_l_permits,lagged,49,Utah,2023,12100000,13741872.726965796,13400000,10722500,324,2022,2016,l_lag_y + l_permits,1.0047773487656353,0,-0.13050851810859032,0.14024849153698768,12060541.090660503,15810844.518010896,FALSE
log_ar_l_permits,lagged,50,Vermont,2023,5630000,5268697.141794475,5400000,5085000,324,2022,2016,l_lag_y + l_permits,1.0047773487656353,0,-0.13050851810859032,0.14024849153698768,4624066.867404918,6061950.432558986,FALSE
log_ar_l_permits,lagged,51,Virginia,2023,52000000,52486280.85662153,50800000,51125000,324,2022,2016,l_lag_y + l_permits,1.0047773487656353,0,-0.13050851810859032,0.14024849153698768,46064532.800181225,60388597.86004772,FALSE
log_ar_l_permits,lagged,53,Washington,2023,16000000,17273200.38415985,16700000,15650000,324,2022,2016,l_lag_y + l_permits,1.0047773487656353,0,-0.13050851810859032,0.14024849153698768,15159807.337727442,19873847.693734158,FALSE
log_ar_l_permits,lagged,54,West Virginia,2023,14600000,13780532.938411014,14000000,14625000,324,2022,2016,l_lag_y + l_permits,1.0047773487656353,0,-0.13050851810859032,0.14024849153698768,12094471.187232692,15855325.398043666,FALSE
log_ar_l_permits,lagged,55,Wisconsin,2023,27600000,27631260.695169803,27100000,25587500,324,2022,2016,l_lag_y + l_permits,1.0047773487656353,0,-0.13050851810859032,0.14024849153698768,24250548.78778731,31791414.122958265,FALSE
log_ar_l_permits,lagged,56,Wyoming,2023,8510000,7019689.889634059,7160000,10311250,324,2022,2016,l_lag_y + l_permits,1.0047773487656353,0,-0.13050851810859032,0.14024849153698768,6160823.931333182,8076572.066619855,FALSE
log_ar_l_highway,lagged,01,Alabama,2022,43600000,45331276.40975351,43800000,38985714.28571428,277,2021,2016,l_lag_y + l_highway,1.005087065463134,0,-0.13310666954182396,0.13730826184547262,39681717.02113451,52003211.93058601,TRUE
log_ar_l_highway,lagged,02,Alaska,2022,541000,771055.008025686,807000,1161000,277,2021,2016,l_lag_y + l_highway,1.005087065463134,0,-0.13310666954182396,0.13730826184547262,674959.7421355788,884540.21523806185,TRUE
log_ar_l_highway,lagged,04,Arizona,2022,11200000,11484290.739247283,11400000,10660000,277,2021,2016,l_lag_y + l_highway,1.005087065463134,0,-0.13310666954182396,0.13730826184547262,10053023.24126029,13174568.476457998,TRUE
log_ar_l_highway,lagged,05,Arkansas,2022,31800000,34997977.18857972,34100000,30271428.57142857,277,2021,2016,l_lag_y + l_highway,1.005087065463134,0,-0.13310666954182396,0.13730826184547262,30636239.19512071,40149039.89087614,TRUE
log_ar_l_highway,lagged,06,California,2022,40400000,38894386.313083425,38300000,39514285.71428572,277,2021,2016,l_lag_y + l_highway,1.005087065463134,0,-0.13310666954182396,0.13730826184547262,34047045.51964448,44618929.236992985,TRUE
log_ar_l_highway,lagged,08,Colorado,2022,17200000,17225134.48316744,17000000,15928571.42857143,277,2021,2016,l_lag_y + l_highway,1.005087065463134,0,-0.13310666954182396,0.13730826184547262,15078395.455570474,19760359.51346538,TRUE
log_ar_l_highway,lagged,09,Connecticut,2022,10400000,10445197.064920794,10400000,9912857.142857144,277,2021,2016,l_lag_y + l_highway,1.005087065463134,0,-0.13310666954182396,0.13730826184547262,9143430.033022216,11982539.201277358,TRUE
log_ar_l_highway,lagged,12,Florida,2022,91100000,89331678.45054463,86600000,78000000,277,2021,2016,l_lag_y + l_highway,1.005087065463134,0,-0.13310666954182396,0.13730826184547262,78198424.26794721,102479669.10499565,TRUE
log_ar_l_highway,lagged,13,Georgia,2022,63400000,63406107.673134066,61200000,55200000,277,2021,2016,l_lag_y + l_highway,1.005087065463134,0,-0.13310666954182396,0.13730826184547262,55503913.001565814,72738328.06327273,TRUE
log_ar_l_highway,lagged,15,Hawaii,2022,5570000,5909997.160233076,5850000,5380000,277,2021,2016,l_lag_y + l_highway,1.005087065463134,0,-0.13310666954182396,0.13730826184547262,5173444.329875923,6779840.745155697,TRUE
log_ar_l_highway,lagged,16,Idaho,2022,5570000,5340103.311151945,5370000,4670000,277,2021,2016,l_lag_y + l_highway,1.005087065463134,0,-0.13310666954182396,0.13730826184547262,4674575.375758918,6126068.935515524,TRUE
log_ar_l_highway,lagged,17,Illinois,2022,50700000,52693446.19675181,51500000,51114285.71428572,277,2021,2016,l_lag_y + l_highway,1.005087065463134,0,-0.13310666954182396,0.13730826184547262,46126352.18888273,60448958.57671076,TRUE
log_ar_l_highway,lagged,18,Indiana,2022,55100000,53885087.918153785,52300000,50328571.428571425,277,2021,2016,l_lag_y + l_highway,1.005087065463134,0,-0.13310666954182396,0.13730826184547262,47169481.64219494,61815988.183890805,TRUE
log_ar_l_highway,lagged,19,Iowa,2022,34900000,36580882.376897804,35600000,38414285.71428572,277,2021,2016,l_lag_y + l_highway,1.005087065463134,0,-0.13310666954182396,0.13730826184547262,32021869.61916518,41964919.797501005,TRUE
log_ar_l_highway,lagged,20,Kansas,2022,19000000,19774504.16662048,19400000,16942857.14285714,277,2021,2016,l_lag_y + l_highway,1.005087065463134,0,-0.13310666954182396,0.13730826184547262,17310041.558949918,22684949.82810065,TRUE
log_ar_l_highway,lagged,21,Kentucky,2022,53800000,52892781.17143326,51100000,51300000,277,2021,2016,l_lag_y + l_highway,1.005087065463134,0,-0.13310666954182396,0.13730826184547262,46300844.38685716,60677632.017093025,TRUE
log_ar_l_highway,lagged,23,Maine,2022,4480000,4669646.005677946,4700000,4410000,277,2021,2016,l_lag_y + l_highway,1.005087065463134,0,-0.13310666954182396,0.13730826184547262,4087676.0166919576,5356932.5663602045,TRUE
log_ar_l_highway,lagged,24,Maryland,2022,24400000,26240347.703782324,25700000,23942857.14285714,277,2021,2016,l_lag_y + l_highway,1.005087065463134,0,-0.13310666954182396,0.13730826184547262,22970058.083200768,30102447.379541546,TRUE
log_ar_l_highway,lagged,25,Massachusetts,2022,12800000,12487251.38933177,12400000,12900000,277,2021,2016,l_lag_y + l_highway,1.005087065463134,0,-0.13310666954182396,0.13730826184547262,10930986.62222131,14325146.6065095,TRUE
log_ar_l_highway,lagged,26,Michigan,2022,37200000,36909588.62328949,36000000,35100000,277,2021,2016,l_lag_y + l_highway,1.005087065463134,0,-0.13310666954182396,0.13730826184547262,32309609.76869222,42342005.596707314,TRUE
log_ar_l_highway,lagged,27,Minnesota,2022,8550000,9123662.013914764,9130000,7952857.142857143,277,2021,2016,l_lag_y + l_highway,1.005087065463134,0,-0.13310666954182396,0.13730826184547262,7986595.633445312,10466498.33999736,TRUE
log_ar_l_highway,lagged,28,Mississippi,2022,1700000,1274230.6625536873,1320000,1850000,277,2021,2016,l_lag_y + l_highway,1.005087065463134,0,-0.13310666954182396,0.13730826184547262,1115425.4760898117,1461774.1312700605,TRUE
log_ar_l_highway,lagged,29,Missouri,2022,85200000,89578213.60866454,85500000,75714285.71428572,277,2021,2016,l_lag_y + l_highway,1.005087065463134,0,-0.13310666954182396,0.13730826184547262,78414234.17128737,102762489.73330013,TRUE
log_ar_l_highway,lagged,30,Montana,2022,2880000,2843313.68191163,2890000,2821428.5714285714,277,2021,2016,l_lag_y + l_highway,1.005087065463134,0,-0.13310666954182396,0.13730826184547262,2488956.3644332173,3261797.498244972,TRUE
log_ar_l_highway,lagged,32,Nevada,2022,10100000,10045119.847006116,9960000,10835714.285714285,277,2021,2016,l_lag_y + l_highway,1.005087065463134,0,-0.13310666954182396,0.13730826184547262,8793213.753992464,11523577.927746138,TRUE
log_ar_l_highway,lagged,33,New Hampshire,2022,5150000,5081970.086246615,5070000,5351428.571428572,277,2021,2016,l_lag_y + l_highway,1.005087065463134,0,-0.13310666954182396,0.13730826184547262,4448612.852845219,5829943.216933525,TRUE
log_ar_l_highway,lagged,34,New Jersey,2022,17800000,17822367.107506625,17700000,17542857.14285714,277,2021,2016,l_lag_y + l_highway,1.005087065463134,0,-0.13310666954182396,0.13730826184547262,15601196.000178965,20445493.866503105,TRUE
log_ar_l_highway,lagged,35,New Mexico,2022,4810000,4225318.008662734,4270000,4585714.285714285,277,2021,2016,l_lag_y + l_highway,1.005087065463134,0,-0.13310666954182396,0.13730826184547262,3698723.857420054,4847207.607666934,TRUE
log_ar_l_highway,lagged,36,New York,2022,42000000,41435628.73858899,40600000,38885714.28571428,277,2021,2016,l_lag_y + l_highway,1.005087065463134,0,-0.13310666954182396,0.13730826184547262,36271577.25132359,47534196.10982536,TRUE
log_ar_l_highway,lagged,37,North Carolina,2022,62700000,64109180.90895375,62300000,56928571.428571425,277,2021,2016,l_lag_y + l_highway,1.005087065463134,0,-0.13310666954182396,0.13730826184547262,56119363.42340585,73544880.83170937,TRUE
log_ar_l_highway,lagged,38,North Dakota,2022,311000,302685.1242463242,321000,477714.28571428574,277,2021,2016,l_lag_y + l_highway,1.005087065463134,0,-0.13310666954182396,0.13730826184547262,264961.9952961498,347234.84338134795,TRUE
log_ar_l_highway,lagged,39,Ohio,2022,75600000,75294577.18205893,72600000,64785714.28571428,277,2021,2016,l_lag_y + l_highway,1.005087065463134,0,-0.13310666954182396,0.13730826184547262,65910742.90424289,86376563.038494125,TRUE
log_ar_l_highway,lagged,40,Oklahoma,2022,39900000,42730007.97432915,41500000,38057142.85714286,277,2021,2016,l_lag_y + l_highway,1.005087065463134,0,-0.13310666954182396,0.13730826184547262,37404640.21841053,49019084.3160675,TRUE
log_ar_l_highway,lagged,41,Oregon,2022,24900000,22112259.10060074,21600000,20457142.85714286,277,2021,2016,l_lag_y + l_highway,1.005087065463134,0,-0.13310666954182396,0.13730826184547262,19356446.096877422,25366779.56910903,TRUE
log_ar_l_highway,lagged,42,Pennsylvania,2022,91400000,96926569.52177007,93400000,90057142.85714285,277,2021,2016,l_lag_y + l_highway,1.005087065463134,0,-0.13310666954182396,0.13730826184547262,84846777.06460185,111192389.35572465,TRUE
log_ar_l_highway,lagged,44,Rhode Island,2022,2490000,2107284.717179035,2150000,2111428.5714285714,277,2021,2016,l_lag_y + l_highway,1.005087065463134,0,-0.13310666954182396,0.13730826184547262,1844657.429766704,2417438.5198200117,TRUE
log_ar_l_highway,lagged,45,South Carolina,2022,33800000,31722129.051153712,31000000,28071428.57142857,277,2021,2016,l_lag_y + l_highway,1.005087065463134,0,-0.13310666954182396,0.13730826184547262,27768654.40402534,36391046.76923691,TRUE
log_ar_l_highway,lagged,46,South Dakota,2022,7790000,8345294.151626932,8300000,7090000,277,2021,2016,l_lag_y + l_highway,1.005087065463134,0,-0.13310666954182396,0.13730826184547262,7305234.425557385,9573568.951982113,TRUE
log_ar_l_highway,lagged,47,Tennessee,2022,60500000,59036021.35344073,56900000,47800000,277,2021,2016,l_lag_y + l_highway,1.005087065463134,0,-0.13310666954182396,0.13730826184547262,51678463.05992926,67725044.89463311,TRUE
log_ar_l_highway,lagged,48,Texas,2022,202000000,198145680.87579232,190000000,174857142.85714287,277,2021,2016,l_lag_y + l_highway,1.005087065463134,0,-0.13310666954182396,0.13730826184547262,173451123.8201415,227309104.26111516,TRUE
log_ar_l_highway,lagged,49,Utah,2022,13400000,13291893.999823513,13200000,10340000,277,2021,2016,l_lag_y + l_highway,1.005087065463134,0,-0.13310666954182396,0.13730826184547262,11635348.001417115,15248217.905529415,TRUE
log_ar_l_highway,lagged,50,Vermont,2022,5400000,5339889.686120308,5320000,5040000,277,2021,2016,l_lag_y + l_highway,1.005087065463134,0,-0.13310666954182396,0.13730826184547262,4674388.374449328,6125823.868782934,TRUE
log_ar_l_highway,lagged,51,Virginia,2022,50800000,56417728.56682862,54700000,51171428.571428575,277,2021,2016,l_lag_y + l_highway,1.005087065463134,0,-0.13310666954182396,0.13730826184547262,49386483.62176669,64721387.25552861,TRUE
log_ar_l_highway,lagged,53,Washington,2022,16700000,16843238.32115938,16700000,15500000,277,2021,2016,l_lag_y + l_highway,1.005087065463134,0,-0.13310666954182396,0.13730826184547262,14744094.358568925,19322255.21503646,TRUE
log_ar_l_highway,lagged,54,West Virginia,2022,14000000,14383708.26511524,14200000,14714285.714285715,277,2021,2016,l_lag_y + l_highway,1.005087065463134,0,-0.13310666954182396,0.13730826184547262,12591091.323606526,16500727.279269142,TRUE
log_ar_l_highway,lagged,55,Wisconsin,2022,27100000,26250880.118241973,25700000,25371428.57142857,277,2021,2016,l_lag_y + l_highway,1.005087065463134,0,-0.13310666954182396,0.13730826184547262,22979277.860873897,30114529.97294428,TRUE
log_ar_l_highway,lagged,56,Wyoming,2022,7160000,7483456.589842769,7440000,10761428.57142857,277,2021,2016,l_lag_y + l_highway,1.005087065463134,0,-0.13310666954182396,0.13730826184547262,6550806.203952194,8584884.649998544,TRUE
log_ar_l_highway,lagged,01,Alabama,2023,43300000,44961428.49085064,43600000,39562500,324,2022,2016,l_lag_y + l_highway,1.004864020556342,0,-0.13310666954182396,0.13730826184547262,39357962.615322076,51578929.1564823,TRUE
log_ar_l_highway,lagged,02,Alaska,2023,589000,515074.1462027879,541000,1083500,324,2022,2016,l_lag_y + l_highway,1.004864020556342,0,-0.13310666954182396,0.13730826184547262,450881.33697739465,590883.6482527554,TRUE
log_ar_l_highway,lagged,04,Arizona,2023,13400000,11281974.791112473,11200000,10727500,324,2022,2016,l_lag_y + l_highway,1.004864020556342,0,-0.13310666954182396,0.13730826184547262,9875921.583451672,12942475.317803234,TRUE
log_ar_l_highway,lagged,05,Arkansas,2023,33000000,32565908.636476416,31800000,30462500,324,2022,2016,l_lag_y + l_highway,1.004864020556342,0,-0.13310666954182396,0.13730826184547262,28507275.183866907,37359015.290608555,TRUE
log_ar_l_highway,lagged,06,California,2023,41500000,41090247.72257601,40400000,39625000,324,2022,2016,l_lag_y + l_highway,1.004864020556342,0,-0.13310666954182396,0.13730826184547262,35969240.48017213,47137981.31961796,TRUE
log_ar_l_highway,lagged,08,Colorado,2023,15700000,17407265.148402143,17200000,16087500,324,2022,2016,l_lag_y + l_highway,1.004864020556342,0,-0.13310666954182396,0.13730826184547262,15237827.487737112,19969296.484435406,TRUE
log_ar_l_highway,lagged,09,Connecticut,2023,11000000,10450500.217886303,10400000,9973750,324,2022,2016,l_lag_y + l_highway,1.004864020556342,0,-0.13310666954182396,0.13730826184547262,9148072.263110664,11988622.88145157,TRUE
log_ar_l_highway,lagged,12,Florida,2023,95000000,93989061.608531,91100000,79637500,324,2022,2016,l_lag_y + l_highway,1.004864020556342,0,-0.13310666954182396,0.13730826184547262,82275365.73466595,107822533.95657076,TRUE
log_ar_l_highway,lagged,13,Georgia,2023,67300000,65658773.033504106,63400000,56225000,324,2022,2016,l_lag_y + l_highway,1.004864020556342,0,-0.13310666954182396,0.13730826184547262,57475832.533800356,75322544.60033031,TRUE
log_ar_l_highway,lagged,15,Hawaii,2023,6260000,5601150.620459073,5570000,5403750,324,2022,2016,l_lag_y + l_highway,1.004864020556342,0,-0.13310666954182396,0.13730826184547262,4903088.805723252,6425537.638472385,TRUE
log_ar_l_highway,lagged,16,Idaho,2023,5400000,5545870.087709544,5570000,4782500,324,2022,2016,l_lag_y + l_highway,1.004864020556342,0,-0.13310666954182396,0.13730826184547262,4854697.791150532,6362120.8214777745,TRUE
log_ar_l_highway,lagged,17,Illinois,2023,54200000,51914467.166429654,50700000,51062500,324,2022,2016,l_lag_y + l_highway,1.004864020556342,0,-0.13310666954182396,0.13730826184547262,45444455.981786504,59555328.06789479,TRUE
log_ar_l_highway,lagged,18,Indiana,2023,55700000,56859679.2102999,55100000,50925000,324,2022,2016,l_lag_y + l_highway,1.004864020556342,0,-0.13310666954182396,0.13730826184547262,49773354.71299769,65228384.95767914,TRUE
log_ar_l_highway,lagged,19,Iowa,2023,33500000,35849631.14989629,34900000,37975000,324,2022,2016,l_lag_y + l_highway,1.004864020556342,0,-0.13310666954182396,0.13730826184547262,31381752.980954032,41126041.75249456,TRUE
log_ar_l_highway,lagged,20,Kansas,2023,18700000,19313773.704322483,19000000,17200000,324,2022,2016,l_lag_y + l_highway,1.004864020556342,0,-0.13310666954182396,0.13730826184547262,16906731.145568486,22156408.260967445,TRUE
log_ar_l_highway,lagged,21,Kentucky,2023,55500000,55621179.46607446,53800000,51612500,324,2022,2016,l_lag_y + l_highway,1.004864020556342,0,-0.13310666954182396,0.13730826184547262,48689207.07204295,63807600.682981886,TRUE
log_ar_l_highway,lagged,23,Maine,2023,4260000,4453426.047343746,4480000,4418750,324,2022,2016,l_lag_y + l_highway,1.004864020556342,0,-0.13310666954182396,0.13730826184547262,3898403.1816765917,5108888.981281348,TRUE
log_ar_l_highway,lagged,24,Maryland,2023,23800000,24885766.20507989,24400000,24000000,324,2022,2016,l_lag_y + l_highway,1.004864020556342,0,-0.13310666954182396,0.13730826184547262,21784295.758140605,28548496.237342585,TRUE
log_ar_l_highway,lagged,25,Massachusetts,2023,12300000,12919187.177971486,12800000,12887500,324,2022,2016,l_lag_y + l_highway,1.004864020556342,0,-0.13310666954182396,0.13730826184547262,11309090.992836691,14820655.450204954,TRUE
log_ar_l_highway,lagged,26,Michigan,2023,34400000,38099910.95954319,37200000,35362500,324,2022,2016,l_lag_y + l_highway,1.004864020556342,0,-0.13310666954182396,0.13730826184547262,33351584.269568887,43707521.62935521,TRUE
log_ar_l_highway,lagged,27,Minnesota,2023,8810000,8546899.483027969,8550000,8027500,324,2022,2016,l_lag_y + l_highway,1.004864020556342,0,-0.13310666954182396,0.13730826184547262,7481714.029579448,9804846.904105434,TRUE
log_ar_l_highway,lagged,28,Mississippi,2023,2300000,1654855.9270787816,1700000,1831250,324,2022,2016,l_lag_y + l_highway,1.004864020556342,0,-0.13310666954182396,0.13730826184547262,1448614.0653863952,1898420.4793304254,TRUE
log_ar_l_highway,lagged,29,Missouri,2023,86100000,89112998.41171454,85200000,76900000,324,2022,2016,l_lag_y + l_highway,1.004864020556342,0,-0.13310666954182396,0.13730826184547262,78006997.94805741,102228803.3605265,TRUE
log_ar_l_highway,lagged,30,Montana,2023,2870000,2842362.518546369,2880000,2828750,324,2022,2016,l_lag_y + l_highway,1.004864020556342,0,-0.13310666954182396,0.13730826184547262,2488123.74293013,3260706.3410135456,TRUE
log_ar_l_highway,lagged,32,Nevada,2023,10000000,10182231.160323076,10100000,10743750,324,2022,2016,l_lag_y + l_highway,1.004864020556342,0,-0.13310666954182396,0.13730826184547262,8913237.119014435,11680869.520862821,TRUE
log_ar_l_highway,lagged,33,New Hampshire,2023,5130000,5174735.205707395,5150000,5326250,324,2022,2016,l_lag_y + l_highway,1.004864020556342,0,-0.13310666954182396,0.13730826184547262,4529816.814247074,5936361.666824054,TRUE
log_ar_l_highway,lagged,34,New Jersey,2023,18700000,17978328.675842904,17800000,17575000,324,2022,2016,l_lag_y + l_highway,1.004864020556342,0,-0.13310666954182396,0.13730826184547262,15737720.34520184,20624410.127715483,TRUE
log_ar_l_highway,lagged,35,New Mexico,2023,4480000,4782832.029775817,4810000,4613750,324,2022,2016,l_lag_y + l_highway,1.004864020556342,0,-0.13310666954182396,0.13730826184547262,4186755.8603389952,5486777.504886479,TRUE
log_ar_l_highway,lagged,36,New York,2023,42200000,42901806.43731231,42000000,39275000,324,2022,2016,l_lag_y + l_highway,1.004864020556342,0,-0.13310666954182396,0.13730826184547262,37555027.733007334,49216168.373421334,TRUE
log_ar_l_highway,lagged,37,North Carolina,2023,66800000,64434283.403347135,62700000,57650000,324,2022,2016,l_lag_y + l_highway,1.004864020556342,0,-0.13310666954182396,0.13730826184547262,56403948.95037786,73917832.47247685,TRUE
log_ar_l_highway,lagged,38,North Dakota,2023,410000,294165.5059083389,311000,456875,324,2022,2016,l_lag_y + l_highway,1.004864020556342,0,-0.13310666954182396,0.13730826184547262,257504.16240920156,337461.29290831013,TRUE
log_ar_l_highway,lagged,39,Ohio,2023,73900000,78612591.03848019,75600000,66137500,324,2022,2016,l_lag_y + l_highway,1.004864020556342,0,-0.13310666954182396,0.13730826184547262,68815238.3729472,90182927.90244423,TRUE
log_ar_l_highway,lagged,40,Oklahoma,2023,39500000,41005493.40640994,39900000,38287500,324,2022,2016,l_lag_y + l_highway,1.004864020556342,0,-0.13310666954182396,0.13730826184547262,35895048.9493619,47040752.716880724,TRUE
log_ar_l_highway,lagged,41,Oregon,2023,23600000,25483824.52262862,24900000,21012500,324,2022,2016,l_lag_y + l_highway,1.004864020556342,0,-0.13310666954182396,0.13730826184547262,22307819.091227215,29234577.81054189,TRUE
log_ar_l_highway,lagged,42,Pennsylvania,2023,88300000,94892087.46638435,91400000,90225000,324,2022,2016,l_lag_y + l_highway,1.004864020556342,0,-0.13310666954182396,0.13730826184547262,83065849.02550031,108858468.71914548,TRUE
log_ar_l_highway,lagged,44,Rhode Island,2023,2400000,2455122.768457929,2490000,2158750,324,2022,2016,l_lag_y + l_highway,1.004864020556342,0,-0.13310666954182396,0.13730826184547262,2149145.0200844156,2816471.9759855303,TRUE
log_ar_l_highway,lagged,45,South Carolina,2023,34700000,34615647.830806814,33800000,28787500,324,2022,2016,l_lag_y + l_highway,1.004864020556342,0,-0.13310666954182396,0.13730826184547262,30301558.890801013,39710438.638181835,TRUE
log_ar_l_highway,lagged,46,South Dakota,2023,8150000,7832612.759830466,7790000,7177500,324,2022,2016,l_lag_y + l_highway,1.004864020556342,0,-0.13310666954182396,0.13730826184547262,6856447.638100159,8985430.227859994,TRUE
log_ar_l_highway,lagged,47,Tennessee,2023,58900000,62743510.11633277,60500000,49387500,324,2022,2016,l_lag_y + l_highway,1.004864020556342,0,-0.13310666954182396,0.13730826184547262,54923893.84414745,71978208.25416864,TRUE
log_ar_l_highway,lagged,48,Texas,2023,203000000,210898577.4534884,202000000,178250000,324,2022,2016,l_lag_y + l_highway,1.004864020556342,0,-0.13310666954182396,0.13730826184547262,184614648.72558728,241938994.17341602,TRUE
log_ar_l_highway,lagged,49,Utah,2023,12100000,13515426.425154284,13400000,10722500,324,2022,2016,l_lag_y + l_highway,1.004864020556342,0,-0.13310666954182396,0.13730826184547262,11831021.963183502,15504650.21912147,TRUE
log_ar_l_highway,lagged,50,Vermont,2023,5630000,5425889.300110092,5400000,5085000,324,2022,2016,l_lag_y + l_highway,1.004864020556342,0,-0.13310666954182396,0.13730826184547262,4749670.003747,6224481.054427437,TRUE
log_ar_l_highway,lagged,51,Virginia,2023,52000000,52324392.82792954,50800000,51125000,324,2022,2016,l_lag_y + l_highway,1.004864020556342,0,-0.13310666954182396,0.13730826184547262,45803293.30973432,60025587.29594021,TRUE
log_ar_l_highway,lagged,53,Washington,2023,16000000,16859282.72738332,16700000,15650000,324,2022,2016,l_lag_y + l_highway,1.004864020556342,0,-0.13310666954182396,0.13730826184547262,14758139.177907245,19340661.06466712,TRUE
log_ar_l_highway,lagged,54,West Virginia,2023,14600000,14131235.367228223,14000000,14625000,324,2022,2016,l_lag_y + l_highway,1.004864020556342,0,-0.13310666954182396,0.13730826184547262,12370083.690843226,16211094.984407865,TRUE
log_ar_l_highway,lagged,55,Wisconsin,2023,27600000,27690505.29096386,27100000,25587500,324,2022,2016,l_lag_y + l_highway,1.004864020556342,0,-0.13310666954182396,0.13730826184547262,24239485.01242369,31766041.66392227,TRUE
log_ar_l_highway,lagged,56,Wyoming,2023,8510000,7193516.5688766595,7160000,10311250,324,2022,2016,l_lag_y + l_highway,1.004864020556342,0,-0.13310666954182396,0.13730826184547262,6297000.911529334,8252270.756201037,TRUE
log_ar_l_gdp,lagged,01,Alabama,2022,43600000,44884843.2872896,43800000,38985714.28571428,277,2021,2016,l_lag_y + l_gdp,1.0050861048123514,0,-0.13063929222493337,0.14194957269169156,39387987.32355938,51730613.54480038,FALSE
log_ar_l_gdp,lagged,02,Alaska,2022,541000,780964.0689565114,807000,1161000,277,2021,2016,l_lag_y + l_gdp,1.0050861048123514,0,-0.13063929222493337,0.14194957269169156,685322.7191042718,900075.5596935425,FALSE
log_ar_l_gdp,lagged,04,Arizona,2022,11200000,11535598.640601724,11400000,10660000,277,2021,2016,l_lag_y + l_gdp,1.0050861048123514,0,-0.13063929222493337,0.14194957269169156,10122882.909883201,13294991.172529662,FALSE
log_ar_l_gdp,lagged,05,Arkansas,2022,31800000,34703135.50635581,34100000,30271428.57142857,277,2021,2016,l_lag_y + l_gdp,1.0050861048123514,0,-0.13063929222493337,0.14194957269169156,30453190.01479456,39996006.673827425,FALSE
log_ar_l_gdp,lagged,06,California,2022,40400000,39715524.751105554,38300000,39514285.71428572,277,2021,2016,l_lag_y + l_gdp,1.0050861048123514,0,-0.13063929222493337,0.14194957269169156,34851733.25508823,45772878.1512798,FALSE
log_ar_l_gdp,lagged,08,Colorado,2022,17200000,17296904.898068707,17000000,15928571.42857143,277,2021,2016,l_lag_y + l_gdp,1.0050861048123514,0,-0.13063929222493337,0.14194957269169156,15178626.479795886,19935003.383570664,FALSE
log_ar_l_gdp,lagged,09,Connecticut,2022,10400000,10449570.59074341,10400000,9912857.142857144,277,2021,2016,l_lag_y + l_gdp,1.0050861048123514,0,-0.13063929222493337,0.14194957269169156,9169856.09887142,12043323.72241866,FALSE
log_ar_l_gdp,lagged,12,Florida,2022,91100000,90396108.20604976,86600000,78000000,277,2021,2016,l_lag_y + l_gdp,1.0050861048123514,0,-0.13063929222493337,0.14194957269169156,79325681.08413674,104183189.62662679,FALSE
log_ar_l_gdp,lagged,13,Georgia,2022,63400000,63353449.16414207,61200000,55200000,277,2021,2016,l_lag_y + l_gdp,1.0050861048123514,0,-0.13063929222493337,0.14194957269169156,55594821.54386009,73016024.01647358,FALSE
log_ar_l_gdp,lagged,15,Hawaii,2022,5570000,5824276.1384395445,5850000,5380000,277,2021,2016,l_lag_y + l_gdp,1.0050861048123514,0,-0.13063929222493337,0.14194957269169156,5111001.797230939,6712586.165609674,FALSE
log_ar_l_gdp,lagged,16,Idaho,2022,5570000,5343031.833194602,5370000,4670000,277,2021,2016,l_lag_y + l_gdp,1.0050861048123514,0,-0.13063929222493337,0.14194957269169156,4688693.43640637,6157943.187000638,FALSE
log_ar_l_gdp,lagged,17,Illinois,2022,50700000,53186103.34876832,51500000,51114285.71428572,277,2021,2016,l_lag_y + l_gdp,1.0050861048123514,0,-0.13063929222493337,0.14194957269169156,46672627.351782106,61297969.57691661,FALSE
log_ar_l_gdp,lagged,18,Indiana,2022,55100000,53866593.45889604,52300000,50328571.428571425,277,2021,2016,l_lag_y + l_gdp,1.0050861048123514,0,-0.13063929222493337,0.14194957269169156,47269780.730706975,62082247.037411705,FALSE
log_ar_l_gdp,lagged,19,Iowa,2022,34900000,36343208.040379755,35600000,38414285.71428572,277,2021,2016,l_lag_y + l_gdp,1.0050861048123514,0,-0.13063929222493337,0.14194957269169156,31892409.8370936,41886220.657643646,FALSE
log_ar_l_gdp,lagged,20,Kansas,2022,19000000,19635284.94190924,19400000,16942857.14285714,277,2021,2016,l_lag_y + l_gdp,1.0050861048123514,0,-0.13063929222493337,0.14194957269169156,17230635.059505843,22630029.71115601,FALSE
log_ar_l_gdp,lagged,21,Kentucky,2022,53800000,52385376.7529705,51100000,51300000,277,2021,2016,l_lag_y + l_gdp,1.0050861048123514,0,-0.13063929222493337,0.14194957269169156,45969962.33849348,60375117.338865235,FALSE
log_ar_l_gdp,lagged,23,Maine,2022,4480000,4648081.021457156,4700000,4410000,277,2021,2016,l_lag_y + l_gdp,1.0050861048123514,0,-0.13063929222493337,0.14194957269169156,4078850.2965292796,5356999.499962848,FALSE
log_ar_l_gdp,lagged,24,Maryland,2022,24400000,26283504.12788327,25700000,23942857.14285714,277,2021,2016,l_lag_y + l_gdp,1.0050861048123514,0,-0.13063929222493337,0.14194957269169156,23064675.101604916,30292225.505613416,FALSE
log_ar_l_gdp,lagged,25,Massachusetts,2022,12800000,12564164.921059621,12400000,12900000,277,2021,2016,l_lag_y + l_gdp,1.0050861048123514,0,-0.13063929222493337,0.14194957269169156,11025485.050138166,14480432.86871684,FALSE
log_ar_l_gdp,lagged,26,Michigan,2022,37200000,36924236.875874005,36000000,35100000,277,2021,2016,l_lag_y + l_gdp,1.0050861048123514,0,-0.13063929222493337,0.14194957269169156,32402282.540905636,42555867.15623908,FALSE
log_ar_l_gdp,lagged,27,Minnesota,2022,8550000,9204836.041124487,9130000,7952857.142857143,277,2021,2016,l_lag_y + l_gdp,1.0050861048123514,0,-0.13063929222493337,0.14194957269169156,8077558.89850512,10608744.090714082,FALSE
log_ar_l_gdp,lagged,28,Mississippi,2022,1700000,1288546.3907999212,1320000,1850000,277,2021,2016,l_lag_y + l_gdp,1.0050861048123514,0,-0.13063929222493337,0.14194957269169156,1130743.5915904758,1485073.5904405827,FALSE
log_ar_l_gdp,lagged,29,Missouri,2022,85200000,88511566.8710663,85500000,75714285.71428572,277,2021,2016,l_lag_y + l_gdp,1.0050861048123514,0,-0.13063929222493337,0.14194957269169156,77671931.51575913,102011220.82002436,FALSE
log_ar_l_gdp,lagged,30,Montana,2022,2880000,2845396.1869109,2890000,2821428.5714285714,277,2021,2016,l_lag_y + l_gdp,1.0050861048123514,0,-0.13063929222493337,0.14194957269169156,2496932.610930776,3279371.826805921,FALSE
log_ar_l_gdp,lagged,32,Nevada,2022,10100000,10039785.458675137,9960000,10835714.285714285,277,2021,2016,l_lag_y + l_gdp,1.0050861048123514,0,-0.13063929222493337,0.14194957269169156,8810255.610038724,11571038.764938775,FALSE
log_ar_l_gdp,lagged,33,New Hampshire,2022,5150000,5022341.649500449,5070000,5351428.571428572,277,2021,2016,l_lag_y + l_gdp,1.0050861048123514,0,-0.13063929222493337,0.14194957269169156,4407276.81633961,5788341.808332328,FALSE
log_ar_l_gdp,lagged,34,New Jersey,2022,17800000,18008160.27204535,17700000,17542857.14285714,277,2021,2016,l_lag_y + l_gdp,1.0050861048123514,0,-0.13063929222493337,0.14194957269169156,15802777.431481145,20754738.38069089,FALSE
log_ar_l_gdp,lagged,35,New Mexico,2022,4810000,4229824.433102797,4270000,4585714.285714285,277,2021,2016,l_lag_y + l_gdp,1.0050861048123514,0,-0.13063929222493337,0.14194957269169156,3711815.814651923,4874951.032148479,FALSE
log_ar_l_gdp,lagged,36,New York,2022,42000000,41932753.43409703,40600000,38885714.28571428,277,2021,2016,l_lag_y + l_gdp,1.0050861048123514,0,-0.13063929222493337,0.14194957269169156,36797427.36612974,48328275.2907137,FALSE
log_ar_l_gdp,lagged,37,North Carolina,2022,62700000,64452327.23113586,62300000,56928571.428571425,277,2021,2016,l_lag_y + l_gdp,1.0050861048123514,0,-0.13063929222493337,0.14194957269169156,56559124.68503081,74282501.34942687,FALSE
log_ar_l_gdp,lagged,38,North Dakota,2022,311000,307379.87454381114,321000,477714.28571428574,277,2021,2016,l_lag_y + l_gdp,1.0050861048123514,0,-0.13063929222493337,0.14194957269169156,269736.3678994367,354261.0007502893,FALSE
log_ar_l_gdp,lagged,39,Ohio,2022,75600000,75240120.06086142,72600000,64785714.28571428,277,2021,2016,l_lag_y + l_gdp,1.0050861048123514,0,-0.13063929222493337,0.14194957269169156,66025782.38297003,86715632.46907884,FALSE
log_ar_l_gdp,lagged,40,Oklahoma,2022,39900000,42415280.18639428,41500000,38057142.85714286,277,2021,2016,l_lag_y + l_gdp,1.0050861048123514,0,-0.13063929222493337,0.14194957269169156,37220861.11816747,48884396.31331255,FALSE
log_ar_l_gdp,lagged,41,Oregon,2022,24900000,21958364.628750388,21600000,20457142.85714286,277,2021,2016,l_lag_y + l_gdp,1.0050861048123514,0,-0.13063929222493337,0.14194957269169156,19269217.051900335,25307422.09380439,FALSE
log_ar_l_gdp,lagged,42,Pennsylvania,2022,91400000,97167513.69703771,93400000,90057142.85714285,277,2021,2016,l_lag_y + l_gdp,1.0050861048123514,0,-0.13063929222493337,0.14194957269169156,85267821.32810727,111987359.92009045,FALSE
log_ar_l_gdp,lagged,44,Rhode Island,2022,2490000,2105082.70770066,2150000,2111428.5714285714,277,2021,2016,l_lag_y + l_gdp,1.0050861048123514,0,-0.13063929222493337,0.14194957269169156,1847282.176641516,2426146.8249960924,FALSE
log_ar_l_gdp,lagged,45,South Carolina,2022,33800000,31663730.212896243,31000000,28071428.57142857,277,2021,2016,l_lag_y + l_gdp,1.0050861048123514,0,-0.13063929222493337,0.14194957269169156,27786007.767912444,36493035.75699454,FALSE
log_ar_l_gdp,lagged,46,South Dakota,2022,7790000,8262794.572000991,8300000,7090000,277,2021,2016,l_lag_y + l_gdp,1.0050861048123514,0,-0.13063929222493337,0.14194957269169156,7250885.2437346475,9523023.842778994,FALSE
log_ar_l_gdp,lagged,47,Tennessee,2022,60500000,58601595.668762214,56900000,47800000,277,2021,2016,l_lag_y + l_gdp,1.0050861048123514,0,-0.13063929222493337,0.14194957269169156,51424907.347179934,67539424.81754948,FALSE
log_ar_l_gdp,lagged,48,Texas,2022,202000000,200638804.29212943,190000000,174857142.85714287,277,2021,2016,l_lag_y + l_gdp,1.0050861048123514,0,-0.13063929222493337,0.14194957269169156,176067422.79326156,231239939.5157549,FALSE
log_ar_l_gdp,lagged,49,Utah,2022,13400000,13358236.653982587,13200000,10340000,277,2021,2016,l_lag_y + l_gdp,1.0050861048123514,0,-0.13063929222493337,0.14194957269169156,11722310.193320153,15395615.253999228,FALSE
log_ar_l_gdp,lagged,50,Vermont,2022,5400000,5247252.184549036,5320000,5040000,277,2021,2016,l_lag_y + l_gdp,1.0050861048123514,0,-0.13063929222493337,0.14194957269169156,4604643.514196331,6047555.367267655,FALSE
log_ar_l_gdp,lagged,51,Virginia,2022,50800000,56486352.007535055,54700000,51171428.571428575,277,2021,2016,l_lag_y + l_gdp,1.0050861048123514,0,-0.13063929222493337,0.14194957269169156,49568708.58579876,65101567.30534519,FALSE
log_ar_l_gdp,lagged,53,Washington,2022,16700000,16999041.12556706,16700000,15500000,277,2021,2016,l_lag_y + l_gdp,1.0050861048123514,0,-0.13063929222493337,0.14194957269169156,14917240.817371955,19591709.86674463,FALSE
log_ar_l_gdp,lagged,54,West Virginia,2022,14000000,14252431.844492108,14200000,14714285.714285715,277,2021,2016,l_lag_y + l_gdp,1.0050861048123514,0,-0.13063929222493337,0.14194957269169156,12506997.099836554,16426191.779304067,FALSE
log_ar_l_gdp,lagged,55,Wisconsin,2022,27100000,26209804.80976661,25700000,25371428.57142857,277,2021,2016,l_lag_y + l_gdp,1.0050861048123514,0,-0.13063929222493337,0.14194957269169156,23000001.425701585,30207285.67593403,FALSE
log_ar_l_gdp,lagged,56,Wyoming,2022,7160000,7393597.79975441,7440000,10761428.57142857,277,2021,2016,l_lag_y + l_gdp,1.0050861048123514,0,-0.13063929222493337,0.14194957269169156,6488135.305458225,8521258.457709497,FALSE
log_ar_l_gdp,lagged,01,Alabama,2023,43300000,44593639.06365159,43600000,39562500,324,2022,2016,l_lag_y + l_gdp,1.004857710895845,0,-0.13063929222493337,0.14194957269169156,39132445.643357754,51394995.28143224,FALSE
log_ar_l_gdp,lagged,02,Alaska,2023,589000,522248.2667291552,541000,1083500,324,2022,2016,l_lag_y + l_gdp,1.004857710895845,0,-0.13063929222493337,0.14194957269169156,458290.7414428666,601900.803968233,FALSE
log_ar_l_gdp,lagged,04,Arizona,2023,13400000,11341298.647829782,11200000,10727500,324,2022,2016,l_lag_y + l_gdp,1.004857710895845,0,-0.13063929222493337,0.14194957269169156,9952378.011307871,13071056.830740634,FALSE
log_ar_l_gdp,lagged,05,Arkansas,2023,33000000,32276511.229992118,31800000,30462500,324,2022,2016,l_lag_y + l_gdp,1.004857710895845,0,-0.13063929222493337,0.14194957269169156,28323744.09861553,37199277.23321137,FALSE
log_ar_l_gdp,lagged,06,California,2023,41500000,41914728.63247719,40400000,39625000,324,2022,2016,l_lag_y + l_gdp,1.004857710895845,0,-0.13063929222493337,0.14194957269169156,36781609.98534559,48307501.37287133,FALSE
log_ar_l_gdp,lagged,08,Colorado,2023,15700000,17502398.52981126,17200000,16087500,324,2022,2016,l_lag_y + l_gdp,1.004857710895845,0,-0.13063929222493337,0.14194957269169156,15358954.179958312,20171838.6016765,FALSE
log_ar_l_gdp,lagged,09,Connecticut,2023,11000000,10446937.246075545,10400000,9973750,324,2022,2016,l_lag_y + l_gdp,1.004857710895845,0,-0.13063929222493337,0.14194957269169156,9167545.248731371,12040288.743896585,FALSE
log_ar_l_gdp,lagged,12,Florida,2023,95000000,95009104.11533229,91100000,79637500,324,2022,2016,l_lag_y + l_gdp,1.004857710895845,0,-0.13063929222493337,0.14194957269169156,83373742.99304184,109499752.88472812,FALSE
log_ar_l_gdp,lagged,13,Georgia,2023,67300000,65566242.07934535,63400000,56225000,324,2022,2016,l_lag_y + l_gdp,1.004857710895845,0,-0.13063929222493337,0.14194957269169156,57536623.11673915,75566308.85134274,FALSE
log_ar_l_gdp,lagged,15,Hawaii,2023,6260000,5541332.531747053,5570000,5403750,324,2022,2016,l_lag_y + l_gdp,1.004857710895845,0,-0.13063929222493337,0.14194957269169156,4862709.091331219,6386488.416329437,FALSE
log_ar_l_gdp,lagged,16,Idaho,2023,5400000,5548283.982780344,5570000,4782500,324,2022,2016,l_lag_y + l_gdp,1.004857710895845,0,-0.13063929222493337,0.14194957269169156,4868809.227705252,6394500.092446408,FALSE
log_ar_l_gdp,lagged,17,Illinois,2023,54200000,52271782.08711602,50700000,51062500,324,2022,2016,l_lag_y + l_gdp,1.004857710895845,0,-0.13063929222493337,0.14194957269169156,45870279.12850514,60244197.38171049,FALSE
log_ar_l_gdp,lagged,18,Indiana,2023,55700000,56687726.01757893,55100000,50925000,324,2022,2016,l_lag_y + l_gdp,1.004857710895845,0,-0.13063929222493337,0.14194957269169156,49745421.176820524,65333654.58311222,FALSE
log_ar_l_gdp,lagged,19,Iowa,2023,33500000,35558004.83396389,34900000,37975000,324,2022,2016,l_lag_y + l_gdp,1.004857710895845,0,-0.13063929222493337,0.14194957269169156,31203367.129675165,40981259.41348264,FALSE
log_ar_l_gdp,lagged,20,Kansas,2023,18700000,19200501.366684105,19000000,17200000,324,2022,2016,l_lag_y + l_gdp,1.004857710895845,0,-0.13063929222493337,0.14194957269169156,16849097.5805879,22128933.584750082,FALSE
log_ar_l_gdp,lagged,21,Kentucky,2023,55500000,55067187.97683721,53800000,51612500,324,2022,2016,l_lag_y + l_gdp,1.004857710895845,0,-0.13063929222493337,0.14194957269169156,48323343.54144743,63465954.46475184,FALSE
log_ar_l_gdp,lagged,23,Maine,2023,4260000,4427963.7385303825,4480000,4418750,324,2022,2016,l_lag_y + l_gdp,1.004857710895845,0,-0.13063929222493337,0.14194957269169156,3885689.841581869,5103310.2529104715,FALSE
log_ar_l_gdp,lagged,24,Maryland,2023,23800000,24922364.673807517,24400000,24000000,324,2022,2016,l_lag_y + l_gdp,1.004857710895845,0,-0.13063929222493337,0.14194957269169156,21870228.61062398,28723487.064694926,FALSE
log_ar_l_gdp,lagged,25,Massachusetts,2023,12300000,12976150.238156205,12800000,12887500,324,2022,2016,l_lag_y + l_gdp,1.004857710895845,0,-0.13063929222493337,0.14194957269169156,11387016.276691163,14955253.58020834,FALSE
log_ar_l_gdp,lagged,26,Michigan,2023,34400000,38128120.58734888,37200000,35362500,324,2022,2016,l_lag_y + l_gdp,1.004857710895845,0,-0.13063929222493337,0.14194957269169156,33458731.73162922,43943365.44007117,FALSE
log_ar_l_gdp,lagged,27,Minnesota,2023,8810000,8616832.367661335,8550000,8027500,324,2022,2016,l_lag_y + l_gdp,1.004857710895845,0,-0.13063929222493337,0.14194957269169156,7561565.535482028,9931058.96212505,FALSE
log_ar_l_gdp,lagged,28,Mississippi,2023,2300000,1667082.4987649177,1700000,1831250,324,2022,2016,l_lag_y + l_gdp,1.004857710895845,0,-0.13063929222493337,0.14194957269169156,1462921.9914704394,1921343.468638759,FALSE
log_ar_l_gdp,lagged,29,Missouri,2023,86100000,87969902.09161332,85200000,76900000,324,2022,2016,l_lag_y + l_gdp,1.004857710895845,0,-0.13063929222493337,0.14194957269169156,77196602.11937124,101386942.12537988,FALSE
log_ar_l_gdp,lagged,30,Montana,2023,2870000,2839130.710833376,2880000,2828750,324,2022,2016,l_lag_y + l_gdp,1.004857710895845,0,-0.13063929222493337,0.14194957269169156,2491434.4410755755,3272150.7495356705,FALSE
log_ar_l_gdp,lagged,32,Nevada,2023,10000000,10186488.647435412,10100000,10743750,324,2022,2016,l_lag_y + l_gdp,1.004857710895845,0,-0.13063929222493337,0.14194957269169156,8938992.682868201,11740116.908199148,FALSE
log_ar_l_gdp,lagged,33,New Hampshire,2023,5130000,5102513.310850533,5150000,5326250,324,2022,2016,l_lag_y + l_gdp,1.004857710895845,0,-0.13063929222493337,0.14194957269169156,4477630.1951127965,5880741.1335121095,FALSE
log_ar_l_gdp,lagged,34,New Jersey,2023,18700000,18105408.200893283,17800000,17575000,324,2022,2016,l_lag_y + l_gdp,1.004857710895845,0,-0.13063929222493337,0.14194957269169156,15888115.81985844,20866818.420562375,FALSE
log_ar_l_gdp,lagged,35,New Mexico,2023,4480000,4773127.614012482,4810000,4613750,324,2022,2016,l_lag_y + l_gdp,1.004857710895845,0,-0.13063929222493337,0.14194957269169156,4188582.9644345324,5501118.014829212,FALSE
log_ar_l_gdp,lagged,36,New York,2023,42200000,43357069.83556794,42000000,39275000,324,2022,2016,l_lag_y + l_gdp,1.004857710895845,0,-0.13063929222493337,0.14194957269169156,38047313.79230694,49969826.33408956,FALSE
log_ar_l_gdp,lagged,37,North Carolina,2023,66800000,64774967.974981375,62700000,57650000,324,2022,2016,l_lag_y + l_gdp,1.004857710895845,0,-0.13063929222493337,0.14194957269169156,56842252.98843852,74654350.7848109,FALSE
log_ar_l_gdp,lagged,38,North Dakota,2023,410000,298698.9814760252,311000,456875,324,2022,2016,l_lag_y + l_gdp,1.004857710895845,0,-0.13063929222493337,0.14194957269169156,262118.5869054691,344256.1106443114,FALSE
log_ar_l_gdp,lagged,39,Ohio,2023,73900000,78233563.12339492,75600000,66137500,324,2022,2016,l_lag_y + l_gdp,1.004857710895845,0,-0.13063929222493337,0.14194957269169156,68652631.19797423,90165631.06315067,FALSE
log_ar_l_gdp,lagged,40,Oklahoma,2023,39500000,40670223.20341425,39900000,38287500,324,2022,2016,l_lag_y + l_gdp,1.004857710895845,0,-0.13063929222493337,0.14194957269169156,35689513.84611471,46873185.80685282,FALSE
log_ar_l_gdp,lagged,41,Oregon,2023,23600000,25335233.80391105,24900000,21012500,324,2022,2016,l_lag_y + l_gdp,1.004857710895845,0,-0.13063929222493337,0.14194957269169156,22232535.41336182,29199326.38705281,FALSE
log_ar_l_gdp,lagged,42,Pennsylvania,2023,88300000,94856876.1997008,91400000,90225000,324,2022,2016,l_lag_y + l_gdp,1.004857710895845,0,-0.13063929222493337,0.14194957269169156,83240157.7831569,109324307.39138286,FALSE
log_ar_l_gdp,lagged,44,Rhode Island,2023,2400000,2443935.173569731,2490000,2158750,324,2022,2016,l_lag_y + l_gdp,1.004857710895845,0,-0.13063929222493337,0.14194957269169156,2144636.8213883163,2816680.570393827,FALSE
log_ar_l_gdp,lagged,45,South Carolina,2023,34700000,34517093.84631015,33800000,28787500,324,2022,2016,l_lag_y + l_gdp,1.004857710895845,0,-0.13063929222493337,0.14194957269169156,30289932.086040527,39781590.21352132,FALSE
log_ar_l_gdp,lagged,46,South Dakota,2023,8150000,7744306.596820548,7790000,7177500,324,2022,2016,l_lag_y + l_gdp,1.004857710895845,0,-0.13063929222493337,0.14194957269169156,6795894.286918534,8925456.844493832,FALSE
log_ar_l_gdp,lagged,47,Tennessee,2023,58900000,62257963.04705044,60500000,49387500,324,2022,2016,l_lag_y + l_gdp,1.004857710895845,0,-0.13063929222493337,0.14194957269169156,54633494.9549053,71753455.96863082,FALSE
log_ar_l_gdp,lagged,48,Texas,2023,203000000,213009277.42863116,202000000,178250000,324,2022,2016,l_lag_y + l_gdp,1.004857710895845,0,-0.13063929222493337,0.14194957269169156,186922936.6683638,245497139.0139187,FALSE
log_ar_l_gdp,lagged,49,Utah,2023,12100000,13566619.995656958,13400000,10722500,324,2022,2016,l_lag_y + l_gdp,1.004857710895845,0,-0.13063929222493337,0.14194957269169156,11905173.712922445,15635780.91634395,FALSE
log_ar_l_gdp,lagged,50,Vermont,2023,5630000,5323211.548553197,5400000,5085000,324,2022,2016,l_lag_y + l_gdp,1.004857710895845,0,-0.13063929222493337,0.14194957269169156,4671300.45777418,6135099.941708015,FALSE
log_ar_l_gdp,lagged,51,Virginia,2023,52000000,52339672.11359708,50800000,51125000,324,2022,2016,l_lag_y + l_gdp,1.004857710895845,0,-0.13063929222493337,0.14194957269169156,45929854.95202572,60322441.89514144,FALSE
log_ar_l_gdp,lagged,53,Washington,2023,16000000,16998858.143824887,16700000,15650000,324,2022,2016,l_lag_y + l_gdp,1.004857710895845,0,-0.13063929222493337,0.14194957269169156,14917080.244625939,19591498.976896368,FALSE
log_ar_l_gdp,lagged,54,West Virginia,2023,14600000,14025550.029503882,14000000,14625000,324,2022,2016,l_lag_y + l_gdp,1.004857710895845,0,-0.13063929222493337,0.14194957269169156,12307900.53631501,16164706.283713123,FALSE
log_ar_l_gdp,lagged,55,Wisconsin,2023,27600000,27625656.559080955,27100000,25587500,324,2022,2016,l_lag_y + l_gdp,1.004857710895845,0,-0.13063929222493337,0.14194957269169156,24242459.82969082,31839081.050860755,FALSE
log_ar_l_gdp,lagged,56,Wyoming,2023,8510000,7105736.814812372,7160000,10311250,324,2022,2016,l_lag_y + l_gdp,1.004857710895845,0,-0.13063929222493337,0.14194957269169156,6235527.431720699,8189493.3388842065,FALSE
log_lag_all,lagged,01,Alabama,2022,43600000,45884627.447105296,43800000,38985714.28571428,277,2021,2016,l_lag_y + l_permits + l_highway + l_gdp,1.004909313023542,0,-0.13186028768265787,0.15161397437214802,40216198.38163077,53396442.36326478,FALSE
log_lag_all,lagged,02,Alaska,2022,541000,743207.0179932931,807000,1161000,277,2021,2016,l_lag_y + l_permits + l_highway + l_gdp,1.004909313023542,0,-0.13186028768265787,0.15161397437214802,651393.7790754384,864878.1282140786,FALSE
log_lag_all,lagged,04,Arizona,2022,11200000,12176063.271596,11400000,10660000,277,2021,2016,l_lag_y + l_permits + l_highway + l_gdp,1.004909313023542,0,-0.13186028768265787,0.15161397437214802,10671874.291717384,14169417.88276974,FALSE
log_lag_all,lagged,05,Arkansas,2022,31800000,34990601.89310404,34100000,30271428.57142857,277,2021,2016,l_lag_y + l_permits + l_highway + l_gdp,1.004909313023542,0,-0.13186028768265787,0.15161397437214802,30667983.27714246,40718945.78189373,FALSE
log_lag_all,lagged,06,California,2022,40400000,39398036.14438626,38300000,39514285.71428572,277,2021,2016,l_lag_y + l_permits + l_highway + l_gdp,1.004909313023542,0,-0.13186028768265787,0.15161397437214802,34530938.259350605,45847925.18223355,FALSE
log_lag_all,lagged,08,Colorado,2022,17200000,17977448.290425368,17000000,15928571.42857143,277,2021,2016,l_lag_y + l_permits + l_highway + l_gdp,1.004909313023542,0,-0.13186028768265787,0.15161397437214802,15756576.157814398,20920553.02366479,FALSE
log_lag_all,lagged,09,Connecticut,2022,10400000,10085941.45219902,10400000,9912857.142857144,277,2021,2016,l_lag_y + l_permits + l_highway + l_gdp,1.004909313023542,0,-0.13186028768265787,0.15161397437214802,8839958.933408273,11737120.281785866,FALSE
log_lag_all,lagged,12,Florida,2022,91100000,92657506.81701697,86600000,78000000,277,2021,2016,l_lag_y + l_permits + l_highway + l_gdp,1.004909313023542,0,-0.13186028768265787,0.15161397437214802,81210917.09845716,107826553.19544904,FALSE
log_lag_all,lagged,13,Georgia,2022,63400000,65125294.75047385,61200000,55200000,277,2021,2016,l_lag_y + l_permits + l_highway + l_gdp,1.004909313023542,0,-0.13186028768265787,0.15161397437214802,57079939.82007285,75787017.15608433,FALSE
log_lag_all,lagged,15,Hawaii,2022,5570000,5908023.894464999,5850000,5380000,277,2021,2016,l_lag_y + l_permits + l_highway + l_gdp,1.004909313023542,0,-0.13186028768265787,0.15161397437214802,5178166.941795851,6875231.965765764,FALSE
log_lag_all,lagged,16,Idaho,2022,5570000,5587475.549513967,5370000,4670000,277,2021,2016,l_lag_y + l_permits + l_highway + l_gdp,1.004909313023542,0,-0.13186028768265787,0.15161397437214802,4897218.036929731,6502206.353962577,FALSE
log_lag_all,lagged,17,Illinois,2022,50700000,50642746.77612642,51500000,51114285.71428572,277,2021,2016,l_lag_y + l_permits + l_highway + l_gdp,1.004909313023542,0,-0.13186028768265787,0.15161397437214802,44386516.01317247,58933517.820671394,FALSE
log_lag_all,lagged,18,Indiana,2022,55100000,53806197.326878086,52300000,50328571.428571425,277,2021,2016,l_lag_y + l_permits + l_highway + l_gdp,1.004909313023542,0,-0.13186028768265787,0.15161397437214802,47159164.76282542,62614859.7951044,FALSE
log_lag_all,lagged,19,Iowa,2022,34900000,36276739.90100811,35600000,38414285.71428572,277,2021,2016,l_lag_y + l_permits + l_highway + l_gdp,1.004909313023542,0,-0.13186028768265787,0.15161397437214802,31795236.218918025,42215638.63593119,FALSE
log_lag_all,lagged,20,Kansas,2022,19000000,19658328.077023935,19400000,16942857.14285714,277,2021,2016,l_lag_y + l_permits + l_highway + l_gdp,1.004909313023542,0,-0.13186028768265787,0.15161397437214802,17229805.83656568,22876611.199099522,FALSE
log_lag_all,lagged,21,Kentucky,2022,53800000,52491525.67741029,51100000,51300000,277,2021,2016,l_lag_y + l_permits + l_highway + l_gdp,1.004909313023542,0,-0.13186028768265787,0.15161397437214802,46006903.127430186,61084962.0305786,FALSE
log_lag_all,lagged,23,Maine,2022,4480000,4730576.878695556,4700000,4410000,277,2021,2016,l_lag_y + l_permits + l_highway + l_gdp,1.004909313023542,0,-0.13186028768265787,0.15161397437214802,4146177.680803598,5505024.006993341,FALSE
log_lag_all,lagged,24,Maryland,2022,24400000,26028846.814986642,25700000,23942857.14285714,277,2021,2016,l_lag_y + l_permits + l_highway + l_gdp,1.004909313023542,0,-0.13186028768265787,0.15161397437214802,22813332.599535335,30290053.468143895,FALSE
log_lag_all,lagged,25,Massachusetts,2022,12800000,12539612.551152967,12400000,12900000,277,2021,2016,l_lag_y + l_permits + l_highway + l_gdp,1.004909313023542,0,-0.13186028768265787,0.15161397437214802,10990511.943619782,14592484.152065441,FALSE
log_lag_all,lagged,26,Michigan,2022,37200000,36661630.1378489,36000000,35100000,277,2021,2016,l_lag_y + l_permits + l_highway + l_gdp,1.004909313023542,0,-0.13186028768265787,0.15161397437214802,32132578.43963859,42663539.61042083,FALSE
log_lag_all,lagged,27,Minnesota,2022,8550000,9388172.960895626,9130000,7952857.142857143,277,2021,2016,l_lag_y + l_permits + l_highway + l_gdp,1.004909313023542,0,-0.13186028768265787,0.15161397437214802,8228390.361710547,10925119.463609139,FALSE
log_lag_all,lagged,28,Mississippi,2022,1700000,1298987.8242910034,1320000,1850000,277,2021,2016,l_lag_y + l_permits + l_highway + l_gdp,1.004909313023542,0,-0.13186028768265787,0.15161397437214802,1138515.3360399702,1511646.325782973,FALSE
log_lag_all,lagged,29,Missouri,2022,85200000,89307295.80845003,85500000,75714285.71428572,277,2021,2016,l_lag_y + l_permits + l_highway + l_gdp,1.004909313023542,0,-0.13186028768265787,0.15161397437214802,78274579.63562892,103927876.03543636,FALSE
log_lag_all,lagged,30,Montana,2022,2880000,2894110.8990382855,2890000,2821428.5714285714,277,2021,2016,l_lag_y + l_permits + l_highway + l_gdp,1.004909313023542,0,-0.13186028768265787,0.15161397437214802,2536582.3921821145,3367908.4785321346,FALSE
log_lag_all,lagged,32,Nevada,2022,10100000,10368134.638631979,9960000,10835714.285714285,277,2021,2016,l_lag_y + l_permits + l_highway + l_gdp,1.004909313023542,0,-0.13186028768265787,0.15161397437214802,9087290.944126131,12065511.576496579,FALSE
log_lag_all,lagged,33,New Hampshire,2022,5150000,5151550.579650601,5070000,5351428.571428572,277,2021,2016,l_lag_y + l_permits + l_highway + l_gdp,1.004909313023542,0,-0.13186028768265787,0.15161397437214802,4515145.738582293,5994915.702973853,FALSE
log_lag_all,lagged,34,New Jersey,2022,17800000,18039493.615793362,17700000,17542857.14285714,277,2021,2016,l_lag_y + l_permits + l_highway + l_gdp,1.004909313023542,0,-0.13186028768265787,0.15161397437214802,15810956.617076676,20992755.8467942,FALSE
log_lag_all,lagged,35,New Mexico,2022,4810000,4263404.52385343,4270000,4585714.285714285,277,2021,2016,l_lag_y + l_permits + l_highway + l_gdp,1.004909313023542,0,-0.13186028768265787,0.15161397437214802,3736718.191949672,4961370.43264985,FALSE
log_lag_all,lagged,36,New York,2022,42000000,40950292.553489976,40600000,38885714.28571428,277,2021,2016,l_lag_y + l_permits + l_highway + l_gdp,1.004909313023542,0,-0.13186028768265787,0.15161397437214802,35891434.25029302,47654302.92774892,FALSE
log_lag_all,lagged,37,North Carolina,2022,62700000,65939546.312329024,62300000,56928571.428571425,277,2021,2016,l_lag_y + l_permits + l_highway + l_gdp,1.004909313023542,0,-0.13186028768265787,0.15161397437214802,57793601.544402406,76734570.59632789,FALSE
log_lag_all,lagged,38,North Dakota,2022,311000,307251.7807843431,321000,477714.28571428574,277,2021,2016,l_lag_y + l_permits + l_highway + l_gdp,1.004909313023542,0,-0.13186028768265787,0.15161397437214802,269294.9525061906,357552.254784552,FALSE
log_lag_all,lagged,39,Ohio,2022,75600000,74580487.91031529,72600000,64785714.28571428,277,2021,2016,l_lag_y + l_permits + l_highway + l_gdp,1.004909313023542,0,-0.13186028768265787,0.15161397437214802,65367070.93585159,86790128.7575682,FALSE
log_lag_all,lagged,40,Oklahoma,2022,39900000,42432440.67992251,41500000,38057142.85714286,277,2021,2016,l_lag_y + l_permits + l_highway + l_gdp,1.004909313023542,0,-0.13186028768265787,0.15161397437214802,37190482.89468456,49379094.898613416,FALSE
log_lag_all,lagged,41,Oregon,2022,24900000,22633087.83340699,21600000,20457142.85714286,277,2021,2016,l_lag_y + l_permits + l_highway + l_gdp,1.004909313023542,0,-0.13186028768265787,0.15161397437214802,19837074.00362889,26338371.634212047,FALSE
log_lag_all,lagged,42,Pennsylvania,2022,91400000,96497391.09981671,93400000,90057142.85714285,277,2021,2016,l_lag_y + l_permits + l_highway + l_gdp,1.004909313023542,0,-0.13186028768265787,0.15161397437214802,84576435.28333504,112295068.49557833,FALSE
log_lag_all,lagged,44,Rhode Island,2022,2490000,2029983.5807396092,2150000,2111428.5714285714,277,2021,2016,l_lag_y + l_permits + l_highway + l_gdp,1.004909313023542,0,-0.13186028768265787,0.15161397437214802,1779206.3908242013,2362314.0754992575,FALSE
log_lag_all,lagged,45,South Carolina,2022,33800000,32935944.96974456,31000000,28071428.57142857,277,2021,2016,l_lag_y + l_permits + l_highway + l_gdp,1.004909313023542,0,-0.13186028768265787,0.15161397437214802,28867151.603587512,38327919.06797042,FALSE
log_lag_all,lagged,46,South Dakota,2022,7790000,8493170.981194958,8300000,7090000,277,2021,2016,l_lag_y + l_permits + l_highway + l_gdp,1.004909313023542,0,-0.13186028768265787,0.15161397437214802,7443953.848434136,9883595.879720706,FALSE
log_lag_all,lagged,47,Tennessee,2022,60500000,61336814.118713155,56900000,47800000,277,2021,2016,l_lag_y + l_permits + l_highway + l_gdp,1.004909313023542,0,-0.13186028768265787,0.15161397437214802,53759475.055975355,71378320.84638123,FALSE
log_lag_all,lagged,48,Texas,2022,202000000,202780011.64465305,190000000,174857142.85714287,277,2021,2016,l_lag_y + l_permits + l_highway + l_gdp,1.004909313023542,0,-0.13186028768265787,0.15161397437214802,177729266.42003798,235977315.42416528,FALSE
log_lag_all,lagged,49,Utah,2022,13400000,13748415.411723882,13200000,10340000,277,2021,2016,l_lag_y + l_permits + l_highway + l_gdp,1.004909313023542,0,-0.13186028768265787,0.15161397437214802,12049983.456187757,15999181.250073511,FALSE
log_lag_all,lagged,50,Vermont,2022,5400000,5321915.428596006,5320000,5040000,277,2021,2016,l_lag_y + l_permits + l_highway + l_gdp,1.004909313023542,0,-0.13186028768265787,0.15161397437214802,4664464.30001865,6193171.139349059,FALSE
log_lag_all,lagged,51,Virginia,2022,50800000,56657359.21275961,54700000,51171428.571428575,277,2021,2016,l_lag_y + l_permits + l_highway + l_gdp,1.004909313023542,0,-0.13186028768265787,0.15161397437214802,49658103.91522317,65932788.037701786,FALSE
log_lag_all,lagged,53,Washington,2022,16700000,17403429.1890813,16700000,15500000,277,2021,2016,l_lag_y + l_permits + l_highway + l_gdp,1.004909313023542,0,-0.13186028768265787,0.15161397437214802,15253469.402047228,20252560.722851958,FALSE
log_lag_all,lagged,54,West Virginia,2022,14000000,13963748.988993498,14200000,14714285.714285715,277,2021,2016,l_lag_y + l_permits + l_highway + l_gdp,1.004909313023542,0,-0.13186028768265787,0.15161397437214802,12238715.463910474,16249767.286994206,FALSE
log_lag_all,lagged,55,Wisconsin,2022,27100000,26599383.323998883,25700000,25371428.57142857,277,2021,2016,l_lag_y + l_permits + l_highway + l_gdp,1.004909313023542,0,-0.13186028768265787,0.15161397437214802,23313386.990449797,30953993.038204245,FALSE
log_lag_all,lagged,56,Wyoming,2022,7160000,7344442.738607822,7440000,10761428.57142857,277,2021,2016,l_lag_y + l_permits + l_highway + l_gdp,1.004909313023542,0,-0.13186028768265787,0.15161397437214802,6437135.542156687,8546808.27112418,FALSE
log_lag_all,lagged,01,Alabama,2023,43300000,45051286.98392585,43600000,39562500,324,2022,2016,l_lag_y + l_permits + l_highway + l_gdp,1.0046840747938008,0,-0.13186028768265787,0.15161397437214802,39485805.93319477,52426674.959956706,FALSE
log_lag_all,lagged,02,Alaska,2023,589000,480674.6363823195,541000,1083500,324,2022,2016,l_lag_y + l_permits + l_highway + l_gdp,1.0046840747938008,0,-0.13186028768265787,0.15161397437214802,421293.74497055257,559366.3269176435,FALSE
log_lag_all,lagged,04,Arizona,2023,13400000,11918503.821224866,11200000,10727500,324,2022,2016,l_lag_y + l_permits + l_highway + l_gdp,1.0046840747938008,0,-0.13186028768265787,0.15161397437214802,10446132.850030191,13869693.135898683,FALSE
log_lag_all,lagged,05,Arkansas,2023,33000000,32546348.934937403,31800000,30462500,324,2022,2016,l_lag_y + l_permits + l_highway + l_gdp,1.0046840747938008,0,-0.13186028768265787,0.15161397437214802,28525684.922996867,37874541.904964834,FALSE
log_lag_all,lagged,06,California,2023,41500000,41712211.25663925,40400000,39625000,324,2022,2016,l_lag_y + l_permits + l_highway + l_gdp,1.0046840747938008,0,-0.13186028768265787,0.15161397437214802,36559228.13729469,48540956.04845046,FALSE
log_lag_all,lagged,08,Colorado,2023,15700000,17994333.52995954,17200000,16087500,324,2022,2016,l_lag_y + l_permits + l_highway + l_gdp,1.0046840747938008,0,-0.13186028768265787,0.15161397437214802,15771375.452929314,20940202.561423723,FALSE
log_lag_all,lagged,09,Connecticut,2023,11000000,10199876.935442813,10400000,9973750,324,2022,2016,l_lag_y + l_permits + l_highway + l_gdp,1.0046840747938008,0,-0.13186028768265787,0.15161397437214802,8939819.218906317,11869708.248663686,FALSE
log_lag_all,lagged,12,Florida,2023,95000000,97303064.27173363,91100000,79637500,324,2022,2016,l_lag_y + l_permits + l_highway + l_gdp,1.0046840747938008,0,-0.13186028768265787,0.15161397437214802,85282578.36251597,113232639.16971059,FALSE
log_lag_all,lagged,13,Georgia,2023,67300000,67803536.41834106,63400000,56225000,324,2022,2016,l_lag_y + l_permits + l_highway + l_gdp,1.0046840747938008,0,-0.13186028768265787,0.15161397437214802,59427320.723471515,78903716.2513973,FALSE
log_lag_all,lagged,15,Hawaii,2023,6260000,5619715.59145491,5570000,5403750,324,2022,2016,l_lag_y + l_permits + l_highway + l_gdp,1.0046840747938008,0,-0.13186028768265787,0.15161397437214802,4925475.254971302,6539724.44307147,FALSE
log_lag_all,lagged,16,Idaho,2023,5400000,5750555.7948942995,5570000,4782500,324,2022,2016,l_lag_y + l_permits + l_highway + l_gdp,1.0046840747938008,0,-0.13186028768265787,0.15161397437214802,5040151.909671772,6691984.617566794,FALSE
log_lag_all,lagged,17,Illinois,2023,54200000,50217392.13288666,50700000,51062500,324,2022,2016,l_lag_y + l_permits + l_highway + l_gdp,1.0046840747938008,0,-0.13186028768265787,0.15161397437214802,44013708.2196517,58438527.97428153,FALSE
log_lag_all,lagged,18,Indiana,2023,55700000,56805420.242078796,55100000,50925000,324,2022,2016,l_lag_y + l_permits + l_highway + l_gdp,1.0046840747938008,0,-0.13186028768265787,0.15161397437214802,49787873.99420121,66105088.27545356,FALSE
log_lag_all,lagged,19,Iowa,2023,33500000,35520300.654604286,34900000,37975000,324,2022,2016,l_lag_y + l_permits + l_highway + l_gdp,1.0046840747938008,0,-0.13186028768265787,0.15161397437214802,31132244.87542077,41335362.01892095,FALSE
log_lag_all,lagged,20,Kansas,2023,18700000,19134485.268186934,19000000,17200000,324,2022,2016,l_lag_y + l_permits + l_highway + l_gdp,1.0046840747938008,0,-0.13186028768265787,0.15161397437214802,16770676.766698763,22267009.598177288,FALSE
log_lag_all,lagged,21,Kentucky,2023,55500000,55061176.403980434,53800000,51612500,324,2022,2016,l_lag_y + l_permits + l_highway + l_gdp,1.0046840747938008,0,-0.13186028768265787,0.15161397437214802,48259108.04094673,64075292.6608795,FALSE
log_lag_all,lagged,23,Maine,2023,4260000,4529366.167595543,4480000,4418750,324,2022,2016,l_lag_y + l_permits + l_highway + l_gdp,1.0046840747938008,0,-0.13186028768265787,0.15161397437214802,3969823.8489361536,5270872.903761465,FALSE
log_lag_all,lagged,24,Maryland,2023,23800000,24961054.098874774,24400000,24000000,324,2022,2016,l_lag_y + l_permits + l_highway + l_gdp,1.0046840747938008,0,-0.13186028768265787,0.15161397437214802,21877451.323151026,29047451.416127488,FALSE
log_lag_all,lagged,25,Massachusetts,2023,12300000,12942443.962480318,12800000,12887500,324,2022,2016,l_lag_y + l_permits + l_highway + l_gdp,1.0046840747938008,0,-0.13186028768265787,0.15161397437214802,11343578.947835267,15061263.467356808,FALSE
log_lag_all,lagged,26,Michigan,2023,34400000,37759332.98227552,37200000,35362500,324,2022,2016,l_lag_y + l_permits + l_highway + l_gdp,1.0046840747938008,0,-0.13186028768265787,0.15161397437214802,33094674.849954467,43940948.40559927,FALSE
log_lag_all,lagged,27,Minnesota,2023,8810000,8792810.874679165,8550000,8027500,324,2022,2016,l_lag_y + l_permits + l_highway + l_gdp,1.0046840747938008,0,-0.13186028768265787,0.15161397437214802,7706577.26001796,10232290.09807539,FALSE
log_lag_all,lagged,28,Mississippi,2023,2300000,1682639.2284135532,1700000,1831250,324,2022,2016,l_lag_y + l_permits + l_highway + l_gdp,1.0046840747938008,0,-0.13186028768265787,0.15161397437214802,1474771.7651756287,1958105.6571010854,FALSE
log_lag_all,lagged,29,Missouri,2023,86100000,88890125.18569483,85200000,76900000,324,2022,2016,l_lag_y + l_permits + l_highway + l_gdp,1.0046840747938008,0,-0.13186028768265787,0.15161397437214802,77908944.83684906,103442410.02311505,FALSE
log_lag_all,lagged,30,Montana,2023,2870000,2885972.2054020753,2880000,2828750,324,2022,2016,l_lag_y + l_permits + l_highway + l_gdp,1.0046840747938008,0,-0.13186028768265787,0.15161397437214802,2529449.124766607,3358437.3918123147,FALSE
log_lag_all,lagged,32,Nevada,2023,10000000,10427235.417603267,10100000,10743750,324,2022,2016,l_lag_y + l_permits + l_highway + l_gdp,1.0046840747938008,0,-0.13186028768265787,0.15161397437214802,9139090.61612648,12134287.798807686,FALSE
log_lag_all,lagged,33,New Hampshire,2023,5130000,5261398.583337757,5150000,5326250,324,2022,2016,l_lag_y + l_permits + l_highway + l_gdp,1.0046840747938008,0,-0.13186028768265787,0.15161397437214802,4611423.497690205,6122747.025225788,FALSE
log_lag_all,lagged,34,New Jersey,2023,18700000,18300827.419600014,17800000,17575000,324,2022,2016,l_lag_y + l_permits + l_highway + l_gdp,1.0046840747938008,0,-0.13186028768265787,0.15161397437214802,16040006.141556961,21296872.850002315,FALSE
log_lag_all,lagged,35,New Mexico,2023,4480000,4854534.387753889,4810000,4613750,324,2022,2016,l_lag_y + l_permits + l_highway + l_gdp,1.0046840747938008,0,-0.13186028768265787,0.15161397437214802,4254821.905515445,5649274.714826968,FALSE
log_lag_all,lagged,36,New York,2023,42200000,42981565.63682597,42000000,39275000,324,2022,2016,l_lag_y + l_permits + l_highway + l_gdp,1.0046840747938008,0,-0.13186028768265787,0.15161397437214802,37671770.84299779,50018117.6115106,FALSE
log_lag_all,lagged,37,North Carolina,2023,66800000,66047355.84993079,62700000,57650000,324,2022,2016,l_lag_y + l_permits + l_highway + l_gdp,1.0046840747938008,0,-0.13186028768265787,0.15161397437214802,57888092.6625143,76860029.73332097,FALSE
log_lag_all,lagged,38,North Dakota,2023,410000,298150.2341458962,311000,456875,324,2022,2016,l_lag_y + l_permits + l_highway + l_gdp,1.0046840747938008,0,-0.13186028768265787,0.15161397437214802,261317.77963683705,346960.6855044781,FALSE
log_lag_all,lagged,39,Ohio,2023,73900000,78487799.36456123,75600000,66137500,324,2022,2016,l_lag_y + l_permits + l_highway + l_gdp,1.0046840747938008,0,-0.13186028768265787,0.15161397437214802,68791686.57131507,91337109.79391809,FALSE
log_lag_all,lagged,40,Oklahoma,2023,39500000,40618210.505589895,39900000,38287500,324,2022,2016,l_lag_y + l_permits + l_highway + l_gdp,1.0046840747938008,0,-0.13186028768265787,0.15161397437214802,35600376.47647273,47267855.41978969,FALSE
log_lag_all,lagged,41,Oregon,2023,23600000,25836268.51989273,24900000,21012500,324,2022,2016,l_lag_y + l_permits + l_highway + l_gdp,1.0046840747938008,0,-0.13186028768265787,0.15161397437214802,22644544.76468975,30065948.001748815,FALSE
log_lag_all,lagged,42,Pennsylvania,2023,88300000,92974597.8432162,91400000,90225000,324,2022,2016,l_lag_y + l_permits + l_highway + l_gdp,1.0046840747938008,0,-0.13186028768265787,0.15161397437214802,81488835.78983943,108195555.48764098,FALSE
log_lag_all,lagged,44,Rhode Island,2023,2400000,2371164.5912602227,2490000,2158750,324,2022,2016,l_lag_y + l_permits + l_highway + l_gdp,1.0046840747938008,0,-0.13186028768265787,0.15161397437214802,2078239.072716617,2759350.1456886795,FALSE
log_lag_all,lagged,45,South Carolina,2023,34700000,35704462.90238824,33800000,28787500,324,2022,2016,l_lag_y + l_permits + l_highway + l_gdp,1.0046840747938008,0,-0.13186028768265787,0.15161397437214802,31293656.352496058,41549673.63909529,FALSE
log_lag_all,lagged,46,South Dakota,2023,8150000,8036651.05832909,7790000,7177500,324,2022,2016,l_lag_y + l_permits + l_highway + l_gdp,1.0046840747938008,0,-0.13186028768265787,0.15161397437214802,7043830.826746645,9352338.656872159,FALSE
log_lag_all,lagged,47,Tennessee,2023,58900000,64769047.78216975,60500000,49387500,324,2022,2016,l_lag_y + l_permits + l_highway + l_gdp,1.0046840747938008,0,-0.13186028768265787,0.15161397437214802,56767702.37700572,75372448.66618942,FALSE
log_lag_all,lagged,48,Texas,2023,203000000,216044278.26065195,202000000,178250000,324,2022,2016,l_lag_y + l_permits + l_highway + l_gdp,1.0046840747938008,0,-0.13186028768265787,0.15161397437214802,189354911.15760916,251413087.4301303,FALSE
log_lag_all,lagged,49,Utah,2023,12100000,13881747.31754332,13400000,10722500,324,2022,2016,l_lag_y + l_permits + l_highway + l_gdp,1.0046840747938008,0,-0.13186028768265787,0.15161397437214802,12166843.996925866,16154341.045856511,FALSE
log_lag_all,lagged,50,Vermont,2023,5630000,5418119.333714304,5400000,5085000,324,2022,2016,l_lag_y + l_permits + l_highway + l_gdp,1.0046840747938008,0,-0.13186028768265787,0.15161397437214802,4748783.505569247,6305124.675000883,FALSE
log_lag_all,lagged,51,Virginia,2023,52000000,52723600.68159328,50800000,51125000,324,2022,2016,l_lag_y + l_permits + l_highway + l_gdp,1.0046840747938008,0,-0.13186028768265787,0.15161397437214802,46210308.38376358,61355030.248939894,FALSE
log_lag_all,lagged,53,Washington,2023,16000000,17342979.65925539,16700000,15650000,324,2022,2016,l_lag_y + l_permits + l_highway + l_gdp,1.0046840747938008,0,-0.13186028768265787,0.15161397437214802,15200487.599234127,20182214.944432884,FALSE
log_lag_all,lagged,54,West Virginia,2023,14600000,13589732.115740627,14000000,14625000,324,2022,2016,l_lag_y + l_permits + l_highway + l_gdp,1.0046840747938008,0,-0.13186028768265787,0.15161397437214802,11910903.348836549,15814519.764530225,FALSE
log_lag_all,lagged,55,Wisconsin,2023,27600000,27830688.995560877,27100000,25587500,324,2022,2016,l_lag_y + l_permits + l_highway + l_gdp,1.0046840747938008,0,-0.13186028768265787,0.15161397437214802,24392581.39413212,32386876.903261513,FALSE
log_lag_all,lagged,56,Wyoming,2023,8510000,7085016.38009462,7160000,10311250,324,2022,2016,l_lag_y + l_permits + l_highway + l_gdp,1.0046840747938008,0,-0.13186028768265787,0.15161397437214802,6209757.823738507,8244910.982847609,FALSE
levels_lag_all,lagged,01,Alabama,2022,43600000,45030015.435514644,43800000,38985714.28571428,277,2021,2016,l_lag_y + l_permits + l_highway + l_gdp,1,0,-0.13455547989526506,0.2059043452005332,39360933.82774734,55325483.34121481,FALSE
levels_lag_all,lagged,02,Alaska,2022,541000,526737.4677093446,807000,1161000,277,2021,2016,l_lag_y + l_permits + l_highway + l_gdp,1,0,-0.13455547989526506,0.2059043452005332,460423.52885251143,647168.4433837227,FALSE
levels_lag_all,lagged,04,Arizona,2022,11200000,12983461.497114034,11400000,10660000,277,2021,2016,l_lag_y + l_permits + l_highway + l_gdp,1,0,-0.13455547989526506,0.2059043452005332,11348900.592202745,15951943.960546788,FALSE
levels_lag_all,lagged,05,Arkansas,2022,31800000,34822288.290977396,34100000,30271428.57142857,277,2021,2016,l_lag_y + l_permits + l_highway + l_gdp,1,0,-0.13455547989526506,0.2059043452005332,30438314.79726512,42783905.626334615,FALSE
levels_lag_all,lagged,06,California,2022,40400000,38679375.517125435,38300000,39514285.71428572,277,2021,2016,l_lag_y + l_permits + l_highway + l_gdp,1,0,-0.13455547989526506,0.2059043452005332,33809811.64459965,47522860.58808583,FALSE
levels_lag_all,lagged,08,Colorado,2022,17200000,18306855.78177812,17000000,15928571.42857143,277,2021,2016,l_lag_y + l_permits + l_highway + l_gdp,1,0,-0.13455547989526506,0.2059043452005332,16002102.865200737,22492456.082659386,FALSE
levels_lag_all,lagged,09,Connecticut,2022,10400000,10276113.123471864,10400000,9912857.142857144,277,2021,2016,l_lag_y + l_permits + l_highway + l_gdp,1,0,-0.13455547989526506,0.2059043452005332,8982395.51435764,12625599.168164793,FALSE
levels_lag_all,lagged,12,Florida,2022,91100000,92204286.20811997,86600000,78000000,277,2021,2016,l_lag_y + l_permits + l_highway + l_gdp,1,0,-0.13455547989526506,0.2059043452005332,80596170.64244092,113285475.28261895,FALSE
levels_lag_all,lagged,13,Georgia,2022,63400000,63607140.19188382,61200000,55200000,277,2021,2016,l_lag_y + l_permits + l_highway + l_gdp,1,0,-0.13455547989526506,0.2059043452005332,55599279.988041006,78150001.52749035,FALSE
levels_lag_all,lagged,15,Hawaii,2022,5570000,5885259.860759806,5850000,5380000,277,2021,2016,l_lag_y + l_permits + l_highway + l_gdp,1,0,-0.13455547989526506,0.2059043452005332,5144331.435333356,7230840.212601529,FALSE
levels_lag_all,lagged,16,Idaho,2022,5570000,5812901.660331872,5370000,4670000,277,2021,2016,l_lag_y + l_permits + l_highway + l_gdp,1,0,-0.13455547989526506,0.2059043452005332,5081082.81524311,7141938.346287297,FALSE
levels_lag_all,lagged,17,Illinois,2022,50700000,51219229.830252275,51500000,51114285.71428572,277,2021,2016,l_lag_y + l_permits + l_highway + l_gdp,1,0,-0.13455547989526506,0.2059043452005332,44770953.25325423,62929772.937376045,FALSE
levels_lag_all,lagged,18,Indiana,2022,55100000,53411970.76424573,52300000,50328571.428571425,277,2021,2016,l_lag_y + l_permits + l_highway + l_gdp,1,0,-0.13455547989526506,0.2059043452005332,46687637.712932184,65623852.67156987,FALSE
levels_lag_all,lagged,19,Iowa,2022,34900000,36287308.40098032,35600000,38414285.71428572,277,2021,2016,l_lag_y + l_permits + l_highway + l_gdp,1,0,-0.13455547989526506,0.2059043452005332,31718895.295593467,44583881.59584286,FALSE
levels_lag_all,lagged,20,Kansas,2022,19000000,19732085.700080287,19400000,16942857.14285714,277,2021,2016,l_lag_y + l_permits + l_highway + l_gdp,1,0,-0.13455547989526506,0.2059043452005332,17247902.582590424,24243544.40318966,FALSE
levels_lag_all,lagged,21,Kentucky,2022,53800000,52221412.01408704,51100000,51300000,277,2021,2016,l_lag_y + l_permits + l_highway + l_gdp,1,0,-0.13455547989526506,0.2059043452005332,45646965.09201892,64161089.71975678,FALSE
levels_lag_all,lagged,23,Maine,2022,4480000,4739975.937798655,4700000,4410000,277,2021,2016,l_lag_y + l_permits + l_highway + l_gdp,1,0,-0.13455547989526506,0.2059043452005332,4143233.739281866,5823703.528593769,FALSE
levels_lag_all,lagged,24,Maryland,2022,24400000,25962140.539981123,25700000,23942857.14285714,277,2021,2016,l_lag_y + l_permits + l_highway + l_gdp,1,0,-0.13455547989526506,0.2059043452005332,22693620.82019003,31898012.027199015,FALSE
levels_lag_all,lagged,25,Massachusetts,2022,12800000,12447992.95757822,12400000,12900000,277,2021,2016,l_lag_y + l_permits + l_highway + l_gdp,1,0,-0.13455547989526506,0.2059043452005332,10880845.195204437,15294048.21084939,FALSE
levels_lag_all,lagged,26,Michigan,2022,37200000,36594142.54307989,36000000,35100000,277,2021,2016,l_lag_y + l_permits + l_highway + l_gdp,1,0,-0.13455547989526506,0.2059043452005332,31987100.36384555,44960868.96866657,FALSE
levels_lag_all,lagged,27,Minnesota,2022,8550000,9580722.180067897,9130000,7952857.142857143,277,2021,2016,l_lag_y + l_permits + l_highway + l_gdp,1,0,-0.13455547989526506,0.2059043452005332,8374551.243308358,11771217.048087066,FALSE
levels_lag_all,lagged,28,Mississippi,2022,1700000,1231343.7502700668,1320000,1850000,277,2021,2016,l_lag_y + l_permits + l_highway + l_gdp,1,0,-0.13455547989526506,0.2059043452005332,1076322.9682432024,1512872.8578926139,FALSE
levels_lag_all,lagged,29,Missouri,2022,85200000,87615917.22068919,85500000,75714285.71428572,277,2021,2016,l_lag_y + l_permits + l_highway + l_gdp,1,0,-0.13455547989526506,0.2059043452005332,76585457.20286453,107648041.46159396,FALSE
levels_lag_all,lagged,30,Montana,2022,2880000,2894201.5787624964,2890000,2821428.5714285714,277,2021,2016,l_lag_y + l_permits + l_highway + l_gdp,1,0,-0.13455547989526506,0.2059043452005332,2529834.2832897706,3555919.305896016,FALSE
levels_lag_all,lagged,32,Nevada,2022,10100000,10403724.246330917,9960000,10835714.285714285,277,2021,2016,l_lag_y + l_permits + l_highway + l_gdp,1,0,-0.13455547989526506,0.2059043452005332,9093940.956080457,12782386.746041661,FALSE
levels_lag_all,lagged,33,New Hampshire,2022,5150000,5150527.828396182,5070000,5351428.571428572,277,2021,2016,l_lag_y + l_permits + l_highway + l_gdp,1,0,-0.13455547989526506,0.2059043452005332,4502098.946019522,6328122.227194603,FALSE
levels_lag_all,lagged,34,New Jersey,2022,17800000,18027321.700162344,17700000,17542857.14285714,277,2021,2016,l_lag_y + l_permits + l_highway + l_gdp,1,0,-0.13455547989526506,0.2059043452005332,15757760.899454908,22149010.5380341,FALSE
levels_lag_all,lagged,35,New Mexico,2022,4810000,4259696.7346145725,4270000,4585714.285714285,277,2021,2016,l_lag_y + l_permits + l_highway + l_gdp,1,0,-0.13455547989526506,0.2059043452005332,3723419.583045483,5233615.366333534,FALSE
levels_lag_all,lagged,36,New York,2022,42000000,40573910.489452295,40600000,38885714.28571428,277,2021,2016,l_lag_y + l_permits + l_highway + l_gdp,1,0,-0.13455547989526506,0.2059043452005332,35465832.96635335,49850553.83973307,FALSE
levels_lag_all,lagged,37,North Carolina,2022,62700000,65053463.03179023,62300000,56928571.428571425,277,2021,2016,l_lag_y + l_permits + l_highway + l_gdp,1,0,-0.13455547989526506,0.2059043452005332,56863517.12064072,79927005.36396141,FALSE
levels_lag_all,lagged,38,North Dakota,2022,311000,193819.6442749637,321000,477714.28571428574,277,2021,2016,l_lag_y + l_permits + l_highway + l_gdp,1,0,-0.13455547989526506,0.2059043452005332,169418.6004388427,238133.72917650503,FALSE
levels_lag_all,lagged,39,Ohio,2022,75600000,74045256.27269422,72600000,64785714.28571428,277,2021,2016,l_lag_y + l_permits + l_highway + l_gdp,1,0,-0.13455547989526506,0.2059043452005332,64723282.997355714,90974643.30824976,FALSE
levels_lag_all,lagged,40,Oklahoma,2022,39900000,42340990.76446103,41500000,38057142.85714286,277,2021,2016,l_lag_y + l_permits + l_highway + l_gdp,1,0,-0.13455547989526506,0.2059043452005332,37010445.57863507,52021651.70350327,FALSE
levels_lag_all,lagged,41,Oregon,2022,24900000,22325128.945075266,21600000,20457142.85714286,277,2021,2016,l_lag_y + l_permits + l_highway + l_gdp,1,0,-0.13455547989526506,0.2059043452005332,19514493.046564315,27429449.836854532,FALSE
levels_lag_all,lagged,42,Pennsylvania,2022,91400000,95376714.03096072,93400000,90057142.85714285,277,2021,2016,l_lag_y + l_permits + l_highway + l_gdp,1,0,-0.13455547989526506,0.2059043452005332,83369203.70495361,117183233.27728656,FALSE
levels_lag_all,lagged,44,Rhode Island,2022,2490000,2003383.832076676,2150000,2111428.5714285714,277,2021,2016,l_lag_y + l_permits + l_highway + l_gdp,1,0,-0.13455547989526506,0.2059043452005332,1751166.5870706514,2461428.843752971,FALSE
levels_lag_all,lagged,45,South Carolina,2022,33800000,32607691.170983374,31000000,28071428.57142857,277,2021,2016,l_lag_y + l_permits + l_highway + l_gdp,1,0,-0.13455547989526506,0.2059043452005332,28502525.74962345,40062972.602334395,FALSE
levels_lag_all,lagged,46,South Dakota,2022,7790000,8483803.493683845,8300000,7090000,277,2021,2016,l_lag_y + l_permits + l_highway + l_gdp,1,0,-0.13455547989526506,0.2059043452005332,7415729.812500453,10423503.619094001,FALSE
levels_lag_all,lagged,47,Tennessee,2022,60500000,59404661.60388196,56900000,47800000,277,2021,2016,l_lag_y + l_permits + l_highway + l_gdp,1,0,-0.13455547989526506,0.2059043452005332,51925875.03769746,72986686.41725534,FALSE
levels_lag_all,lagged,48,Texas,2022,202000000,197778072.94745094,190000000,174857142.85714287,277,2021,2016,l_lag_y + l_permits + l_highway + l_gdp,1,0,-0.13455547989526506,0.2059043452005332,172878680.2885321,242997195.85443017,FALSE
levels_lag_all,lagged,49,Utah,2022,13400000,13982158.649488812,13200000,10340000,277,2021,2016,l_lag_y + l_permits + l_highway + l_gdp,1,0,-0.13455547989526506,0.2059043452005332,12221866.149695765,17178978.908952598,FALSE
levels_lag_all,lagged,50,Vermont,2022,5400000,5363643.884499126,5320000,5040000,277,2021,2016,l_lag_y + l_permits + l_highway + l_gdp,1,0,-0.13455547989526506,0.2059043452005332,4688384.624600095,6589964.216313034,FALSE
levels_lag_all,lagged,51,Virginia,2022,50800000,56013961.37940012,54700000,51171428.571428575,277,2021,2016,l_lag_y + l_permits + l_highway + l_gdp,1,0,-0.13455547989526506,0.2059043452005332,48962049.11237258,68820751.16339637,FALSE
levels_lag_all,lagged,53,Washington,2022,16700000,17736194.93248153,16700000,15500000,277,2021,2016,l_lag_y + l_permits + l_highway + l_gdp,1,0,-0.13455547989526506,0.2059043452005332,15503285.716016866,21791321.80575791,FALSE
levels_lag_all,lagged,54,West Virginia,2022,14000000,14300955.686609574,14200000,14714285.714285715,277,2021,2016,l_lag_y + l_permits + l_highway + l_gdp,1,0,-0.13455547989526506,0.2059043452005332,12500528.03691101,17570664.32135738,FALSE
levels_lag_all,lagged,55,Wisconsin,2022,27100000,26412510.28495945,25700000,25371428.57142857,277,2021,2016,l_lag_y + l_permits + l_highway + l_gdp,1,0,-0.13455547989526506,0.2059043452005332,23087290.98793619,32451352.362133343,FALSE
levels_lag_all,lagged,56,Wyoming,2022,7160000,7478565.837619985,7440000,10761428.57142857,277,2021,2016,l_lag_y + l_permits + l_highway + l_gdp,1,0,-0.13455547989526506,0.2059043452005332,6537047.172070281,9188432.77453329,FALSE
levels_lag_all,lagged,01,Alabama,2023,43300000,44567821.42536538,43600000,39562500,324,2022,2016,l_lag_y + l_permits + l_highway + l_gdp,1,0,-0.13455547989526506,0.2059043452005332,38956928.017997645,54757615.29227884,FALSE
levels_lag_all,lagged,02,Alaska,2023,589000,198404.80721502047,541000,1083500,324,2022,2016,l_lag_y + l_permits + l_highway + l_gdp,1,0,-0.13455547989526506,0.2059043452005332,173426.51145835957,243767.22393335548,FALSE
levels_lag_all,lagged,04,Arizona,2023,13400000,12655797.564469598,11200000,10727500,324,2022,2016,l_lag_y + l_permits + l_highway + l_gdp,1,0,-0.13455547989526506,0.2059043452005332,11062488.112752754,15549364.36398864,FALSE
levels_lag_all,lagged,05,Arkansas,2023,33000000,32394335.966436658,31800000,30462500,324,2022,2016,l_lag_y + l_permits + l_highway + l_gdp,1,0,-0.13455547989526506,0.2059043452005332,28316031.030340157,39800836.78690669,FALSE
levels_lag_all,lagged,06,California,2023,41500000,41449544.630792305,40400000,39625000,324,2022,2016,l_lag_y + l_permits + l_highway + l_gdp,1,0,-0.13455547989526506,0.2059043452005332,36231228.606600404,50926389.18269628,FALSE
levels_lag_all,lagged,08,Colorado,2023,15700000,18218214.37468874,17200000,16087500,324,2022,2016,l_lag_y + l_permits + l_highway + l_gdp,1,0,-0.13455547989526506,0.2059043452005332,15924621.022809636,22383548.087762333,FALSE
levels_lag_all,lagged,09,Connecticut,2023,11000000,10278300.586101385,10400000,9973750,324,2022,2016,l_lag_y + l_permits + l_highway + l_gdp,1,0,-0.13455547989526506,0.2059043452005332,8984307.585028248,12628286.762785818,FALSE
levels_lag_all,lagged,12,Florida,2023,95000000,97062430.42778575,91100000,79637500,324,2022,2016,l_lag_y + l_permits + l_highway + l_gdp,1,0,-0.13455547989526506,0.2059043452005332,84842695.79475309,119254364.57778797,FALSE
levels_lag_all,lagged,13,Georgia,2023,67300000,66185425.884649925,63400000,56225000,324,2022,2016,l_lag_y + l_permits + l_highway + l_gdp,1,0,-0.13455547989526506,0.2059043452005332,57852970.810939446,81317775.30603366,FALSE
levels_lag_all,lagged,15,Hawaii,2023,6260000,5541218.109610363,5570000,5403750,324,2022,2016,l_lag_y + l_permits + l_highway + l_gdp,1,0,-0.13455547989526506,0.2059043452005332,4843603.032955433,6808138.243974427,FALSE
levels_lag_all,lagged,16,Idaho,2023,5400000,5869746.6359329745,5570000,4782500,324,2022,2016,l_lag_y + l_permits + l_highway + l_gdp,1,0,-0.13455547989526506,0.2059043452005332,5130771.257528436,7211780.1111686425,FALSE
levels_lag_all,lagged,17,Illinois,2023,54200000,50757183.91677422,50700000,51062500,324,2022,2016,l_lag_y + l_permits + l_highway + l_gdp,1,0,-0.13455547989526506,0.2059043452005332,44367076.89545384,62362086.84529345,FALSE
levels_lag_all,lagged,18,Indiana,2023,55700000,56289322.27511135,55100000,50925000,324,2022,2016,l_lag_y + l_permits + l_highway + l_gdp,1,0,-0.13455547989526506,0.2059043452005332,49202743.278031036,69159069.3829473,FALSE
levels_lag_all,lagged,19,Iowa,2023,33500000,35499281.0900426,34900000,37975000,324,2022,2016,l_lag_y + l_permits + l_highway + l_gdp,1,0,-0.13455547989526506,0.2059043452005332,31030077.169721488,43615683.12995199,FALSE
levels_lag_all,lagged,20,Kansas,2023,18700000,19207958.67781076,19000000,17200000,324,2022,2016,l_lag_y + l_permits + l_highway + l_gdp,1,0,-0.13455547989526506,0.2059043452005332,16789760.85553664,23599583.246196955,FALSE
levels_lag_all,lagged,21,Kentucky,2023,55500000,54839044.16214846,53800000,51612500,324,2022,2016,l_lag_y + l_permits + l_highway + l_gdp,1,0,-0.13455547989526506,0.2059043452005332,47935048.823919415,67377205.95690072,FALSE
levels_lag_all,lagged,23,Maine,2023,4260000,4485072.663632293,4480000,4418750,324,2022,2016,l_lag_y + l_permits + l_highway + l_gdp,1,0,-0.13455547989526506,0.2059043452005332,3920421.670267446,5510520.2726673335,FALSE
levels_lag_all,lagged,24,Maryland,2023,23800000,24783543.793830648,24400000,24000000,324,2022,2016,l_lag_y + l_permits + l_highway + l_gdp,1,0,-0.13455547989526506,0.2059043452005332,21663404.239401575,30449946.02023668,FALSE
levels_lag_all,lagged,25,Massachusetts,2023,12300000,12814824.501616456,12800000,12887500,324,2022,2016,l_lag_y + l_permits + l_highway + l_gdp,1,0,-0.13455547989526506,0.2059043452005332,11201494.255418431,15744750.532010777,FALSE
levels_lag_all,lagged,26,Michigan,2023,34400000,37732298.93250829,37200000,35362500,324,2022,2016,l_lag_y + l_permits + l_highway + l_gdp,1,0,-0.13455547989526506,0.2059043452005332,32981967.85160099,46359248.510712095,FALSE
levels_lag_all,lagged,27,Minnesota,2023,8810000,8971599.668032484,8550000,8027500,324,2022,2016,l_lag_y + l_permits + l_highway + l_gdp,1,0,-0.13455547989526506,0.2059043452005332,7842114.586173486,11022827.400283495,FALSE
levels_lag_all,lagged,28,Mississippi,2023,2300000,1587698.2186832214,1700000,1831250,324,2022,2016,l_lag_y + l_permits + l_highway + l_gdp,1,0,-0.13455547989526506,0.2059043452005332,1387813.970739501,1950702.6701873278,FALSE
levels_lag_all,lagged,29,Missouri,2023,86100000,87133160.44264883,85200000,76900000,324,2022,2016,l_lag_y + l_permits + l_highway + l_gdp,1,0,-0.13455547989526506,0.2059043452005332,76163477.38758875,107054909.26248159,FALSE
levels_lag_all,lagged,30,Montana,2023,2870000,2826030.32596359,2880000,2828750,324,2022,2016,l_lag_y + l_permits + l_highway + l_gdp,1,0,-0.13455547989526506,0.2059043452005332,2470245.4924705666,3472161.672801779,FALSE
levels_lag_all,lagged,32,Nevada,2023,10000000,10388661.683206968,10100000,10743750,324,2022,2016,l_lag_y + l_permits + l_highway + l_gdp,1,0,-0.13455547989526506,0.2059043452005332,9080774.703644967,12763880.343653604,FALSE
levels_lag_all,lagged,33,New Hampshire,2023,5130000,5170466.955165646,5150000,5326250,324,2022,2016,l_lag_y + l_permits + l_highway + l_gdp,1,0,-0.13455547989526506,0.2059043452005332,4519527.82410818,6352620.149641512,FALSE
levels_lag_all,lagged,34,New Jersey,2023,18700000,18375548.21193817,17800000,17575000,324,2022,2016,l_lag_y + l_permits + l_highway + l_gdp,1,0,-0.13455547989526506,0.2059043452005332,16062147.219435278,22576854.052851733,FALSE
levels_lag_all,lagged,35,New Mexico,2023,4480000,4822168.933310513,4810000,4613750,324,2022,2016,l_lag_y + l_permits + l_highway + l_gdp,1,0,-0.13455547989526506,0.2059043452005332,4215078.996854109,5924688.774989431,FALSE
levels_lag_all,lagged,36,New York,2023,42200000,42682343.49753333,42000000,39275000,324,2022,2016,l_lag_y + l_permits + l_highway + l_gdp,1,0,-0.13455547989526506,0.2059043452005332,37308823.498527646,52441049.848594174,FALSE
levels_lag_all,lagged,37,North Carolina,2023,66800000,65441021.82935928,62700000,57650000,324,2022,2016,l_lag_y + l_permits + l_highway + l_gdp,1,0,-0.13455547989526506,0.2059043452005332,57202283.96399929,80403173.92822392,FALSE
levels_lag_all,lagged,38,North Dakota,2023,410000,120381.02238062093,311000,456875,324,2022,2016,l_lag_y + l_permits + l_highway + l_gdp,1,0,-0.13455547989526506,0.2059043452005332,105225.57921006491,147904.41850625435,FALSE
levels_lag_all,lagged,39,Ohio,2023,73900000,77269764.69348735,75600000,66137500,324,2022,2016,l_lag_y + l_permits + l_highway + l_gdp,1,0,-0.13455547989526506,0.2059043452005332,67541839.93877201,94936389.38345757,FALSE
levels_lag_all,lagged,40,Oklahoma,2023,39500000,40591418.45310908,39900000,38287500,324,2022,2016,l_lag_y + l_permits + l_highway + l_gdp,1,0,-0.13455547989526506,0.2059043452005332,35481136.754111096,49872064.7484517,FALSE
levels_lag_all,lagged,41,Oregon,2023,23600000,25533129.854038376,24900000,21012500,324,2022,2016,l_lag_y + l_permits + l_highway + l_gdp,1,0,-0.13455547989526506,0.2059043452005332,22318620.699548922,31370914.194147665,FALSE
levels_lag_all,lagged,42,Pennsylvania,2023,88300000,92904684.44972497,91400000,90225000,324,2022,2016,l_lag_y + l_permits + l_highway + l_gdp,1,0,-0.13455547989526506,0.2059043452005332,81208391.81479126,114146009.54789421,FALSE
levels_lag_all,lagged,44,Rhode Island,2023,2400000,2306344.1354287416,2490000,2158750,324,2022,2016,l_lag_y + l_permits + l_highway + l_gdp,1,0,-0.13455547989526506,0.2059043452005332,2015985.5158971772,2833656.6800982044,FALSE
levels_lag_all,lagged,45,South Carolina,2023,34700000,35289870.06601295,33800000,28787500,324,2022,2016,l_lag_y + l_permits + l_highway + l_gdp,1,0,-0.13455547989526506,0.2059043452005332,30847030.075912785,43358393.27541018,FALSE
levels_lag_all,lagged,46,South Dakota,2023,8150000,7961978.892893575,7790000,7177500,324,2022,2016,l_lag_y + l_permits + l_highway + l_gdp,1,0,-0.13455547989526506,0.2059043452005332,6959600.642151618,9782371.29926609,FALSE
levels_lag_all,lagged,47,Tennessee,2023,58900000,62827132.92756217,60500000,49387500,324,2022,2016,l_lag_y + l_permits + l_highway + l_gdp,1,0,-0.13455547989526506,0.2059043452005332,54917472.22006249,77191656.77697493,FALSE
levels_lag_all,lagged,48,Texas,2023,203000000,210849687.0338953,202000000,178250000,324,2022,2016,l_lag_y + l_permits + l_highway + l_gdp,1,0,-0.13455547989526506,0.2059043452005332,184304635.44538063,259057447.23093742,FALSE
levels_lag_all,lagged,49,Utah,2023,12100000,13983065.280121949,13400000,10722500,324,2022,2016,l_lag_y + l_permits + l_highway + l_gdp,1,0,-0.13455547989526506,0.2059043452005332,12222658.639505327,17180092.827691134,FALSE
levels_lag_all,lagged,50,Vermont,2023,5630000,5374516.509993951,5400000,5085000,324,2022,2016,l_lag_y + l_permits + l_highway + l_gdp,1,0,-0.13455547989526506,0.2059043452005332,4697888.434192355,6603322.711860313,FALSE
levels_lag_all,lagged,51,Virginia,2023,52000000,52089860.20425483,50800000,51125000,324,2022,2016,l_lag_y + l_permits + l_highway + l_gdp,1,0,-0.13455547989526506,0.2059043452005332,45531975.078543544,63999460.47328669,FALSE
levels_lag_all,lagged,53,Washington,2023,16000000,17587787.166772287,16700000,15650000,324,2022,2016,l_lag_y + l_permits + l_highway + l_gdp,1,0,-0.13455547989526506,0.2059043452005332,15373561.837641327,21608982.730586775,FALSE
levels_lag_all,lagged,54,West Virginia,2023,14600000,13926033.647164734,14000000,14625000,324,2022,2016,l_lag_y + l_permits + l_highway + l_gdp,1,0,-0.13455547989526506,0.2059043452005332,12172807.039207034,17110021.72892335,FALSE
levels_lag_all,lagged,55,Wisconsin,2023,27600000,27664214.376838613,27100000,25587500,324,2022,2016,l_lag_y + l_permits + l_highway + l_gdp,1,0,-0.13455547989526506,0.2059043452005332,24181411.02000527,33989240.66205104,FALSE
levels_lag_all,lagged,56,Wyoming,2023,8510000,7121967.621859991,7160000,10311250,324,2022,2016,l_lag_y + l_permits + l_highway + l_gdp,1,0,-0.13455547989526506,0.2059043452005332,6225343.108949932,8750303.485552935,FALSE
state_log_lag_all,lagged,01,Alabama,2022,43600000,44337203.33160549,43800000,38985714.28571428,277,2021,2016,l_lag_y + l_permits + l_highway + l_gdp,1.0029081377319022,0,-0.14961923766132398,0.15129598272902076,38175917.74459374,51579283.62137983,FALSE
state_log_lag_all,lagged,02,Alaska,2022,541000,946641.7381227774,807000,1161000,277,2021,2016,l_lag_y + l_permits + l_highway + l_gdp,1.0029081377319022,0,-0.14961923766132398,0.15129598272902076,815092.3922261242,1101267.0856410246,FALSE
state_log_lag_all,lagged,04,Arizona,2022,11200000,12237052.499534413,11400000,10660000,277,2021,2016,l_lag_y + l_permits + l_highway + l_gdp,1.0029081377319022,0,-0.14961923766132398,0.15129598272902076,10536539.848138968,14235864.108128557,FALSE
state_log_lag_all,lagged,05,Arkansas,2022,31800000,34217542.018293805,34100000,30271428.57142857,277,2021,2016,l_lag_y + l_permits + l_highway + l_gdp,1.0029081377319022,0,-0.14961923766132398,0.15129598272902076,29462527.434187237,39806667.357612714,FALSE
state_log_lag_all,lagged,06,California,2022,40400000,40696606.21895898,38300000,39514285.71428572,277,2021,2016,l_lag_y + l_permits + l_highway + l_gdp,1.0029081377319022,0,-0.14961923766132398,0.15129598272902076,35041233.42826192,47344027.96892163,FALSE
state_log_lag_all,lagged,08,Colorado,2022,17200000,17749515.92093734,17000000,15928571.42857143,277,2021,2016,l_lag_y + l_permits + l_highway + l_gdp,1.0029081377319022,0,-0.14961923766132398,0.15129598272902076,15282968.001751145,20648738.46419651,FALSE
state_log_lag_all,lagged,09,Connecticut,2022,10400000,9909866.877348484,10400000,9912857.142857144,277,2021,2016,l_lag_y + l_permits + l_highway + l_gdp,1.0029081377319022,0,-0.14961923766132398,0.15129598272902076,8532749.797952367,11528553.808275715,FALSE
state_log_lag_all,lagged,12,Florida,2022,91100000,91117283.02399164,86600000,78000000,277,2021,2016,l_lag_y + l_permits + l_highway + l_gdp,1.0029081377319022,0,-0.14961923766132398,0.15129598272902076,78455239.40286861,106000465.31473054,FALSE
state_log_lag_all,lagged,13,Georgia,2022,63400000,62679538.522695474,61200000,55200000,277,2021,2016,l_lag_y + l_permits + l_highway + l_gdp,1.0029081377319022,0,-0.14961923766132398,0.15129598272902076,53969324.33953926,72917673.01016738,FALSE
state_log_lag_all,lagged,15,Hawaii,2022,5570000,5333030.204556962,5850000,5380000,277,2021,2016,l_lag_y + l_permits + l_highway + l_gdp,1.0029081377319022,0,-0.14961923766132398,0.15129598272902076,4591929.736656852,6204132.349641101,FALSE
state_log_lag_all,lagged,16,Idaho,2022,5570000,5437497.427311467,5370000,4670000,277,2021,2016,l_lag_y + l_permits + l_highway + l_gdp,1.0029081377319022,0,-0.14961923766132398,0.15129598272902076,4681879.751615041,6325663.346336859,FALSE
state_log_lag_all,lagged,17,Illinois,2022,50700000,50286020.31651899,51500000,51114285.71428572,277,2021,2016,l_lag_y + l_permits + l_highway + l_gdp,1.0029081377319022,0,-0.14961923766132398,0.15129598272902076,43298061.92214073,58499785.94042911,FALSE
state_log_lag_all,lagged,18,Indiana,2022,55100000,55479747.120851144,52300000,50328571.428571425,277,2021,2016,l_lag_y + l_permits + l_highway + l_gdp,1.0029081377319022,0,-0.14961923766132398,0.15129598272902076,47770046.44915614,64541860.94207108,FALSE
state_log_lag_all,lagged,19,Iowa,2022,34900000,38166260.955303244,35600000,38414285.71428572,277,2021,2016,l_lag_y + l_permits + l_highway + l_gdp,1.0029081377319022,0,-0.14961923766132398,0.15129598272902076,32862515.66096684,44400373.74161319,FALSE
state_log_lag_all,lagged,20,Kansas,2022,19000000,18076580.34099128,19400000,16942857.14285714,277,2021,2016,l_lag_y + l_permits + l_highway + l_gdp,1.0029081377319022,0,-0.14961923766132398,0.15129598272902076,15564582.164552025,21029225.892739367,FALSE
state_log_lag_all,lagged,21,Kentucky,2022,53800000,52071163.743475005,51100000,51300000,277,2021,2016,l_lag_y + l_permits + l_highway + l_gdp,1.0029081377319022,0,-0.14961923766132398,0.15129598272902076,44835134.25663313,60576516.36555653,FALSE
state_log_lag_all,lagged,23,Maine,2022,4480000,4871409.326446889,4700000,4410000,277,2021,2016,l_lag_y + l_permits + l_highway + l_gdp,1.0029081377319022,0,-0.14961923766132398,0.15129598272902076,4194457.6511914395,5667109.885244548,FALSE
state_log_lag_all,lagged,24,Maryland,2022,24400000,24924105.38140439,25700000,23942857.14285714,277,2021,2016,l_lag_y + l_permits + l_highway + l_gdp,1.0029081377319022,0,-0.14961923766132398,0.15129598272902076,21460546.119285993,28995232.0822231,FALSE
state_log_lag_all,lagged,25,Massachusetts,2022,12800000,13447560.782369612,12400000,12900000,277,2021,2016,l_lag_y + l_permits + l_highway + l_gdp,1.0029081377319022,0,-0.14961923766132398,0.15129598272902076,11578830.772287624,15644097.94686232,FALSE
state_log_lag_all,lagged,26,Michigan,2022,37200000,36621470.1803297,36000000,35100000,277,2021,2016,l_lag_y + l_permits + l_highway + l_gdp,1.0029081377319022,0,-0.14961923766132398,0.15129598272902076,31532395.555805445,42603255.395602114,FALSE
state_log_lag_all,lagged,27,Minnesota,2022,8550000,8966977.113251725,9130000,7952857.142857143,277,2021,2016,l_lag_y + l_permits + l_highway + l_gdp,1.0029081377319022,0,-0.14961923766132398,0.15129598272902076,7720887.989548273,10431651.547609793,FALSE
state_log_lag_all,lagged,28,Mississippi,2022,1700000,1629512.5316510263,1320000,1850000,277,2021,2016,l_lag_y + l_permits + l_highway + l_gdp,1.0029081377319022,0,-0.14961923766132398,0.15129598272902076,1403068.5676502653,1895678.6337199376,FALSE
state_log_lag_all,lagged,29,Missouri,2022,85200000,83918428.75149296,85500000,75714285.71428572,277,2021,2016,l_lag_y + l_permits + l_highway + l_gdp,1.0029081377319022,0,-0.14961923766132398,0.15129598272902076,72256768.41436762,97625743.44756432,FALSE
state_log_lag_all,lagged,30,Montana,2022,2880000,3086294.1422874066,2890000,2821428.5714285714,277,2021,2016,l_lag_y + l_permits + l_highway + l_gdp,1.0029081377319022,0,-0.14961923766132398,0.15129598272902076,2657409.634756931,3590412.316118473,FALSE
state_log_lag_all,lagged,32,Nevada,2022,10100000,11732841.070485014,9960000,10835714.285714285,277,2021,2016,l_lag_y + l_permits + l_highway + l_gdp,1.0029081377319022,0,-0.14961923766132398,0.15129598272902076,10102395.775106004,13649294.312339446,FALSE
state_log_lag_all,lagged,33,New Hampshire,2022,5150000,5418973.761489729,5070000,5351428.571428572,277,2021,2016,l_lag_y + l_permits + l_highway + l_gdp,1.0029081377319022,0,-0.14961923766132398,0.15129598272902076,4665930.212861997,6304114.007602497,FALSE
state_log_lag_all,lagged,34,New Jersey,2022,17800000,17975866.596613944,17700000,17542857.14285714,277,2021,2016,l_lag_y + l_permits + l_highway + l_gdp,1.0029081377319022,0,-0.14961923766132398,0.15129598272902076,15477864.02871601,20912061.471091986,FALSE
state_log_lag_all,lagged,35,New Mexico,2022,4810000,4773572.982713467,4270000,4585714.285714285,277,2021,2016,l_lag_y + l_permits + l_highway + l_gdp,1.0029081377319022,0,-0.14961923766132398,0.15129598272902076,4110217.060217213,5553292.861555376,FALSE
state_log_lag_all,lagged,36,New York,2022,42000000,38463015.297312275,40600000,38885714.28571428,277,2021,2016,l_lag_y + l_permits + l_highway + l_gdp,1.0029081377319022,0,-0.14961923766132398,0.15129598272902076,33118031.762561187,44745600.21559443,FALSE
state_log_lag_all,lagged,37,North Carolina,2022,62700000,64913051.44872223,62300000,56928571.428571425,277,2021,2016,l_lag_y + l_permits + l_highway + l_gdp,1.0029081377319022,0,-0.14961923766132398,0.15129598272902076,55892458.84822178,75516010.02799706,FALSE
state_log_lag_all,lagged,38,North Dakota,2022,311000,344702.3691321993,321000,477714.28571428574,277,2021,2016,l_lag_y + l_permits + l_highway + l_gdp,1.0029081377319022,0,-0.14961923766132398,0.15129598272902076,296801.067761008,401006.3767318691,FALSE
state_log_lag_all,lagged,39,Ohio,2022,75600000,71801620.67547527,72600000,64785714.28571428,277,2021,2016,l_lag_y + l_permits + l_highway + l_gdp,1.0029081377319022,0,-0.14961923766132398,0.15129598272902076,61823763.31529903,83529764.59963296,FALSE
state_log_lag_all,lagged,40,Oklahoma,2022,39900000,40521543.243090756,41500000,38057142.85714286,277,2021,2016,l_lag_y + l_permits + l_highway + l_gdp,1.0029081377319022,0,-0.14961923766132398,0.15129598272902076,34890497.945085764,47140370.04272417,FALSE
state_log_lag_all,lagged,41,Oregon,2022,24900000,22703173.320768148,21600000,20457142.85714286,277,2021,2016,l_lag_y + l_permits + l_highway + l_gdp,1.0029081377319022,0,-0.14961923766132398,0.15129598272902076,19548244.18564687,26411530.900111932,FALSE
state_log_lag_all,lagged,42,Pennsylvania,2022,91400000,101431126.73093255,93400000,90057142.85714285,277,2021,2016,l_lag_y + l_permits + l_highway + l_gdp,1.0029081377319022,0,-0.14961923766132398,0.15129598272902076,87335827.6989305,117998981.90604809,FALSE
state_log_lag_all,lagged,44,Rhode Island,2022,2490000,2102566.133455938,2150000,2111428.5714285714,277,2021,2016,l_lag_y + l_permits + l_highway + l_gdp,1.0029081377319022,0,-0.14961923766132398,0.15129598272902076,1810384.6370969526,2446001.2536001503,FALSE
state_log_lag_all,lagged,45,South Carolina,2022,33800000,32136976.217263002,31000000,28071428.57142857,277,2021,2016,l_lag_y + l_permits + l_highway + l_gdp,1.0029081377319022,0,-0.14961923766132398,0.15129598272902076,27671085.870128382,37386259.99132732,FALSE
state_log_lag_all,lagged,46,South Dakota,2022,7790000,8332148.322836662,8300000,7090000,277,2021,2016,l_lag_y + l_permits + l_highway + l_gdp,1.0029081377319022,0,-0.14961923766132398,0.15129598272902076,7174277.696979154,9693129.228397686,FALSE
state_log_lag_all,lagged,47,Tennessee,2022,60500000,57121381.31269182,56900000,47800000,277,2021,2016,l_lag_y + l_permits + l_highway + l_gdp,1.0029081377319022,0,-0.14961923766132398,0.15129598272902076,49183552.19974885,66451641.19930137,FALSE
state_log_lag_all,lagged,48,Texas,2022,202000000,193932869.35135666,190000000,174857142.85714287,277,2021,2016,l_lag_y + l_permits + l_highway + l_gdp,1.0029081377319022,0,-0.14961923766132398,0.15129598272902076,166983136.32815114,225610045.74348307,FALSE
state_log_lag_all,lagged,49,Utah,2022,13400000,13213494.259838697,13200000,10340000,277,2021,2016,l_lag_y + l_permits + l_highway + l_gdp,1.0029081377319022,0,-0.14961923766132398,0.15129598272902076,11377291.12523159,15371798.77946567,FALSE
state_log_lag_all,lagged,50,Vermont,2022,5400000,5332569.559638209,5320000,5040000,277,2021,2016,l_lag_y + l_permits + l_highway + l_gdp,1.0029081377319022,0,-0.14961923766132398,0.15129598272902076,4591533.1049072975,6203596.462550176,FALSE
state_log_lag_all,lagged,51,Virginia,2022,50800000,55571305.12832327,54700000,51171428.571428575,277,2021,2016,l_lag_y + l_permits + l_highway + l_gdp,1.0029081377319022,0,-0.14961923766132398,0.15129598272902076,47848881.168070935,64648374.120177805,FALSE
state_log_lag_all,lagged,53,Washington,2022,16700000,17068711.618249733,16700000,15500000,277,2021,2016,l_lag_y + l_permits + l_highway + l_gdp,1.0029081377319022,0,-0.14961923766132398,0.15129598272902076,14696771.14884679,19856730.94950629,FALSE
state_log_lag_all,lagged,54,West Virginia,2022,14000000,14446720.172404176,14200000,14714285.714285715,277,2021,2016,l_lag_y + l_permits + l_highway + l_gdp,1.0029081377319022,0,-0.14961923766132398,0.15129598272902076,12439142.741051503,16806460.96683252,FALSE
state_log_lag_all,lagged,55,Wisconsin,2022,27100000,27336792.84434614,25700000,25371428.57142857,277,2021,2016,l_lag_y + l_permits + l_highway + l_gdp,1.0029081377319022,0,-0.14961923766132398,0.15129598272902076,23537956.312251847,31802010.173526622,FALSE
state_log_lag_all,lagged,56,Wyoming,2022,7160000,8803860.818880131,7440000,10761428.57142857,277,2021,2016,l_lag_y + l_permits + l_highway + l_gdp,1.0029081377319022,0,-0.14961923766132398,0.15129598272902076,7580439.026401923,10241891.68504617,FALSE
state_log_lag_all,lagged,01,Alabama,2023,43300000,43265860.61757606,43600000,39562500,324,2022,2016,l_lag_y + l_permits + l_highway + l_gdp,1.0030829685336737,0,-0.14961923766132398,0.15129598272902076,37253453.35230533,50332946.785713166,FALSE
state_log_lag_all,lagged,02,Alaska,2023,589000,623047.9659789287,541000,1083500,324,2022,2016,l_lag_y + l_permits + l_highway + l_gdp,1.0030829685336737,0,-0.14961923766132398,0.15129598272902076,536466.5814001113,724817.2038862626,FALSE
state_log_lag_all,lagged,04,Arizona,2023,13400000,11699258.893946536,11200000,10727500,324,2022,2016,l_lag_y + l_permits + l_highway + l_gdp,1.0030829685336737,0,-0.14961923766132398,0.15129598272902076,10073480.320073152,13610226.791653793,FALSE
state_log_lag_all,lagged,05,Arkansas,2023,33000000,32613813.81746922,31800000,30462500,324,2022,2016,l_lag_y + l_permits + l_highway + l_gdp,1.0030829685336737,0,-0.14961923766132398,0.15129598272902076,28081660.097529545,37940984.69144936,FALSE
state_log_lag_all,lagged,06,California,2023,41500000,40761507.937220745,40400000,39625000,324,2022,2016,l_lag_y + l_permits + l_highway + l_gdp,1.0030829685336737,0,-0.14961923766132398,0.15129598272902076,35097116.12883086,47419530.7945893,FALSE
state_log_lag_all,lagged,08,Colorado,2023,15700000,17215031.128426973,17200000,16087500,324,2022,2016,l_lag_y + l_permits + l_highway + l_gdp,1.0030829685336737,0,-0.14961923766132398,0.15129598272902076,14822757.480081484,20026950.425424233,FALSE
state_log_lag_all,lagged,09,Connecticut,2023,11000000,10229059.74189202,10400000,9973750,324,2022,2016,l_lag_y + l_permits + l_highway + l_gdp,1.0030829685336737,0,-0.14961923766132398,0.15129598272902076,8807586.269940417,11899883.93406368,FALSE
state_log_lag_all,lagged,12,Florida,2023,95000000,90710154.98488364,91100000,79637500,324,2022,2016,l_lag_y + l_permits + l_highway + l_gdp,1.0030829685336737,0,-0.14961923766132398,0.15129598272902076,78104687.6006663,105526836.60066144,FALSE
state_log_lag_all,lagged,13,Georgia,2023,67300000,63965398.9437761,63400000,56225000,324,2022,2016,l_lag_y + l_permits + l_highway + l_gdp,1.0030829685336737,0,-0.14961923766132398,0.15129598272902076,55076496.14961168,74413567.07593372,FALSE
state_log_lag_all,lagged,15,Hawaii,2023,6260000,5393298.058352291,5570000,5403750,324,2022,2016,l_lag_y + l_permits + l_highway + l_gdp,1.0030829685336737,0,-0.14961923766132398,0.15129598272902076,4643822.514194618,6274244.411083308,FALSE
state_log_lag_all,lagged,16,Idaho,2023,5400000,5443700.319297284,5570000,4782500,324,2022,2016,l_lag_y + l_permits + l_highway + l_gdp,1.0030829685336737,0,-0.14961923766132398,0.15129598272902076,4687220.663455105,6332879.424505262,FALSE
state_log_lag_all,lagged,17,Illinois,2023,54200000,49477789.95291948,50700000,51062500,324,2022,2016,l_lag_y + l_permits + l_highway + l_gdp,1.0030829685336737,0,-0.14961923766132398,0.15129598272902076,42602146.6735246,57559538.47277269,FALSE
state_log_lag_all,lagged,18,Indiana,2023,55700000,54909565.7749795,55100000,50925000,324,2022,2016,l_lag_y + l_permits + l_highway + l_gdp,1.0030829685336737,0,-0.14961923766132398,0.15129598272902076,47279099.91839062,63878545.641501166,FALSE
state_log_lag_all,lagged,19,Iowa,2023,33500000,36170633.78369888,34900000,37975000,324,2022,2016,l_lag_y + l_permits + l_highway + l_gdp,1.0030829685336737,0,-0.14961923766132398,0.15129598272902076,31144209.294589944,42078778.959983416,FALSE
state_log_lag_all,lagged,20,Kansas,2023,18700000,18138273.43007191,19000000,17200000,324,2022,2016,l_lag_y + l_permits + l_highway + l_gdp,1.0030829685336737,0,-0.14961923766132398,0.15129598272902076,15617702.12064256,21100995.988732327,FALSE
state_log_lag_all,lagged,21,Kentucky,2023,55500000,52710483.62637521,53800000,51612500,324,2022,2016,l_lag_y + l_permits + l_highway + l_gdp,1.0030829685336737,0,-0.14961923766132398,0.15129598272902076,45385611.54045142,61320263.35650376,FALSE
state_log_lag_all,lagged,23,Maine,2023,4260000,4624318.319267414,4480000,4418750,324,2022,2016,l_lag_y + l_permits + l_highway + l_gdp,1.0030829685336737,0,-0.14961923766132398,0.15129598272902076,3981703.4570452278,5379658.801686521,FALSE
state_log_lag_all,lagged,24,Maryland,2023,23800000,24480846.01637603,24400000,24000000,324,2022,2016,l_lag_y + l_permits + l_highway + l_gdp,1.0030829685336737,0,-0.14961923766132398,0.15129598272902076,21078883.95326523,28479570.317640558,FALSE
state_log_lag_all,lagged,25,Massachusetts,2023,12300000,12846239.042764833,12800000,12887500,324,2022,2016,l_lag_y + l_permits + l_highway + l_gdp,1.0030829685336737,0,-0.14961923766132398,0.15129598272902076,11061071.248812582,14944555.751500914,FALSE
state_log_lag_all,lagged,26,Michigan,2023,34400000,37140245.62810325,37200000,35362500,324,2022,2016,l_lag_y + l_permits + l_highway + l_gdp,1.0030829685336737,0,-0.14961923766132398,0.15129598272902076,31979079.76982758,43206768.11056503,FALSE
state_log_lag_all,lagged,27,Minnesota,2023,8810000,8419358.925926913,8550000,8027500,324,2022,2016,l_lag_y + l_permits + l_highway + l_gdp,1.0030829685336737,0,-0.14961923766132398,0.15129598272902076,7249369.145240541,9794584.893021826,FALSE
state_log_lag_all,lagged,28,Mississippi,2023,2300000,1714385.5319409242,1700000,1831250,324,2022,2016,l_lag_y + l_permits + l_highway + l_gdp,1.0030829685336737,0,-0.14961923766132398,0.15129598272902076,1476147.2562985036,1994414.8693144252,FALSE
state_log_lag_all,lagged,29,Missouri,2023,86100000,83148227.78036314,85200000,76900000,324,2022,2016,l_lag_y + l_permits + l_highway + l_gdp,1.0030829685336737,0,-0.14961923766132398,0.15129598272902076,71593597.83275138,96729737.12893735,FALSE
state_log_lag_all,lagged,30,Montana,2023,2870000,2953915.2594592925,2880000,2828750,324,2022,2016,l_lag_y + l_permits + l_highway + l_gdp,1.0030829685336737,0,-0.14961923766132398,0.15129598272902076,2543426.6822425397,3436410.5426686485,FALSE
state_log_lag_all,lagged,32,Nevada,2023,10000000,11040990.307517102,10100000,10743750,324,2022,2016,l_lag_y + l_permits + l_highway + l_gdp,1.0030829685336737,0,-0.14961923766132398,0.15129598272902076,9506687.524834616,12844435.998207754,FALSE
state_log_lag_all,lagged,33,New Hampshire,2023,5130000,5224143.6688054055,5150000,5326250,324,2022,2016,l_lag_y + l_permits + l_highway + l_gdp,1.0030829685336737,0,-0.14961923766132398,0.15129598272902076,4498174.535155859,6077460.185227079,FALSE
state_log_lag_all,lagged,34,New Jersey,2023,18700000,17410014.845796164,17800000,17575000,324,2022,2016,l_lag_y + l_permits + l_highway + l_gdp,1.0030829685336737,0,-0.14961923766132398,0.15129598272902076,14990645.434135526,20253782.96568433,FALSE
state_log_lag_all,lagged,35,New Mexico,2023,4480000,4852603.410060268,4810000,4613750,324,2022,2016,l_lag_y + l_permits + l_highway + l_gdp,1.0030829685336737,0,-0.14961923766132398,0.15129598272902076,4178265.0846076207,5645232.192873861,FALSE
state_log_lag_all,lagged,36,New York,2023,42200000,40141661.084245935,42000000,39275000,324,2022,2016,l_lag_y + l_permits + l_highway + l_gdp,1.0030829685336737,0,-0.14961923766132398,0.15129598272902076,34563405.82021192,46698437.57650135,FALSE
state_log_lag_all,lagged,37,North Carolina,2023,66800000,63913681.56127946,62700000,57650000,324,2022,2016,l_lag_y + l_permits + l_highway + l_gdp,1.0030829685336737,0,-0.14961923766132398,0.15129598272902076,55031965.63366121,74353402.12777498,FALSE
state_log_lag_all,lagged,38,North Dakota,2023,410000,317015.0793754931,311000,456875,324,2022,2016,l_lag_y + l_permits + l_highway + l_gdp,1.0030829685336737,0,-0.14961923766132398,0.15129598272902076,272961.32107203983,368796.61915226845,FALSE
state_log_lag_all,lagged,39,Ohio,2023,73900000,71998526.07321207,75600000,66137500,324,2022,2016,l_lag_y + l_permits + l_highway + l_gdp,1.0030829685336737,0,-0.14961923766132398,0.15129598272902076,61993305.904876575,83758832.70933053,FALSE
state_log_lag_all,lagged,40,Oklahoma,2023,39500000,38888457.10732433,39900000,38287500,324,2022,2016,l_lag_y + l_permits + l_highway + l_gdp,1.0030829685336737,0,-0.14961923766132398,0.15129598272902076,33484352.37648574,45240534.089047894,FALSE
state_log_lag_all,lagged,41,Oregon,2023,23600000,24459906.006398775,24900000,21012500,324,2022,2016,l_lag_y + l_permits + l_highway + l_gdp,1.0030829685336737,0,-0.14961923766132398,0.15129598272902076,21060853.85577614,28455209.94683473,FALSE
state_log_lag_all,lagged,42,Pennsylvania,2023,88300000,89530718.7289523,91400000,90225000,324,2022,2016,l_lag_y + l_permits + l_highway + l_gdp,1.0030829685336737,0,-0.14961923766132398,0.15129598272902076,77089150.80294208,104154750.12278801,FALSE
state_log_lag_all,lagged,44,Rhode Island,2023,2400000,2270197.685415889,2490000,2158750,324,2022,2016,l_lag_y + l_permits + l_highway + l_gdp,1.0030829685336737,0,-0.14961923766132398,0.15129598272902076,1954721.3985105858,2641013.900152688,FALSE
state_log_lag_all,lagged,45,South Carolina,2023,34700000,32926212.350405637,33800000,28787500,324,2022,2016,l_lag_y + l_permits + l_highway + l_gdp,1.0030829685336737,0,-0.14961923766132398,0.15129598272902076,28350646.407011338,38304410.69314632,FALSE
state_log_lag_all,lagged,46,South Dakota,2023,8150000,8050803.294340759,7790000,7177500,324,2022,2016,l_lag_y + l_permits + l_highway + l_gdp,1.0030829685336737,0,-0.14961923766132398,0.15129598272902076,6932029.565418416,9365829.039621213,FALSE
state_log_lag_all,lagged,47,Tennessee,2023,58900000,58777833.82826536,60500000,49387500,324,2022,2016,l_lag_y + l_permits + l_highway + l_gdp,1.0030829685336737,0,-0.14961923766132398,0.15129598272902076,50609817.05703819,68378660.21913232,FALSE
state_log_lag_all,lagged,48,Texas,2023,203000000,196397954.9307475,202000000,178250000,324,2022,2016,l_lag_y + l_permits + l_highway + l_gdp,1.0030829685336737,0,-0.14961923766132398,0.15129598272902076,169105663.1733463,228477780.70861873,FALSE
state_log_lag_all,lagged,49,Utah,2023,12100000,13102043.06399141,13400000,10722500,324,2022,2016,l_lag_y + l_permits + l_highway + l_gdp,1.0030829685336737,0,-0.14961923766132398,0.15129598272902076,11281327.659665652,15242143.040975478,FALSE
state_log_lag_all,lagged,50,Vermont,2023,5630000,5314979.728766523,5400000,5085000,324,2022,2016,l_lag_y + l_permits + l_highway + l_gdp,1.0030829685336737,0,-0.14961923766132398,0.15129598272902076,4576387.63144393,6183133.492240635,FALSE
state_log_lag_all,lagged,51,Virginia,2023,52000000,52252887.62376767,50800000,51125000,324,2022,2016,l_lag_y + l_permits + l_highway + l_gdp,1.0030829685336737,0,-0.14961923766132398,0.15129598272902076,44991605.01673937,60787923.19454142,FALSE
state_log_lag_all,lagged,53,Washington,2023,16000000,16459286.623508338,16700000,15650000,324,2022,2016,l_lag_y + l_permits + l_highway + l_gdp,1.0030829685336737,0,-0.14961923766132398,0.15129598272902076,14172034.432894245,19147761.905729976,FALSE
state_log_lag_all,lagged,54,West Virginia,2023,14600000,13826323.269858273,14000000,14625000,324,2022,2016,l_lag_y + l_permits + l_highway + l_gdp,1.0030829685336737,0,-0.14961923766132398,0.15129598272902076,11904958.82007988,16084727.853561705,FALSE
state_log_lag_all,lagged,55,Wisconsin,2023,27600000,26744866.194405623,27100000,25587500,324,2022,2016,l_lag_y + l_permits + l_highway + l_gdp,1.0030829685336737,0,-0.14961923766132398,0.15129598272902076,23028286.296983793,31113397.67056861,FALSE
state_log_lag_all,lagged,56,Wyoming,2023,8510000,7882739.56967726,7160000,10311250,324,2022,2016,l_lag_y + l_permits + l_highway + l_gdp,1.0030829685336737,0,-0.14961923766132398,0.15129598272902076,6787320.687850799,9170313.628871236,FALSE
sameyear_pooled_log,sameyear_conditional,01,Alabama,2022,43600000,23179967.384618443,43800000,38985714.28571428,279,2021,2016,l_permits_t + l_highway_t + l_gdp_t,1.3000184806082764,0,-1.5428833470277963,0.8103025896988975,4955039.224195305,52122203.070589416,FALSE
sameyear_pooled_log,sameyear_conditional,02,Alaska,2022,541000,4466557.878296815,807000,1161000,279,2021,2016,l_permits_t + l_highway_t + l_gdp_t,1.3000184806082764,0,-1.5428833470277963,0.8103025896988975,954788.6378298105,10043449.712255051,FALSE
sameyear_pooled_log,sameyear_conditional,04,Arizona,2022,11200000,30566528.959803797,11400000,10660000,279,2021,2016,l_permits_t + l_highway_t + l_gdp_t,1.3000184806082764,0,-1.5428833470277963,0.8103025896988975,6534019.113583091,68731538.88314545,FALSE
sameyear_pooled_log,sameyear_conditional,05,Arkansas,2022,31800000,20254202.973375693,34100000,30271428.57142857,279,2021,2016,l_permits_t + l_highway_t + l_gdp_t,1.3000184806082764,0,-1.5428833470277963,0.8103025896988975,4329616.540120156,45543363.495487556,FALSE
sameyear_pooled_log,sameyear_conditional,06,California,2022,40400000,135231434.64178452,38300000,39514285.71428572,279,2021,2016,l_permits_t + l_highway_t + l_gdp_t,1.3000184806082764,0,-1.5428833470277963,0.8103025896988975,28907593.003728293,304079819.4825526,FALSE
sameyear_pooled_log,sameyear_conditional,08,Colorado,2022,17200000,36505437.03470703,17000000,15928571.42857143,279,2021,2016,l_permits_t + l_highway_t + l_gdp_t,1.3000184806082764,0,-1.5428833470277963,0.8103025896988975,7803543.007717774,82085697.99654771,FALSE
sameyear_pooled_log,sameyear_conditional,09,Connecticut,2022,10400000,13477355.295220435,10400000,9912857.142857144,279,2021,2016,l_permits_t + l_highway_t + l_gdp_t,1.3000184806082764,0,-1.5428833470277963,0.8103025896988975,2880971.444789322,30305023.20801804,FALSE
sameyear_pooled_log,sameyear_conditional,12,Florida,2022,91100000,161804734.2042247,86600000,78000000,279,2021,2016,l_permits_t + l_highway_t + l_gdp_t,1.3000184806082764,0,-1.5428833470277963,0.8103025896988975,34588004.001008496,363832229.52986777,FALSE
sameyear_pooled_log,sameyear_conditional,13,Georgia,2022,63400000,51186602.73727759,61200000,55200000,279,2021,2016,l_permits_t + l_highway_t + l_gdp_t,1.3000184806082764,0,-1.5428833470277963,0.8103025896988975,10941845.607807709,115097595.18196522,FALSE
sameyear_pooled_log,sameyear_conditional,15,Hawaii,2022,5570000,4750858.994749409,5850000,5380000,279,2021,2016,l_permits_t + l_highway_t + l_gdp_t,1.3000184806082764,0,-1.5428833470277963,0.8103025896988975,1015561.9409208196,10682725.871667186,FALSE
sameyear_pooled_log,sameyear_conditional,16,Idaho,2022,5570000,15164011.763028378,5370000,4670000,279,2021,2016,l_permits_t + l_highway_t + l_gdp_t,1.3000184806082764,0,-1.5428833470277963,0.8103025896988975,3241517.63612162,34097619.1796476,FALSE
sameyear_pooled_log,sameyear_conditional,17,Illinois,2022,50700000,54340620.07289439,51500000,51114285.71428572,279,2021,2016,l_permits_t + l_highway_t + l_gdp_t,1.3000184806082764,0,-1.5428833470277963,0.8103025896988975,11616060.517279224,122189681.60846578,FALSE
sameyear_pooled_log,sameyear_conditional,18,Indiana,2022,55100000,36536442.07095223,52300000,50328571.428571425,279,2021,2016,l_permits_t + l_highway_t + l_gdp_t,1.3000184806082764,0,-1.5428833470277963,0.8103025896988975,7810170.763839833,82155415.55777498,FALSE
sameyear_pooled_log,sameyear_conditional,19,Iowa,2022,34900000,19126561.141595025,35600000,38414285.71428572,279,2021,2016,l_permits_t + l_highway_t + l_gdp_t,1.3000184806082764,0,-1.5428833470277963,0.8103025896988975,4088567.473285645,43007761.28467664,FALSE
sameyear_pooled_log,sameyear_conditional,20,Kansas,2022,19000000,15491250.557021571,19400000,16942857.14285714,279,2021,2016,l_permits_t + l_highway_t + l_gdp_t,1.3000184806082764,0,-1.5428833470277963,0.8103025896988975,3311469.4627575194,34833444.49769383,FALSE
sameyear_pooled_log,sameyear_conditional,21,Kentucky,2022,53800000,22911249.798322134,51100000,51300000,279,2021,2016,l_permits_t + l_highway_t + l_gdp_t,1.3000184806082764,0,-1.5428833470277963,0.8103025896988975,4897597.116610079,51517967.85450067,FALSE
sameyear_pooled_log,sameyear_conditional,23,Maine,2022,4480000,8294166.822099306,4700000,4410000,279,2021,2016,l_permits_t + l_highway_t + l_gdp_t,1.3000184806082764,0,-1.5428833470277963,0.8103025896988975,1772993.087246222,18650166.336716846,FALSE
sameyear_pooled_log,sameyear_conditional,24,Maryland,2022,24400000,27080020.030033868,25700000,23942857.14285714,279,2021,2016,l_permits_t + l_highway_t + l_gdp_t,1.3000184806082764,0,-1.5428833470277963,0.8103025896988975,5788729.518655493,60891815.753704,FALSE
sameyear_pooled_log,sameyear_conditional,25,Massachusetts,2022,12800000,21243708.211990077,12400000,12900000,279,2021,2016,l_permits_t + l_highway_t + l_gdp_t,1.3000184806082764,0,-1.5428833470277963,0.8103025896988975,4541136.996060681,47768353.381396316,FALSE
sameyear_pooled_log,sameyear_conditional,26,Michigan,2022,37200000,34047472.82814997,36000000,35100000,279,2021,2016,l_permits_t + l_highway_t + l_gdp_t,1.3000184806082764,0,-1.5428833470277963,0.8103025896988975,7278119.099518482,76558748.48067304,FALSE
sameyear_pooled_log,sameyear_conditional,27,Minnesota,2022,8550000,28104229.48627089,9130000,7952857.142857143,279,2021,2016,l_permits_t + l_highway_t + l_gdp_t,1.3000184806082764,0,-1.5428833470277963,0.8103025896988975,6007668.481995614,63194841.1367435,FALSE
sameyear_pooled_log,sameyear_conditional,28,Mississippi,2022,1700000,10537101.829225391,1320000,1850000,279,2021,2016,l_permits_t + l_highway_t + l_gdp_t,1.3000184806082764,0,-1.5428833470277963,0.8103025896988975,2252451.5244917097,23693603.714162666,FALSE
sameyear_pooled_log,sameyear_conditional,29,Missouri,2022,85200000,22906084.66674399,85500000,75714285.71428572,279,2021,2016,l_permits_t + l_highway_t + l_gdp_t,1.3000184806082764,0,-1.5428833470277963,0.8103025896988975,4896492.998164045,51506353.60015186,FALSE
sameyear_pooled_log,sameyear_conditional,30,Montana,2022,2880000,7757856.795547143,2890000,2821428.5714285714,279,2021,2016,l_permits_t + l_highway_t + l_gdp_t,1.3000184806082764,0,-1.5428833470277963,0.8103025896988975,1658349.387632624,17444225.894743044,FALSE
sameyear_pooled_log,sameyear_conditional,32,Nevada,2022,10100000,16687624.214519892,9960000,10835714.285714285,279,2021,2016,l_permits_t + l_highway_t + l_gdp_t,1.3000184806082764,0,-1.5428833470277963,0.8103025896988975,3567210.9097291785,37523596.286509976,FALSE
sameyear_pooled_log,sameyear_conditional,33,New Hampshire,2022,5150000,4322127.410808947,5070000,5351428.571428572,279,2021,2016,l_permits_t + l_highway_t + l_gdp_t,1.3000184806082764,0,-1.5428833470277963,0.8103025896988975,923914.6240878352,9718685.055296207,FALSE
sameyear_pooled_log,sameyear_conditional,34,New Jersey,2022,17800000,39616204.57118051,17700000,17542857.14285714,279,2021,2016,l_permits_t + l_highway_t + l_gdp_t,1.3000184806082764,0,-1.5428833470277963,0.8103025896988975,8468512.67332687,89080533.4314353,FALSE
sameyear_pooled_log,sameyear_conditional,35,New Mexico,2022,4810000,10242149.245693292,4270000,4585714.285714285,279,2021,2016,l_permits_t + l_highway_t + l_gdp_t,1.3000184806082764,0,-1.5428833470277963,0.8103025896988975,2189401.322719247,23030376.790674567,FALSE
sameyear_pooled_log,sameyear_conditional,36,New York,2022,42000000,72523354.09127627,40600000,38885714.28571428,279,2021,2016,l_permits_t + l_highway_t + l_gdp_t,1.3000184806082764,0,-1.5428833470277963,0.8103025896988975,15502871.86473512,163075164.28233257,FALSE
sameyear_pooled_log,sameyear_conditional,37,North Carolina,2022,62700000,88959331.70877294,62300000,56928571.428571425,279,2021,2016,l_permits_t + l_highway_t + l_gdp_t,1.3000184806082764,0,-1.5428833470277963,0.8103025896988975,19016289.82738221,200032910.9792193,FALSE
sameyear_pooled_log,sameyear_conditional,38,North Dakota,2022,311000,5941338.646273782,321000,477714.28571428574,279,2021,2016,l_permits_t + l_highway_t + l_gdp_t,1.3000184806082764,0,-1.5428833470277963,0.8103025896988975,1270043.4624446137,13359624.467708038,FALSE
sameyear_pooled_log,sameyear_conditional,39,Ohio,2022,75600000,35750486.38222628,72600000,64785714.28571428,279,2021,2016,l_permits_t + l_highway_t + l_gdp_t,1.3000184806082764,0,-1.5428833470277963,0.8103025896988975,7642161.844694384,80388124.8048362,FALSE
sameyear_pooled_log,sameyear_conditional,40,Oklahoma,2022,39900000,22154348.821539827,41500000,38057142.85714286,279,2021,2016,l_permits_t + l_highway_t + l_gdp_t,1.3000184806082764,0,-1.5428833470277963,0.8103025896988975,4735799.044742351,49816009.18641585,FALSE
sameyear_pooled_log,sameyear_conditional,41,Oregon,2022,24900000,19206549.467893742,21600000,20457142.85714286,279,2021,2016,l_permits_t + l_highway_t + l_gdp_t,1.3000184806082764,0,-1.5428833470277963,0.8103025896988975,4105666.086398918,43187622.09800052,FALSE
sameyear_pooled_log,sameyear_conditional,42,Pennsylvania,2022,91400000,50779544.93136648,93400000,90057142.85714285,279,2021,2016,l_permits_t + l_highway_t + l_gdp_t,1.3000184806082764,0,-1.5428833470277963,0.8103025896988975,10854831.361353556,114182289.768928,FALSE
sameyear_pooled_log,sameyear_conditional,44,Rhode Island,2022,2490000,3975506.5214054664,2150000,2111428.5714285714,279,2021,2016,l_permits_t + l_highway_t + l_gdp_t,1.3000184806082764,0,-1.5428833470277963,0.8103025896988975,849819.6059878785,8939277.384602718,FALSE
sameyear_pooled_log,sameyear_conditional,45,South Carolina,2022,33800000,35604181.80001042,31000000,28071428.57142857,279,2021,2016,l_permits_t + l_highway_t + l_gdp_t,1.3000184806082764,0,-1.5428833470277963,0.8103025896988975,7610887.212960427,80059146.03545824,FALSE
sameyear_pooled_log,sameyear_conditional,46,South Dakota,2022,7790000,8558583.899974113,8300000,7090000,279,2021,2016,l_permits_t + l_highway_t + l_gdp_t,1.3000184806082764,0,-1.5428833470277963,0.8103025896988975,1829515.9015658912,19244731.479956344,FALSE
sameyear_pooled_log,sameyear_conditional,47,Tennessee,2022,60500000,34916289.80794888,56900000,47800000,279,2021,2016,l_permits_t + l_highway_t + l_gdp_t,1.3000184806082764,0,-1.5428833470277963,0.8103025896988975,7463840.767807247,78512360.1618657,FALSE
sameyear_pooled_log,sameyear_conditional,48,Texas,2022,202000000,232800706.306752,190000000,174857142.85714287,279,2021,2016,l_permits_t + l_highway_t + l_gdp_t,1.3000184806082764,0,-1.5428833470277963,0.8103025896988975,49764376.80131427,523472940.56802696,FALSE
sameyear_pooled_log,sameyear_conditional,49,Utah,2022,13400000,27542051.55392102,13200000,10340000,279,2021,2016,l_permits_t + l_highway_t + l_gdp_t,1.3000184806082764,0,-1.5428833470277963,0.8103025896988975,5887495.1590763135,61930734.42487695,FALSE
sameyear_pooled_log,sameyear_conditional,50,Vermont,2022,5400000,3266692.4777315776,5320000,5040000,279,2021,2016,l_permits_t + l_highway_t + l_gdp_t,1.3000184806082764,0,-1.5428833470277963,0.8103025896988975,698300.7823938816,7345446.430890001,FALSE
sameyear_pooled_log,sameyear_conditional,51,Virginia,2022,50800000,43766429.82879943,54700000,51171428.571428575,279,2021,2016,l_permits_t + l_highway_t + l_gdp_t,1.3000184806082764,0,-1.5428833470277963,0.8103025896988975,9355680.8301895,98412681.31917761,FALSE
sameyear_pooled_log,sameyear_conditional,53,Washington,2022,16700000,42445909.01961003,16700000,15500000,279,2021,2016,l_permits_t + l_highway_t + l_gdp_t,1.3000184806082764,0,-1.5428833470277963,0.8103025896988975,9073401.209285395,95443373.69965175,FALSE
sameyear_pooled_log,sameyear_conditional,54,West Virginia,2022,14000000,10766722.452091085,14200000,14714285.714285715,279,2021,2016,l_permits_t + l_highway_t + l_gdp_t,1.3000184806082764,0,-1.5428833470277963,0.8103025896988975,2301536.114392326,24209925.956364904,FALSE
sameyear_pooled_log,sameyear_conditional,55,Wisconsin,2022,27100000,24838195.275324654,25700000,25371428.57142857,279,2021,2016,l_permits_t + l_highway_t + l_gdp_t,1.3000184806082764,0,-1.5428833470277963,0.8103025896988975,5309508.413248445,55850874.87683436,FALSE
sameyear_pooled_log,sameyear_conditional,56,Wyoming,2022,7160000,5583579.534019917,7440000,10761428.57142857,279,2021,2016,l_permits_t + l_highway_t + l_gdp_t,1.3000184806082764,0,-1.5428833470277963,0.8103025896988975,1193567.494872394,12555171.519615306,FALSE
sameyear_pooled_log,sameyear_conditional,01,Alabama,2023,43300000,19894503.209074628,43600000,39562500,326,2022,2016,l_permits_t + l_highway_t + l_gdp_t,1.3010975247388805,0,-1.5428833470277963,0.8103025896988975,4252725.73128199,44734546.81993934,FALSE
sameyear_pooled_log,sameyear_conditional,02,Alaska,2023,589000,5168510.408126884,541000,1083500,326,2022,2016,l_permits_t + l_highway_t + l_gdp_t,1.3010975247388805,0,-1.5428833470277963,0.8103025896988975,1104840.71776238,11621851.946332186,FALSE
sameyear_pooled_log,sameyear_conditional,04,Arizona,2023,13400000,32756093.57266813,11200000,10727500,326,2022,2016,l_permits_t + l_highway_t + l_gdp_t,1.3010975247388805,0,-1.5428833470277963,0.8103025896988975,7002068.88952247,73654968.217374,FALSE
sameyear_pooled_log,sameyear_conditional,05,Arkansas,2023,33000000,20207290.20152533,31800000,30462500,326,2022,2016,l_permits_t + l_highway_t + l_gdp_t,1.3010975247388805,0,-1.5428833470277963,0.8103025896988975,4319588.285085227,45437875.986363135,FALSE
sameyear_pooled_log,sameyear_conditional,06,California,2023,41500000,130091404.91732274,40400000,39625000,326,2022,2016,l_permits_t + l_highway_t + l_gdp_t,1.3010975247388805,0,-1.5428833470277963,0.8103025896988975,27808840.426745012,292522008.86781293,FALSE
sameyear_pooled_log,sameyear_conditional,08,Colorado,2023,15700000,30079007.75779565,17200000,16087500,326,2022,2016,l_permits_t + l_highway_t + l_gdp_t,1.3010975247388805,0,-1.5428833470277963,0.8103025896988975,6429804.701263417,67635304.42040206,FALSE
sameyear_pooled_log,sameyear_conditional,09,Connecticut,2023,11000000,14764646.90056966,10400000,9973750,326,2022,2016,l_permits_t + l_highway_t + l_gdp_t,1.3010975247388805,0,-1.5428833470277963,0.8103025896988975,3156147.862928521,33199612.029122274,FALSE
sameyear_pooled_log,sameyear_conditional,12,Florida,2023,95000000,177839017.49997088,91100000,79637500,326,2022,2016,l_permits_t + l_highway_t + l_gdp_t,1.3010975247388805,0,-1.5428833470277963,0.8103025896988975,38015554.236260466,399886731.08135897,FALSE
sameyear_pooled_log,sameyear_conditional,13,Georgia,2023,67300000,52326439.60752023,63400000,56225000,326,2022,2016,l_permits_t + l_highway_t + l_gdp_t,1.3010975247388805,0,-1.5428833470277963,0.8103025896988975,11185501.53309534,117660619.01337731,FALSE
sameyear_pooled_log,sameyear_conditional,15,Hawaii,2023,6260000,3669512.5959519586,5570000,5403750,326,2022,2016,l_permits_t + l_highway_t + l_gdp_t,1.3010975247388805,0,-1.5428833470277963,0.8103025896988975,784409.1643841625,8251223.02903715,FALSE
sameyear_pooled_log,sameyear_conditional,16,Idaho,2023,5400000,15149008.613336526,5570000,4782500,326,2022,2016,l_permits_t + l_highway_t + l_gdp_t,1.3010975247388805,0,-1.5428833470277963,0.8103025896988975,3238310.504982215,34063883.27303645,FALSE
sameyear_pooled_log,sameyear_conditional,17,Illinois,2023,54200000,46973597.48837544,50700000,51062500,326,2022,2016,l_permits_t + l_highway_t + l_gdp_t,1.3010975247388805,0,-1.5428833470277963,0.8103025896988975,10041257.357890528,105624280.94139165,FALSE
sameyear_pooled_log,sameyear_conditional,18,Indiana,2023,55700000,36768041.17198259,55100000,50925000,326,2022,2016,l_permits_t + l_highway_t + l_gdp_t,1.3010975247388805,0,-1.5428833470277963,0.8103025896988975,7859678.280863144,82676186.58279723,FALSE
sameyear_pooled_log,sameyear_conditional,19,Iowa,2023,33500000,18321003.20875712,34900000,37975000,326,2022,2016,l_permits_t + l_highway_t + l_gdp_t,1.3010975247388805,0,-1.5428833470277963,0.8103025896988975,3916368.302840643,41196393.15529942,FALSE
sameyear_pooled_log,sameyear_conditional,20,Kansas,2023,18700000,18444726.539933413,19000000,17200000,326,2022,2016,l_permits_t + l_highway_t + l_gdp_t,1.3010975247388805,0,-1.5428833470277963,0.8103025896988975,3942815.879265338,41474595.98816534,FALSE
sameyear_pooled_log,sameyear_conditional,21,Kentucky,2023,55500000,24456380.662039537,53800000,51612500,326,2022,2016,l_permits_t + l_highway_t + l_gdp_t,1.3010975247388805,0,-1.5428833470277963,0.8103025896988975,5227890.249003135,54992331.0109715,FALSE
sameyear_pooled_log,sameyear_conditional,23,Maine,2023,4260000,8193574.175156699,4480000,4418750,326,2022,2016,l_permits_t + l_highway_t + l_gdp_t,1.3010975247388805,0,-1.5428833470277963,0.8103025896988975,1751490.015089313,18423974.889405757,FALSE
sameyear_pooled_log,sameyear_conditional,24,Maryland,2023,23800000,24354890.28132599,24400000,24000000,326,2022,2016,l_permits_t + l_highway_t + l_gdp_t,1.3010975247388805,0,-1.5428833470277963,0.8103025896988975,5206195.2738131415,54764120.930021465,FALSE
sameyear_pooled_log,sameyear_conditional,25,Massachusetts,2023,12300000,19863074.964403626,12800000,12887500,326,2022,2016,l_permits_t + l_highway_t + l_gdp_t,1.3010975247388805,0,-1.5428833470277963,0.8103025896988975,4246007.508494682,44663877.63720437,FALSE
sameyear_pooled_log,sameyear_conditional,26,Michigan,2023,34400000,37301448.175925724,37200000,35362500,326,2022,2016,l_permits_t + l_highway_t + l_gdp_t,1.3010975247388805,0,-1.5428833470277963,0.8103025896988975,7973701.419168016,83875599.32214594,FALSE
sameyear_pooled_log,sameyear_conditional,27,Minnesota,2023,8810000,28715661.776588228,8550000,8027500,326,2022,2016,l_permits_t + l_highway_t + l_gdp_t,1.3010975247388805,0,-1.5428833470277963,0.8103025896988975,6138370.606428818,64569700.620841965,FALSE
sameyear_pooled_log,sameyear_conditional,28,Mississippi,2023,2300000,12531480.849365639,1700000,1831250,326,2022,2016,l_permits_t + l_highway_t + l_gdp_t,1.3010975247388805,0,-1.5428833470277963,0.8103025896988975,2678777.675375972,28178141.01150383,FALSE
sameyear_pooled_log,sameyear_conditional,29,Missouri,2023,86100000,24291214.58052406,85200000,76900000,326,2022,2016,l_permits_t + l_highway_t + l_gdp_t,1.3010975247388805,0,-1.5428833470277963,0.8103025896988975,5192583.710437473,54620940.495261125,FALSE
sameyear_pooled_log,sameyear_conditional,30,Montana,2023,2870000,7643842.31726421,2880000,2828750,326,2022,2016,l_permits_t + l_highway_t + l_gdp_t,1.3010975247388805,0,-1.5428833470277963,0.8103025896988975,1633977.2130456583,17187854.274738364,FALSE
sameyear_pooled_log,sameyear_conditional,32,Nevada,2023,10000000,16718678.382258214,10100000,10743750,326,2022,2016,l_permits_t + l_highway_t + l_gdp_t,1.3010975247388805,0,-1.5428833470277963,0.8103025896988975,3573849.1683886894,37593424.324237026,FALSE
sameyear_pooled_log,sameyear_conditional,33,New Hampshire,2023,5130000,4954103.2642140025,5150000,5326250,326,2022,2016,l_permits_t + l_highway_t + l_gdp_t,1.3010975247388805,0,-1.5428833470277963,0.8103025896988975,1059008.2197951486,11139738.554652957,FALSE
sameyear_pooled_log,sameyear_conditional,34,New Jersey,2023,18700000,49153747.5142351,17800000,17575000,326,2022,2016,l_permits_t + l_highway_t + l_gdp_t,1.3010975247388805,0,-1.5428833470277963,0.8103025896988975,10507294.635403411,110526540.74558845,FALSE
sameyear_pooled_log,sameyear_conditional,35,New Mexico,2023,4480000,11115605.079680877,4810000,4613750,326,2022,2016,l_permits_t + l_highway_t + l_gdp_t,1.3010975247388805,0,-1.5428833470277963,0.8103025896988975,2376114.610369628,24994419.345044248,FALSE
sameyear_pooled_log,sameyear_conditional,36,New York,2023,42200000,78117019.98672168,42000000,39275000,326,2022,2016,l_permits_t + l_highway_t + l_gdp_t,1.3010975247388805,0,-1.5428833470277963,0.8103025896988975,16698595.459124975,175653015.87607136,FALSE
sameyear_pooled_log,sameyear_conditional,37,North Carolina,2023,66800000,98431773.43654138,62700000,57650000,326,2022,2016,l_permits_t + l_highway_t + l_gdp_t,1.3010975247388805,0,-1.5428833470277963,0.8103025896988975,21041155.502609283,221332532.46344504,FALSE
sameyear_pooled_log,sameyear_conditional,38,North Dakota,2023,410000,6575613.301585442,311000,456875,326,2022,2016,l_permits_t + l_highway_t + l_gdp_t,1.3010975247388805,0,-1.5428833470277963,0.8103025896988975,1405628.458913062,14785847.026097832,FALSE
sameyear_pooled_log,sameyear_conditional,39,Ohio,2023,73900000,38290818.95441594,75600000,66137500,326,2022,2016,l_permits_t + l_highway_t + l_gdp_t,1.3010975247388805,0,-1.5428833470277963,0.8103025896988975,8185193.132393839,86100286.86259492,FALSE
sameyear_pooled_log,sameyear_conditional,40,Oklahoma,2023,39500000,21623324.55430606,39900000,38287500,326,2022,2016,l_permits_t + l_highway_t + l_gdp_t,1.3010975247388805,0,-1.5428833470277963,0.8103025896988975,4622285.249425759,48621954.240914255,FALSE
sameyear_pooled_log,sameyear_conditional,41,Oregon,2023,23600000,19820169.734588213,24900000,21012500,326,2022,2016,l_permits_t + l_highway_t + l_gdp_t,1.3010975247388805,0,-1.5428833470277963,0.8103025896988975,4236835.921100665,44567401.440144956,FALSE
sameyear_pooled_log,sameyear_conditional,42,Pennsylvania,2023,88300000,56357403.438096814,91400000,90225000,326,2022,2016,l_permits_t + l_highway_t + l_gdp_t,1.3010975247388805,0,-1.5428833470277963,0.8103025896988975,12047175.907368766,126724597.05361095,FALSE
sameyear_pooled_log,sameyear_conditional,44,Rhode Island,2023,2400000,4045968.248689428,2490000,2158750,326,2022,2016,l_permits_t + l_highway_t + l_gdp_t,1.3010975247388805,0,-1.5428833470277963,0.8103025896988975,864881.7765553945,9097716.799001385,FALSE
sameyear_pooled_log,sameyear_conditional,45,South Carolina,2023,34700000,37048118.91776371,33800000,28787500,326,2022,2016,l_permits_t + l_highway_t + l_gdp_t,1.3010975247388805,0,-1.5428833470277963,0.8103025896988975,7919548.779951533,83305966.12040105,FALSE
sameyear_pooled_log,sameyear_conditional,46,South Dakota,2023,8150000,8889720.224231953,7790000,7177500,326,2022,2016,l_permits_t + l_highway_t + l_gdp_t,1.3010975247388805,0,-1.5428833470277963,0.8103025896988975,1900300.87930241,19989320.73888984,FALSE
sameyear_pooled_log,sameyear_conditional,47,Tennessee,2023,58900000,38227637.223066635,60500000,49387500,326,2022,2016,l_permits_t + l_highway_t + l_gdp_t,1.3010975247388805,0,-1.5428833470277963,0.8103025896988975,8171687.161833409,85958217.1617581,FALSE
sameyear_pooled_log,sameyear_conditional,48,Texas,2023,203000000,248953693.5739234,202000000,178250000,326,2022,2016,l_permits_t + l_highway_t + l_gdp_t,1.3010975247388805,0,-1.5428833470277963,0.8103025896988975,53217301.655292846,559794358.4788578,FALSE
sameyear_pooled_log,sameyear_conditional,49,Utah,2023,12100000,21689743.868981022,13400000,10722500,326,2022,2016,l_permits_t + l_highway_t + l_gdp_t,1.3010975247388805,0,-1.5428833470277963,0.8103025896988975,4636483.298283972,48771303.93368367,FALSE
sameyear_pooled_log,sameyear_conditional,50,Vermont,2023,5630000,3606461.201831392,5400000,5085000,326,2022,2016,l_permits_t + l_highway_t + l_gdp_t,1.3010975247388805,0,-1.5428833470277963,0.8103025896988975,770931.0552124077,8109446.4029657645,FALSE
sameyear_pooled_log,sameyear_conditional,51,Virginia,2023,52000000,46536565.36314567,50800000,51125000,326,2022,2016,l_permits_t + l_highway_t + l_gdp_t,1.3010975247388805,0,-1.5428833470277963,0.8103025896988975,9947835.685339604,104641575.62513167,FALSE
sameyear_pooled_log,sameyear_conditional,53,Washington,2023,16000000,43332015.638510756,16700000,15650000,326,2022,2016,l_permits_t + l_highway_t + l_gdp_t,1.3010975247388805,0,-1.5428833470277963,0.8103025896988975,9262818.777507935,97435862.66075289,FALSE
sameyear_pooled_log,sameyear_conditional,54,West Virginia,2023,14600000,11651095.527217757,14000000,14625000,326,2022,2016,l_permits_t + l_highway_t + l_gdp_t,1.3010975247388805,0,-1.5428833470277963,0.8103025896988975,2490583.1136121233,26198516.891246963,FALSE
sameyear_pooled_log,sameyear_conditional,55,Wisconsin,2023,27600000,27342143.070847113,27100000,25587500,326,2022,2016,l_permits_t + l_highway_t + l_gdp_t,1.3010975247388805,0,-1.5428833470277963,0.8103025896988975,5844761.95076568,61481222.55208519,FALSE
sameyear_pooled_log,sameyear_conditional,56,Wyoming,2023,8510000,5093471.852263016,7160000,10311250,326,2022,2016,l_permits_t + l_highway_t + l_gdp_t,1.3010975247388805,0,-1.5428833470277963,0.8103025896988975,1088800.186666587,11453121.128813623,FALSE
sameyear_state_log,sameyear_conditional,01,Alabama,2022,43600000,40597159.9511071,43800000,38985714.28571428,279,2021,2016,l_permits_t + l_highway_t + l_gdp_t,1.0034624289193015,0,-0.1593160908997885,0.14540738820280846,34618285.36821211,46951046.75094616,FALSE
sameyear_state_log,sameyear_conditional,02,Alaska,2022,541000,988168.8412084954,807000,1161000,279,2021,2016,l_permits_t + l_highway_t + l_gdp_t,1.0034624289193015,0,-0.1593160908997885,0.14540738820280846,842638.0312842128,1142827.762269196,FALSE
sameyear_state_log,sameyear_conditional,04,Arizona,2022,11200000,11911642.686461361,11400000,10660000,279,2021,2016,l_permits_t + l_highway_t + l_gdp_t,1.0034624289193015,0,-0.1593160908997885,0.14540738820280846,10157376.679076068,13775941.305405574,FALSE
sameyear_state_log,sameyear_conditional,05,Arkansas,2022,31800000,31645363.311492525,34100000,30271428.57142857,279,2021,2016,l_permits_t + l_highway_t + l_gdp_t,1.0034624289193015,0,-0.1593160908997885,0.14540738820280846,26984848.669645008,36598198.84144492,FALSE
sameyear_state_log,sameyear_conditional,06,California,2022,40400000,39146929.631369136,38300000,39514285.71428572,279,2021,2016,l_permits_t + l_highway_t + l_gdp_t,1.0034624289193015,0,-0.1593160908997885,0.14540738820280846,33381635.14147739,45273839.9802346,FALSE
sameyear_state_log,sameyear_conditional,08,Colorado,2022,17200000,16284941.154404994,17000000,15928571.42857143,279,2021,2016,l_permits_t + l_highway_t + l_gdp_t,1.0034624289193015,0,-0.1593160908997885,0.14540738820280846,13886605.387339659,18833707.441547893,FALSE
sameyear_state_log,sameyear_conditional,09,Connecticut,2022,10400000,9584190.025340522,10400000,9912857.142857144,279,2021,2016,l_permits_t + l_highway_t + l_gdp_t,1.0034624289193015,0,-0.1593160908997885,0.14540738820280846,8172695.472294048,11084217.578068372,FALSE
sameyear_state_log,sameyear_conditional,12,Florida,2022,91100000,82376896.33749159,86600000,78000000,279,2021,2016,l_permits_t + l_highway_t + l_gdp_t,1.0034624289193015,0,-0.1593160908997885,0.14540738820280846,70244985.32886025,95269755.71191254,FALSE
sameyear_state_log,sameyear_conditional,13,Georgia,2022,63400000,59416724.29161673,61200000,55200000,279,2021,2016,l_permits_t + l_highway_t + l_gdp_t,1.0034624289193015,0,-0.1593160908997885,0.14540738820280846,50666231.81643218,68716072.8327672,FALSE
sameyear_state_log,sameyear_conditional,15,Hawaii,2022,5570000,4948246.7814656645,5850000,5380000,279,2021,2016,l_permits_t + l_highway_t + l_gdp_t,1.0034624289193015,0,-0.1593160908997885,0.14540738820280846,4219502.530704591,5722699.96846116,FALSE
sameyear_state_log,sameyear_conditional,16,Idaho,2022,5570000,5230149.313252415,5370000,4670000,279,2021,2016,l_permits_t + l_highway_t + l_gdp_t,1.0034624289193015,0,-0.1593160908997885,0.14540738820280846,4459888.36811707,6048723.241149939,FALSE
sameyear_state_log,sameyear_conditional,17,Illinois,2022,50700000,47729679.974266,51500000,51114285.71428572,279,2021,2016,l_permits_t + l_highway_t + l_gdp_t,1.0034624289193015,0,-0.1593160908997885,0.14540738820280846,40700376.18081015,55199881.9271679,FALSE
sameyear_state_log,sameyear_conditional,18,Indiana,2022,55100000,51770063.07160656,52300000,50328571.428571425,279,2021,2016,l_permits_t + l_highway_t + l_gdp_t,1.0034624289193015,0,-0.1593160908997885,0.14540738820280846,44145719.03802206,59872627.90061613,FALSE
sameyear_state_log,sameyear_conditional,19,Iowa,2022,34900000,37023521.54905658,35600000,38414285.71428572,279,2021,2016,l_permits_t + l_highway_t + l_gdp_t,1.0034624289193015,0,-0.1593160908997885,0.14540738820280846,31570948.210785843,42818095.97587415,FALSE
sameyear_state_log,sameyear_conditional,20,Kansas,2022,19000000,16476340.831524862,19400000,16942857.14285714,279,2021,2016,l_permits_t + l_highway_t + l_gdp_t,1.0034624289193015,0,-0.1593160908997885,0.14540738820280846,14049817.017165467,19055063.20139399,FALSE
sameyear_state_log,sameyear_conditional,21,Kentucky,2022,53800000,50160233.97182455,51100000,51300000,279,2021,2016,l_permits_t + l_highway_t + l_gdp_t,1.0034624289193015,0,-0.1593160908997885,0.14540738820280846,42772974.65793678,58010843.44535062,FALSE
sameyear_state_log,sameyear_conditional,23,Maine,2022,4480000,4494126.267628214,4700000,4410000,279,2021,2016,l_permits_t + l_highway_t + l_gdp_t,1.0034624289193015,0,-0.1593160908997885,0.14540738820280846,3832261.8084836947,5197504.7700427445,FALSE
sameyear_state_log,sameyear_conditional,24,Maryland,2022,24400000,23083259.26964967,25700000,23942857.14285714,279,2021,2016,l_permits_t + l_highway_t + l_gdp_t,1.0034624289193015,0,-0.1593160908997885,0.14540738820280846,19683713.284070946,26696034.561008193,FALSE
sameyear_state_log,sameyear_conditional,25,Massachusetts,2022,12800000,12204914.179488592,12400000,12900000,279,2021,2016,l_permits_t + l_highway_t + l_gdp_t,1.0034624289193015,0,-0.1593160908997885,0.14540738820280846,10407457.13416715,14115112.902542526,FALSE
sameyear_state_log,sameyear_conditional,26,Michigan,2022,37200000,35444213.95306993,36000000,35100000,279,2021,2016,l_permits_t + l_highway_t + l_gdp_t,1.0034624289193015,0,-0.1593160908997885,0.14540738820280846,30224230.334266998,40991609.96398081,FALSE
sameyear_state_log,sameyear_conditional,27,Minnesota,2022,8550000,7856407.009280687,9130000,7952857.142857143,279,2021,2016,l_permits_t + l_highway_t + l_gdp_t,1.0034624289193015,0,-0.1593160908997885,0.14540738820280846,6699368.629324127,9086018.165591888,FALSE
sameyear_state_log,sameyear_conditional,28,Mississippi,2022,1700000,1734415.4697636005,1320000,1850000,279,2021,2016,l_permits_t + l_highway_t + l_gdp_t,1.0034624289193015,0,-0.1593160908997885,0.14540738820280846,1478982.513841602,2005869.9156420755,FALSE
sameyear_state_log,sameyear_conditional,29,Missouri,2022,85200000,76936834.89698559,85500000,75714285.71428572,279,2021,2016,l_permits_t + l_highway_t + l_gdp_t,1.0034624289193015,0,-0.1593160908997885,0.14540738820280846,65606099.268976934,88978266.86567734,FALSE
sameyear_state_log,sameyear_conditional,30,Montana,2022,2880000,3026940.134231606,2890000,2821428.5714285714,279,2021,2016,l_permits_t + l_highway_t + l_gdp_t,1.0034624289193015,0,-0.1593160908997885,0.14540738820280846,2581152.905413188,3500688.420711749,FALSE
sameyear_state_log,sameyear_conditional,32,Nevada,2022,10100000,11849270.596885132,9960000,10835714.285714285,279,2021,2016,l_permits_t + l_highway_t + l_gdp_t,1.0034624289193015,0,-0.1593160908997885,0.14540738820280846,10104190.328145066,13703807.321226025,FALSE
sameyear_state_log,sameyear_conditional,33,New Hampshire,2022,5150000,5302925.1249118615,5070000,5351428.571428572,279,2021,2016,l_permits_t + l_highway_t + l_gdp_t,1.0034624289193015,0,-0.1593160908997885,0.14540738820280846,4521946.251450883,6132889.240438458,FALSE
sameyear_state_log,sameyear_conditional,34,New Jersey,2022,17800000,16564804.604195373,17700000,17542857.14285714,279,2021,2016,l_permits_t + l_highway_t + l_gdp_t,1.0034624289193015,0,-0.1593160908997885,0.14540738820280846,14125252.444932943,19157372.49424651,FALSE
sameyear_state_log,sameyear_conditional,35,New Mexico,2022,4810000,4560742.3295621555,4270000,4585714.285714285,279,2021,2016,l_permits_t + l_highway_t + l_gdp_t,1.0034624289193015,0,-0.1593160908997885,0.14540738820280846,3889067.108285776,5274546.953338109,FALSE
sameyear_state_log,sameyear_conditional,36,New York,2022,42000000,36172957.91438344,40600000,38885714.28571428,279,2021,2016,l_permits_t + l_highway_t + l_gdp_t,1.0034624289193015,0,-0.1593160908997885,0.14540738820280846,30845649.823795214,41834410.09675628,FALSE
sameyear_state_log,sameyear_conditional,37,North Carolina,2022,62700000,60701388.03696369,62300000,56928571.428571425,279,2021,2016,l_permits_t + l_highway_t + l_gdp_t,1.0034624289193015,0,-0.1593160908997885,0.14540738820280846,51761698.99177591,70201800.10136609,FALSE
sameyear_state_log,sameyear_conditional,38,North Dakota,2022,311000,360374.9555140174,321000,477714.28571428574,279,2021,2016,l_permits_t + l_highway_t + l_gdp_t,1.0034624289193015,0,-0.1593160908997885,0.14540738820280846,307301.37439579156,416777.4643493838,FALSE
sameyear_state_log,sameyear_conditional,39,Ohio,2022,75600000,63790121.95320264,72600000,64785714.28571428,279,2021,2016,l_permits_t + l_highway_t + l_gdp_t,1.0034624289193015,0,-0.1593160908997885,0.14540738820280846,54395545.10977066,73773953.68741056,FALSE
sameyear_state_log,sameyear_conditional,40,Oklahoma,2022,39900000,36295725.144478604,41500000,38057142.85714286,279,2021,2016,l_permits_t + l_highway_t + l_gdp_t,1.0034624289193015,0,-0.1593160908997885,0.14540738820280846,30950336.72825892,41976391.7025293,FALSE
sameyear_state_log,sameyear_conditional,41,Oregon,2022,24900000,21235471.882621847,21600000,20457142.85714286,279,2021,2016,l_permits_t + l_highway_t + l_gdp_t,1.0034624289193015,0,-0.1593160908997885,0.14540738820280846,18108055.500596665,24559048.818689387,FALSE
sameyear_state_log,sameyear_conditional,42,Pennsylvania,2022,91400000,85147173.83403184,93400000,90057142.85714285,279,2021,2016,l_permits_t + l_highway_t + l_gdp_t,1.0034624289193015,0,-0.1593160908997885,0.14540738820280846,72607275.13040955,98473611.06558262,FALSE
sameyear_state_log,sameyear_conditional,44,Rhode Island,2022,2490000,2005369.8620607266,2150000,2111428.5714285714,279,2021,2016,l_permits_t + l_highway_t + l_gdp_t,1.0034624289193015,0,-0.1593160908997885,0.14540738820280846,1710032.5795508565,2319231.548707978,FALSE
sameyear_state_log,sameyear_conditional,45,South Carolina,2022,33800000,29196101.82012592,31000000,28071428.57142857,279,2021,2016,l_permits_t + l_highway_t + l_gdp_t,1.0034624289193015,0,-0.1593160908997885,0.14540738820280846,24896297.811614122,33765601.9079417,FALSE
sameyear_state_log,sameyear_conditional,46,South Dakota,2022,7790000,7601687.931661394,8300000,7090000,279,2021,2016,l_permits_t + l_highway_t + l_gdp_t,1.0034624289193015,0,-0.1593160908997885,0.14540738820280846,6482162.851176782,8791432.846420191,FALSE
sameyear_state_log,sameyear_conditional,47,Tennessee,2022,60500000,53033158.64094976,56900000,47800000,279,2021,2016,l_permits_t + l_highway_t + l_gdp_t,1.0034624289193015,0,-0.1593160908997885,0.14540738820280846,45222794.45215223,61333411.34454589,FALSE
sameyear_state_log,sameyear_conditional,48,Texas,2022,202000000,176412556.9462985,190000000,174857142.85714287,279,2021,2016,l_permits_t + l_highway_t + l_gdp_t,1.0034624289193015,0,-0.1593160908997885,0.14540738820280846,150431711.14082795,204022996.15576282,FALSE
sameyear_state_log,sameyear_conditional,49,Utah,2022,13400000,11784953.311405405,13200000,10340000,279,2021,2016,l_permits_t + l_highway_t + l_gdp_t,1.0034624289193015,0,-0.1593160908997885,0.14540738820280846,10049345.256580269,13629423.697320081,FALSE
sameyear_state_log,sameyear_conditional,50,Vermont,2022,5400000,4940340.8781030765,5320000,5040000,279,2021,2016,l_permits_t + l_highway_t + l_gdp_t,1.0034624289193015,0,-0.1593160908997885,0.14540738820280846,4212760.955209428,5713556.707237164,FALSE
sameyear_state_log,sameyear_conditional,51,Virginia,2022,50800000,52008414.346667945,54700000,51171428.571428575,279,2021,2016,l_permits_t + l_highway_t + l_gdp_t,1.0034624289193015,0,-0.1593160908997885,0.14540738820280846,44348967.552644506,60148283.682252884,FALSE
sameyear_state_log,sameyear_conditional,53,Washington,2022,16700000,15640167.006320821,16700000,15500000,279,2021,2016,l_permits_t + l_highway_t + l_gdp_t,1.0034624289193015,0,-0.1593160908997885,0.14540738820280846,13336789.206027817,18088019.289791457,FALSE
sameyear_state_log,sameyear_conditional,54,West Virginia,2022,14000000,12720225.44713329,14200000,14714285.714285715,279,2021,2016,l_permits_t + l_highway_t + l_gdp_t,1.0034624289193015,0,-0.1593160908997885,0.14540738820280846,10846876.850675983,14711075.857774219,FALSE
sameyear_state_log,sameyear_conditional,55,Wisconsin,2022,27100000,25253466.730638523,25700000,25371428.57142857,279,2021,2016,l_permits_t + l_highway_t + l_gdp_t,1.0034624289193015,0,-0.1593160908997885,0.14540738820280846,21534307.298115674,29205902.54396204,FALSE
sameyear_state_log,sameyear_conditional,56,Wyoming,2022,7160000,9269377.43475139,7440000,10761428.57142857,279,2021,2016,l_permits_t + l_highway_t + l_gdp_t,1.0034624289193015,0,-0.1593160908997885,0.14540738820280846,7904246.3465018505,10720133.472767953,FALSE
sameyear_state_log,sameyear_conditional,01,Alabama,2023,43300000,41680450.36534534,43600000,39562500,326,2022,2016,l_permits_t + l_highway_t + l_gdp_t,1.0039606013022442,0,-0.1593160908997885,0.14540738820280846,35542036.11190731,48203883.62290976,FALSE
sameyear_state_log,sameyear_conditional,02,Alaska,2023,589000,917878.8221170821,541000,1083500,326,2022,2016,l_permits_t + l_highway_t + l_gdp_t,1.0039606013022442,0,-0.1593160908997885,0.14540738820280846,782699.8498357031,1061536.6084924196,FALSE
sameyear_state_log,sameyear_conditional,04,Arizona,2023,13400000,12275226.624483222,11200000,10727500,326,2022,2016,l_permits_t + l_highway_t + l_gdp_t,1.0039606013022442,0,-0.1593160908997885,0.14540738820280846,10467414.438783834,14196429.992114605,FALSE
sameyear_state_log,sameyear_conditional,05,Arkansas,2023,33000000,32434730.285749808,31800000,30462500,326,2022,2016,l_permits_t + l_highway_t + l_gdp_t,1.0039606013022442,0,-0.1593160908997885,0.14540738820280846,27657963.025624376,37511110.132693894,FALSE
sameyear_state_log,sameyear_conditional,06,California,2023,41500000,38525882.435196504,40400000,39625000,326,2022,2016,l_permits_t + l_highway_t + l_gdp_t,1.0039606013022442,0,-0.1593160908997885,0.14540738820280846,32852051.56740164,44555592.30041753,FALSE
sameyear_state_log,sameyear_conditional,08,Colorado,2023,15700000,15705926.223658552,17200000,16087500,326,2022,2016,l_permits_t + l_highway_t + l_gdp_t,1.0039606013022442,0,-0.1593160908997885,0.14540738820280846,13392863.851498818,18164070.52320896,FALSE
sameyear_state_log,sameyear_conditional,09,Connecticut,2023,11000000,10101796.383358113,10400000,9973750,326,2022,2016,l_permits_t + l_highway_t + l_gdp_t,1.0039606013022442,0,-0.1593160908997885,0.14540738820280846,8614072.273819922,11682834.829697281,FALSE
sameyear_state_log,sameyear_conditional,12,Florida,2023,95000000,86480213.44749683,91100000,79637500,326,2022,2016,l_permits_t + l_highway_t + l_gdp_t,1.0039606013022442,0,-0.1593160908997885,0.14540738820280846,73743993.7038674,100015285.53956147,FALSE
sameyear_state_log,sameyear_conditional,13,Georgia,2023,67300000,59806504.08311552,63400000,56225000,326,2022,2016,l_permits_t + l_highway_t + l_gdp_t,1.0039606013022442,0,-0.1593160908997885,0.14540738820280846,50998607.481851086,69166857.30230334,FALSE
sameyear_state_log,sameyear_conditional,15,Hawaii,2023,6260000,5013517.287280401,5570000,5403750,326,2022,2016,l_permits_t + l_highway_t + l_gdp_t,1.0039606013022442,0,-0.1593160908997885,0.14540738820280846,4275160.438773613,5798186.001810693,FALSE
sameyear_state_log,sameyear_conditional,16,Idaho,2023,5400000,5205959.264994577,5570000,4782500,326,2022,2016,l_permits_t + l_highway_t + l_gdp_t,1.0039606013022442,0,-0.1593160908997885,0.14540738820280846,4439260.866226071,6020747.193366567,FALSE
sameyear_state_log,sameyear_conditional,17,Illinois,2023,54200000,46359886.18037011,50700000,51062500,326,2022,2016,l_permits_t + l_highway_t + l_gdp_t,1.0039606013022442,0,-0.1593160908997885,0.14540738820280846,39532316.33352518,53615700.85307757,FALSE
sameyear_state_log,sameyear_conditional,18,Indiana,2023,55700000,53430879.80329134,55100000,50925000,326,2022,2016,l_permits_t + l_highway_t + l_gdp_t,1.0039606013022442,0,-0.1593160908997885,0.14540738820280846,45561941.9371364,61793380.09382366,FALSE
sameyear_state_log,sameyear_conditional,19,Iowa,2023,33500000,35973254.494310796,34900000,37975000,326,2022,2016,l_permits_t + l_highway_t + l_gdp_t,1.0039606013022442,0,-0.1593160908997885,0.14540738820280846,30675357.37000266,41603450.96997385,FALSE
sameyear_state_log,sameyear_conditional,20,Kansas,2023,18700000,17400212.206243742,19000000,17200000,326,2022,2016,l_permits_t + l_highway_t + l_gdp_t,1.0039606013022442,0,-0.1593160908997885,0.14540738820280846,14837626.877068449,20123530.260629848,FALSE
sameyear_state_log,sameyear_conditional,21,Kentucky,2023,55500000,52769251.07475279,53800000,51612500,326,2022,2016,l_permits_t + l_highway_t + l_gdp_t,1.0039606013022442,0,-0.1593160908997885,0.14540738820280846,44997753.40375279,61028199.440723926,FALSE
sameyear_state_log,sameyear_conditional,23,Maine,2023,4260000,4618286.967911266,4480000,4418750,326,2022,2016,l_permits_t + l_highway_t + l_gdp_t,1.0039606013022442,0,-0.1593160908997885,0.14540738820280846,3938136.9622898297,5341097.938891021,FALSE
sameyear_state_log,sameyear_conditional,24,Maryland,2023,23800000,22848959.818431206,24400000,24000000,326,2022,2016,l_permits_t + l_highway_t + l_gdp_t,1.0039606013022442,0,-0.1593160908997885,0.14540738820280846,19483919.86813582,26425064.756688688,FALSE
sameyear_state_log,sameyear_conditional,25,Massachusetts,2023,12300000,11678098.683019953,12800000,12887500,326,2022,2016,l_permits_t + l_highway_t + l_gdp_t,1.0039606013022442,0,-0.1593160908997885,0.14540738820280846,9958227.453689208,13505845.184465427,FALSE
sameyear_state_log,sameyear_conditional,26,Michigan,2023,34400000,36181692.36462907,37200000,35362500,326,2022,2016,l_permits_t + l_highway_t + l_gdp_t,1.0039606013022442,0,-0.1593160908997885,0.14540738820280846,30853097.923403703,41844511.58125225,FALSE
sameyear_state_log,sameyear_conditional,27,Minnesota,2023,8810000,7925078.65773278,8550000,8027500,326,2022,2016,l_permits_t + l_highway_t + l_gdp_t,1.0039606013022442,0,-0.1593160908997885,0.14540738820280846,6757926.782793068,9165437.656532185,FALSE
sameyear_state_log,sameyear_conditional,28,Mississippi,2023,2300000,1802939.3056077259,1700000,1831250,326,2022,2016,l_permits_t + l_highway_t + l_gdp_t,1.0039606013022442,0,-0.1593160908997885,0.14540738820280846,1537414.6235417232,2085118.459731031,FALSE
sameyear_state_log,sameyear_conditional,29,Missouri,2023,86100000,77157629.1342426,85200000,76900000,326,2022,2016,l_permits_t + l_highway_t + l_gdp_t,1.0039606013022442,0,-0.1593160908997885,0.14540738820280846,65794376.42733543,89233617.74658324,FALSE
sameyear_state_log,sameyear_conditional,30,Montana,2023,2870000,2831886.5426476886,2880000,2828750,326,2022,2016,l_permits_t + l_highway_t + l_gdp_t,1.0039606013022442,0,-0.1593160908997885,0.14540738820280846,2414825.484882319,3275106.869972096,FALSE
sameyear_state_log,sameyear_conditional,32,Nevada,2023,10000000,11569275.088565942,10100000,10743750,326,2022,2016,l_permits_t + l_highway_t + l_gdp_t,1.0039606013022442,0,-0.1593160908997885,0.14540738820280846,9865430.660708107,13379989.54143597,FALSE
sameyear_state_log,sameyear_conditional,33,New Hampshire,2023,5130000,5411149.823850508,5150000,5326250,326,2022,2016,l_permits_t + l_highway_t + l_gdp_t,1.0039606013022442,0,-0.1593160908997885,0.14540738820280846,4614232.350189294,6258052.254442271,FALSE
sameyear_state_log,sameyear_conditional,34,New Jersey,2023,18700000,17120959.624519862,17800000,17575000,326,2022,2016,l_permits_t + l_highway_t + l_gdp_t,1.0039606013022442,0,-0.1593160908997885,0.14540738820280846,14599500.723032799,19800571.68333945,FALSE
sameyear_state_log,sameyear_conditional,35,New Mexico,2023,4480000,5036218.570616788,4810000,4613750,326,2022,2016,l_permits_t + l_highway_t + l_gdp_t,1.0039606013022442,0,-0.1593160908997885,0.14540738820280846,4294518.430951149,5824440.277147116,FALSE
sameyear_state_log,sameyear_conditional,36,New York,2023,42200000,37963963.39090178,42000000,39275000,326,2022,2016,l_permits_t + l_highway_t + l_gdp_t,1.0039606013022442,0,-0.1593160908997885,0.14540738820280846,32372888.151717998,43905726.95637124,FALSE
sameyear_state_log,sameyear_conditional,37,North Carolina,2023,66800000,63823645.190263644,62700000,57650000,326,2022,2016,l_permits_t + l_highway_t + l_gdp_t,1.0039606013022442,0,-0.1593160908997885,0.14540738820280846,54424131.2716707,73812723.66719215,FALSE
sameyear_state_log,sameyear_conditional,38,North Dakota,2023,410000,355306.36113785213,311000,456875,326,2022,2016,l_permits_t + l_highway_t + l_gdp_t,1.0039606013022442,0,-0.1593160908997885,0.14540738820280846,302979.2482485161,410915.5811091886,FALSE
sameyear_state_log,sameyear_conditional,39,Ohio,2023,73900000,65832462.6113447,75600000,66137500,326,2022,2016,l_permits_t + l_highway_t + l_gdp_t,1.0039606013022442,0,-0.1593160908997885,0.14540738820280846,56137103.67711414,76135942.35453089,FALSE
sameyear_state_log,sameyear_conditional,40,Oklahoma,2023,39500000,37222253.32863867,39900000,38287500,326,2022,2016,l_permits_t + l_highway_t + l_gdp_t,1.0039606013022442,0,-0.1593160908997885,0.14540738820280846,31740412.120714296,43047931.39010743,FALSE
sameyear_state_log,sameyear_conditional,41,Oregon,2023,23600000,21215351.22677357,24900000,21012500,326,2022,2016,l_permits_t + l_highway_t + l_gdp_t,1.0039606013022442,0,-0.1593160908997885,0.14540738820280846,18090898.078580197,24535779.066457216,FALSE
sameyear_state_log,sameyear_conditional,42,Pennsylvania,2023,88300000,86004998.36626917,91400000,90225000,326,2022,2016,l_permits_t + l_highway_t + l_gdp_t,1.0039606013022442,0,-0.1593160908997885,0.14540738820280846,73338765.07917961,99465694.24986668,FALSE
sameyear_state_log,sameyear_conditional,44,Rhode Island,2023,2400000,2053695.116048946,2490000,2158750,326,2022,2016,l_permits_t + l_highway_t + l_gdp_t,1.0039606013022442,0,-0.1593160908997885,0.14540738820280846,1751240.8176411637,2375120.218309122,FALSE
sameyear_state_log,sameyear_conditional,45,South Carolina,2023,34700000,30230861.45599282,33800000,28787500,326,2022,2016,l_permits_t + l_highway_t + l_gdp_t,1.0039606013022442,0,-0.1593160908997885,0.14540738820280846,25778665.06107416,34962312.41917178,FALSE
sameyear_state_log,sameyear_conditional,46,South Dakota,2023,8150000,7762779.041256259,7790000,7177500,326,2022,2016,l_permits_t + l_highway_t + l_gdp_t,1.0039606013022442,0,-0.1593160908997885,0.14540738820280846,6619529.553895721,8977736.42595283,FALSE
sameyear_state_log,sameyear_conditional,47,Tennessee,2023,58900000,55314339.8646324,60500000,49387500,326,2022,2016,l_permits_t + l_highway_t + l_gdp_t,1.0039606013022442,0,-0.1593160908997885,0.14540738820280846,47168018.76521158,63971621.66293993,FALSE
sameyear_state_log,sameyear_conditional,48,Texas,2023,203000000,182801409.04908225,202000000,178250000,326,2022,2016,l_permits_t + l_highway_t + l_gdp_t,1.0039606013022442,0,-0.1593160908997885,0.14540738820280846,155879656.4043842,211411771.48201564,FALSE
sameyear_state_log,sameyear_conditional,49,Utah,2023,12100000,11382009.827989005,13400000,10722500,326,2022,2016,l_permits_t + l_highway_t + l_gdp_t,1.0039606013022442,0,-0.1593160908997885,0.14540738820280846,9705744.558576517,13163415.278242072,FALSE
sameyear_state_log,sameyear_conditional,50,Vermont,2023,5630000,5260748.689879242,5400000,5085000,326,2022,2016,l_permits_t + l_highway_t + l_gdp_t,1.0039606013022442,0,-0.1593160908997885,0.14540738820280846,4485981.2759321155,6084111.745278953,FALSE
sameyear_state_log,sameyear_conditional,51,Virginia,2023,52000000,52185490.95979584,50800000,51125000,326,2022,2016,l_permits_t + l_highway_t + l_gdp_t,1.0039606013022442,0,-0.1593160908997885,0.14540738820280846,44499965.522272944,60353074.66643699,FALSE
sameyear_state_log,sameyear_conditional,53,Washington,2023,16000000,14910779.01654261,16700000,15650000,326,2022,2016,l_permits_t + l_highway_t + l_gdp_t,1.0039606013022442,0,-0.1593160908997885,0.14540738820280846,12714820.536182474,17244474.331254978,FALSE
sameyear_state_log,sameyear_conditional,54,West Virginia,2023,14600000,14137107.010006264,14000000,14625000,326,2022,2016,l_permits_t + l_highway_t + l_gdp_t,1.0039606013022442,0,-0.1593160908997885,0.14540738820280846,12055089.699445898,16349714.436904395,FALSE
sameyear_state_log,sameyear_conditional,55,Wisconsin,2023,27600000,26043150.98130266,27100000,25587500,326,2022,2016,l_permits_t + l_highway_t + l_gdp_t,1.0039606013022442,0,-0.1593160908997885,0.14540738820280846,22207692.204182934,30119180.768746004,FALSE
sameyear_state_log,sameyear_conditional,56,Wyoming,2023,8510000,8662131.353222681,7160000,10311250,326,2022,2016,l_permits_t + l_highway_t + l_gdp_t,1.0039606013022442,0,-0.1593160908997885,0.14540738820280846,7386431.352438057,10017846.92864713,FALSE
forest_m4_n5,lagged,01,Alabama,2022,43600000,45783741.05098014,43800000,38985714.28571428,277,2021,2016,l_lag_y + l_permits + l_highway + l_gdp,1.0011542489394132,0,-0.14637689381091393,0.13155601448878068,39549463.752369486,52221017.277650744,FALSE
forest_m4_n5,lagged,02,Alaska,2022,541000,766623.0786386373,807000,1161000,277,2021,2016,l_lag_y + l_permits + l_highway + l_gdp,1.0011542489394132,0,-0.14637689381091393,0.13155601448878068,662233.6000587615,874411.660472578,FALSE
forest_m4_n5,lagged,04,Arizona,2022,11200000,11101529.061846526,11400000,10660000,277,2021,2016,l_lag_y + l_permits + l_highway + l_gdp,1.0011542489394132,0,-0.14637689381091393,0.13155601448878068,9589856.817040864,12662423.988059366,FALSE
forest_m4_n5,lagged,05,Arkansas,2022,31800000,36588883.77153144,34100000,30271428.57142857,277,2021,2016,l_lag_y + l_permits + l_highway + l_gdp,1.0011542489394132,0,-0.14637689381091393,0.13155601448878068,31606651.165760595,41733346.54928102,FALSE
forest_m4_n5,lagged,06,California,2022,40400000,38299778.73851653,38300000,39514285.71428572,277,2021,2016,l_lag_y + l_permits + l_highway + l_gdp,1.0011542489394132,0,-0.14637689381091393,0.13155601448878068,33084577.104699124,43684796.42166452,FALSE
forest_m4_n5,lagged,08,Colorado,2022,17200000,16458732.450253751,17000000,15928571.42857143,277,2021,2016,l_lag_y + l_permits + l_highway + l_gdp,1.0011542489394132,0,-0.14637689381091393,0.13155601448878068,14217580.903370125,18772859.795268565,FALSE
forest_m4_n5,lagged,09,Connecticut,2022,10400000,10150740.628724802,10400000,9912857.142857144,277,2021,2016,l_lag_y + l_permits + l_highway + l_gdp,1.0011542489394132,0,-0.14637689381091393,0.13155601448878068,8768535.277806036,11577952.993473023,FALSE
forest_m4_n5,lagged,12,Florida,2022,91100000,105728295.44519226,86600000,78000000,277,2021,2016,l_lag_y + l_permits + l_highway + l_gdp,1.0011542489394132,0,-0.14637689381091393,0.13155601448878068,91331492.19180998,120593883.68967171,FALSE
forest_m4_n5,lagged,13,Georgia,2022,63400000,61849426.158410944,61200000,55200000,277,2021,2016,l_lag_y + l_permits + l_highway + l_gdp,1.0011542489394132,0,-0.14637689381091393,0.13155601448878068,53427517.75642764,70545566.56771971,FALSE
forest_m4_n5,lagged,15,Hawaii,2022,5570000,5798688.12591948,5850000,5380000,277,2021,2016,l_lag_y + l_permits + l_highway + l_gdp,1.0011542489394132,0,-0.14637689381091393,0.13155601448878068,5009092.7605060395,6613994.091792695,FALSE
forest_m4_n5,lagged,16,Idaho,2022,5570000,5086009.17070188,5370000,4670000,277,2021,2016,l_lag_y + l_permits + l_highway + l_gdp,1.0011542489394132,0,-0.14637689381091393,0.13155601448878068,4393457.824185089,5801111.195386404,FALSE
forest_m4_n5,lagged,17,Illinois,2022,50700000,51199926.19305329,51500000,51114285.71428572,277,2021,2016,l_lag_y + l_permits + l_highway + l_gdp,1.0011542489394132,0,-0.14637689381091393,0.13155601448878068,44228138.16899316,58398727.77903193,FALSE
forest_m4_n5,lagged,18,Indiana,2022,55100000,51747720.28018735,52300000,50328571.428571425,277,2021,2016,l_lag_y + l_permits + l_highway + l_gdp,1.0011542489394132,0,-0.14637689381091393,0.13155601448878068,44701340.26859326,59023542.69874261,FALSE
forest_m4_n5,lagged,19,Iowa,2022,34900000,37088941.03122755,35600000,38414285.71428572,277,2021,2016,l_lag_y + l_permits + l_highway + l_gdp,1.0011542489394132,0,-0.14637689381091393,0.13155601448878068,32038616.662953995,42303712.75787302,FALSE
forest_m4_n5,lagged,20,Kansas,2022,19000000,21317308.884959202,19400000,16942857.14285714,277,2021,2016,l_lag_y + l_permits + l_highway + l_gdp,1.0011542489394132,0,-0.14637689381091393,0.13155601448878068,18414575.03669218,24314560.803471964,FALSE
forest_m4_n5,lagged,21,Kentucky,2022,53800000,51065382.13574879,51100000,51300000,277,2021,2016,l_lag_y + l_permits + l_highway + l_gdp,1.0011542489394132,0,-0.14637689381091393,0.13155601448878068,44111914.69761855,58245266.58560783,FALSE
forest_m4_n5,lagged,23,Maine,2022,4480000,4627379.981364229,4700000,4410000,277,2021,2016,l_lag_y + l_permits + l_highway + l_gdp,1.0011542489394132,0,-0.14637689381091393,0.13155601448878068,3997279.222718451,5277997.91825669,FALSE
forest_m4_n5,lagged,24,Maryland,2022,24400000,25307681.226089306,25700000,23942857.14285714,277,2021,2016,l_lag_y + l_permits + l_highway + l_gdp,1.0011542489394132,0,-0.14637689381091393,0.13155601448878068,21861586.63166546,28865986.66311027,FALSE
forest_m4_n5,lagged,25,Massachusetts,2022,12800000,12232706.205562916,12400000,12900000,277,2021,2016,l_lag_y + l_permits + l_highway + l_gdp,1.0011542489394132,0,-0.14637689381091393,0.13155601448878068,10567003.909348264,13952646.669956885,FALSE
forest_m4_n5,lagged,26,Michigan,2022,37200000,37152491.315242514,36000000,35100000,277,2021,2016,l_lag_y + l_permits + l_highway + l_gdp,1.0011542489394132,0,-0.14637689381091393,0.13155601448878068,32093513.436271492,42376198.32596694,FALSE
forest_m4_n5,lagged,27,Minnesota,2022,8550000,10135118.913694382,9130000,7952857.142857143,277,2021,2016,l_lag_y + l_permits + l_highway + l_gdp,1.0011542489394132,0,-0.14637689381091393,0.13155601448878068,8755040.739392115,11560134.837250233,FALSE
forest_m4_n5,lagged,28,Mississippi,2022,1700000,1200781.029699505,1320000,1850000,277,2021,2016,l_lag_y + l_permits + l_highway + l_gdp,1.0011542489394132,0,-0.14637689381091393,0.13155601448878068,1037273.1611371195,1369612.9992695448,FALSE
forest_m4_n5,lagged,29,Missouri,2022,85200000,89914392.64685473,85500000,75714285.71428572,277,2021,2016,l_lag_y + l_permits + l_highway + l_gdp,1.0011542489394132,0,-0.14637689381091393,0.13155601448878068,77670935.82071903,102556517.75359571,FALSE
forest_m4_n5,lagged,30,Montana,2022,2880000,2810993.138034347,2890000,2821428.5714285714,277,2021,2016,l_lag_y + l_permits + l_highway + l_gdp,1.0011542489394132,0,-0.14637689381091393,0.13155601448878068,2428226.017988732,3206223.8222340886,FALSE
forest_m4_n5,lagged,32,Nevada,2022,10100000,10098071.588987824,9960000,10835714.285714285,277,2021,2016,l_lag_y + l_permits + l_highway + l_gdp,1.0011542489394132,0,-0.14637689381091393,0.13155601448878068,8723038.072244998,11517878.592147026,FALSE
forest_m4_n5,lagged,33,New Hampshire,2022,5150000,5074072.66703513,5070000,5351428.571428572,277,2021,2016,l_lag_y + l_permits + l_highway + l_gdp,1.0011542489394132,0,-0.14637689381091393,0.13155601448878068,4383146.689527647,5787496.397864244,FALSE
forest_m4_n5,lagged,34,New Jersey,2022,17800000,17593064.019331288,17700000,17542857.14285714,277,2021,2016,l_lag_y + l_permits + l_highway + l_gdp,1.0011542489394132,0,-0.14637689381091393,0.13155601448878068,15197452.889463319,20066680.42039886,FALSE
forest_m4_n5,lagged,35,New Mexico,2022,4810000,4408744.629089537,4270000,4585714.285714285,277,2021,2016,l_lag_y + l_permits + l_highway + l_gdp,1.0011542489394132,0,-0.14637689381091393,0.13155601448878068,3808414.994036349,5028622.042748205,FALSE
forest_m4_n5,lagged,36,New York,2022,42000000,39824358.32631348,40600000,38885714.28571428,277,2021,2016,l_lag_y + l_permits + l_highway + l_gdp,1.0011542489394132,0,-0.14637689381091393,0.13155601448878068,34401557.84417251,45423734.63789388,FALSE
forest_m4_n5,lagged,37,North Carolina,2022,62700000,61893909.12007242,62300000,56928571.428571425,277,2021,2016,l_lag_y + l_permits + l_highway + l_gdp,1.0011542489394132,0,-0.14637689381091393,0.13155601448878068,53465943.565228835,70596303.91368929,FALSE
forest_m4_n5,lagged,38,North Dakota,2022,311000,369342.1072568378,321000,477714.28571428574,277,2021,2016,l_lag_y + l_permits + l_highway + l_gdp,1.0011542489394132,0,-0.14637689381091393,0.13155601448878068,319049.5566300027,421272.2709344948,FALSE
forest_m4_n5,lagged,39,Ohio,2022,75600000,74505262.28472523,72600000,64785714.28571428,277,2021,2016,l_lag_y + l_permits + l_highway + l_gdp,1.0011542489394132,0,-0.14637689381091393,0.13155601448878068,64360034.86061653,84980835.98529446,FALSE
forest_m4_n5,lagged,40,Oklahoma,2022,39900000,40139485.05855736,41500000,38057142.85714286,277,2021,2016,l_lag_y + l_permits + l_highway + l_gdp,1.0011542489394132,0,-0.14637689381091393,0.13155601448878068,34673774.421240866,45783168.754709125,FALSE
forest_m4_n5,lagged,41,Oregon,2022,24900000,24482585.002376895,21600000,20457142.85714286,277,2021,2016,l_lag_y + l_permits + l_highway + l_gdp,1.0011542489394132,0,-0.14637689381091393,0.13155601448878068,21148842.05372468,27924880.428339448,FALSE
forest_m4_n5,lagged,42,Pennsylvania,2022,91400000,89860976.74365681,93400000,90057142.85714285,277,2021,2016,l_lag_y + l_permits + l_highway + l_gdp,1.0011542489394132,0,-0.14637689381091393,0.13155601448878068,77624793.45054938,102495591.47846468,FALSE
forest_m4_n5,lagged,44,Rhode Island,2022,2490000,2040118.8057561037,2150000,2111428.5714285714,277,2021,2016,l_lag_y + l_permits + l_highway + l_gdp,1.0011542489394132,0,-0.14637689381091393,0.13155601448878068,1762320.048703207,2326963.1742242463,FALSE
forest_m4_n5,lagged,45,South Carolina,2022,33800000,33358211.742300984,31000000,28071428.57142857,277,2021,2016,l_lag_y + l_permits + l_highway + l_gdp,1.0011542489394132,0,-0.14637689381091393,0.13155601448878068,28815893.062931675,38048436.22993841,FALSE
forest_m4_n5,lagged,46,South Dakota,2022,7790000,8590407.114642952,8300000,7090000,277,2021,2016,l_lag_y + l_permits + l_highway + l_gdp,1.0011542489394132,0,-0.14637689381091393,0.13155601448878068,7420669.150219978,9798233.784703353,FALSE
forest_m4_n5,lagged,47,Tennessee,2022,60500000,58102785.01184785,56900000,47800000,277,2021,2016,l_lag_y + l_permits + l_highway + l_gdp,1.0011542489394132,0,-0.14637689381091393,0.13155601448878068,50191048.9835037,66272140.94638466,FALSE
forest_m4_n5,lagged,48,Texas,2022,202000000,182216115.58146825,190000000,174857142.85714287,277,2021,2016,l_lag_y + l_permits + l_highway + l_gdp,1.0011542489394132,0,-0.14637689381091393,0.13155601448878068,157404124.10297278,207836028.72143513,FALSE
forest_m4_n5,lagged,49,Utah,2022,13400000,14267432.087519104,13200000,10340000,277,2021,2016,l_lag_y + l_permits + l_highway + l_gdp,1.0011542489394132,0,-0.14637689381091393,0.13155601448878068,12324665.377528168,16273458.665608397,FALSE
forest_m4_n5,lagged,50,Vermont,2022,5400000,5237223.515312081,5320000,5040000,277,2021,2016,l_lag_y + l_permits + l_highway + l_gdp,1.0011542489394132,0,-0.14637689381091393,0.13155601448878068,4524081.624331526,5973586.548453885,FALSE
forest_m4_n5,lagged,51,Virginia,2022,50800000,52989568.34398526,54700000,51171428.571428575,277,2021,2016,l_lag_y + l_permits + l_highway + l_gdp,1.0011542489394132,0,-0.14637689381091393,0.13155601448878068,45774088.45075768,60439996.83086774,FALSE
forest_m4_n5,lagged,53,Washington,2022,16700000,16534971.123781385,16700000,15500000,277,2021,2016,l_lag_y + l_permits + l_highway + l_gdp,1.0011542489394132,0,-0.14637689381091393,0.13155601448878068,14283438.314450894,18859817.763231,FALSE
forest_m4_n5,lagged,54,West Virginia,2022,14000000,14302726.35231836,14200000,14714285.714285715,277,2021,2016,l_lag_y + l_permits + l_highway + l_gdp,1.0011542489394132,0,-0.14637689381091393,0.13155601448878068,12355153.695308719,16313715.367432559,FALSE
forest_m4_n5,lagged,55,Wisconsin,2022,27100000,25992683.000092193,25700000,25371428.57142857,277,2021,2016,l_lag_y + l_permits + l_highway + l_gdp,1.0011542489394132,0,-0.14637689381091393,0.13155601448878068,22453313.1312774,29647300.91691043,FALSE
forest_m4_n5,lagged,56,Wyoming,2022,7160000,7573752.476926022,7440000,10761428.57142857,277,2021,2016,l_lag_y + l_permits + l_highway + l_gdp,1.0011542489394132,0,-0.14637689381091393,0.13155601448878068,6542450.271201501,8638635.678849507,FALSE
forest_m4_n5,lagged,01,Alabama,2023,43300000,44893410.017038524,43600000,39562500,324,2022,2016,l_lag_y + l_permits + l_highway + l_gdp,0.999671348834639,0,-0.14637689381091393,0.13155601448878068,38780367.2533465,51205504.10116036,FALSE
forest_m4_n5,lagged,02,Alaska,2023,589000,433758.165722227,541000,1083500,324,2022,2016,l_lag_y + l_permits + l_highway + l_gdp,0.999671348834639,0,-0.14637689381091393,0.13155601448878068,374694.21368217876,494745.342921635,FALSE
forest_m4_n5,lagged,04,Arizona,2023,13400000,11079321.384494158,11200000,10727500,324,2022,2016,l_lag_y + l_permits + l_highway + l_gdp,0.999671348834639,0,-0.14637689381091393,0.13155601448878068,9570673.11316892,12637093.871382723,FALSE
forest_m4_n5,lagged,05,Arkansas,2023,33000000,33968174.25248745,31800000,30462500,324,2022,2016,l_lag_y + l_permits + l_highway + l_gdp,0.999671348834639,0,-0.14637689381091393,0.13155601448878068,29342798.240035098,38744160.56464707,FALSE
forest_m4_n5,lagged,06,California,2023,41500000,40131346.48819416,40400000,39625000,324,2022,2016,l_lag_y + l_permits + l_highway + l_gdp,0.999671348834639,0,-0.14637689381091393,0.13155601448878068,34666744.06316644,45773885.88673469,FALSE
forest_m4_n5,lagged,08,Colorado,2023,15700000,17046809.36449264,17200000,16087500,324,2022,2016,l_lag_y + l_permits + l_highway + l_gdp,0.999671348834639,0,-0.14637689381091393,0.13155601448878068,14725580.600847846,19443621.379929394,FALSE
forest_m4_n5,lagged,09,Connecticut,2023,11000000,10286130.748307388,10400000,9973750,324,2022,2016,l_lag_y + l_permits + l_highway + l_gdp,0.999671348834639,0,-0.14637689381091393,0.13155601448878068,8885489.60490871,11732379.207051173,FALSE
forest_m4_n5,lagged,12,Florida,2023,95000000,96457949.44971915,91100000,79637500,324,2022,2016,l_lag_y + l_permits + l_highway + l_gdp,0.999671348834639,0,-0.14637689381091393,0.13155601448878068,83323470.0314619,110020110.39621477,FALSE
forest_m4_n5,lagged,13,Georgia,2023,67300000,62629631.32422163,63400000,56225000,324,2022,2016,l_lag_y + l_permits + l_highway + l_gdp,0.999671348834639,0,-0.14637689381091393,0.13155601448878068,54101483.99894772,71435469.98121634,FALSE
forest_m4_n5,lagged,15,Hawaii,2023,6260000,5431943.9740657,5570000,5403750,324,2022,2016,l_lag_y + l_permits + l_highway + l_gdp,0.999671348834639,0,-0.14637689381091393,0.13155601448878068,4692287.401066675,6195685.05345727,FALSE
forest_m4_n5,lagged,16,Idaho,2023,5400000,5427862.68952229,5570000,4782500,324,2022,2016,l_lag_y + l_permits + l_highway + l_gdp,0.999671348834639,0,-0.14637689381091393,0.13155601448878068,4688761.856595921,6191029.932976419,FALSE
forest_m4_n5,lagged,17,Illinois,2023,54200000,51415079.83745068,50700000,51062500,324,2022,2016,l_lag_y + l_permits + l_highway + l_gdp,0.999671348834639,0,-0.14637689381091393,0.13155601448878068,44413994.78675644,58644132.41228186,FALSE
forest_m4_n5,lagged,18,Indiana,2023,55700000,53236962.55117471,55100000,50925000,324,2022,2016,l_lag_y + l_permits + l_highway + l_gdp,0.999671348834639,0,-0.14637689381091393,0.13155601448878068,45987795.50057894,60722175.10794748,FALSE
forest_m4_n5,lagged,19,Iowa,2023,33500000,36236862.55328992,34900000,37975000,324,2022,2016,l_lag_y + l_permits + l_highway + l_gdp,0.999671348834639,0,-0.14637689381091393,0.13155601448878068,31302563.948523246,41331830.51546848,FALSE
forest_m4_n5,lagged,20,Kansas,2023,18700000,18164891.93612964,19000000,17200000,324,2022,2016,l_lag_y + l_permits + l_highway + l_gdp,0.999671348834639,0,-0.14637689381091393,0.13155601448878068,15691416.181865027,20718908.369393222,FALSE
forest_m4_n5,lagged,21,Kentucky,2023,55500000,51837813.11388615,53800000,51612500,324,2022,2016,l_lag_y + l_permits + l_highway + l_gdp,0.999671348834639,0,-0.14637689381091393,0.13155601448878068,44779165.34751704,59126302.74668056,FALSE
forest_m4_n5,lagged,23,Maine,2023,4260000,4403966.115554583,4480000,4418750,324,2022,2016,l_lag_y + l_permits + l_highway + l_gdp,0.999671348834639,0,-0.14637689381091393,0.13155601448878068,3804287.1608033585,5023171.661627264,FALSE
forest_m4_n5,lagged,24,Maryland,2023,23800000,25241239.375609916,24400000,24000000,324,2022,2016,l_lag_y + l_permits + l_highway + l_gdp,0.999671348834639,0,-0.14637689381091393,0.13155601448878068,21804192.030506745,28790202.969113313,FALSE
forest_m4_n5,lagged,25,Massachusetts,2023,12300000,13563500.06877331,12800000,12887500,324,2022,2016,l_lag_y + l_permits + l_highway + l_gdp,0.999671348834639,0,-0.14637689381091393,0.13155601448878068,11716586.325435875,15470552.54065274,FALSE
forest_m4_n5,lagged,26,Michigan,2023,34400000,37680853.653248765,37200000,35362500,324,2022,2016,l_lag_y + l_permits + l_highway + l_gdp,0.999671348834639,0,-0.14637689381091393,0.13155601448878068,32549929.767820876,42978849.35771991,FALSE
forest_m4_n5,lagged,27,Minnesota,2023,8810000,9053723.494746746,8550000,8027500,324,2022,2016,l_lag_y + l_permits + l_highway + l_gdp,0.999671348834639,0,-0.14637689381091393,0.13155601448878068,7820896.697383291,10326693.280039873,FALSE
forest_m4_n5,lagged,28,Mississippi,2023,2300000,1589887.3771134939,1700000,1831250,324,2022,2016,l_lag_y + l_permits + l_highway + l_gdp,0.999671348834639,0,-0.14637689381091393,0.13155601448878068,1373395.702231585,1813428.3980270145,FALSE
forest_m4_n5,lagged,29,Missouri,2023,86100000,86514044.05218272,85200000,76900000,324,2022,2016,l_lag_y + l_permits + l_highway + l_gdp,0.999671348834639,0,-0.14637689381091393,0.13155601448878068,74733605.65932712,98678074.03894427,FALSE
forest_m4_n5,lagged,30,Montana,2023,2870000,2850117.99373604,2880000,2828750,324,2022,2016,l_lag_y + l_permits + l_highway + l_gdp,0.999671348834639,0,-0.14637689381091393,0.13155601448878068,2462023.3230335033,3250849.702921922,FALSE
forest_m4_n5,lagged,32,Nevada,2023,10000000,10204889.59495907,10100000,10743750,324,2022,2016,l_lag_y + l_permits + l_highway + l_gdp,0.999671348834639,0,-0.14637689381091393,0.13155601448878068,8815310.891334994,11639715.401620012,FALSE
forest_m4_n5,lagged,33,New Hampshire,2023,5130000,5236158.630702432,5150000,5326250,324,2022,2016,l_lag_y + l_permits + l_highway + l_gdp,0.999671348834639,0,-0.14637689381091393,0.13155601448878068,4523161.742856073,5972371.9391554175,FALSE
forest_m4_n5,lagged,34,New Jersey,2023,18700000,17686061.314116072,17800000,17575000,324,2022,2016,l_lag_y + l_permits + l_highway + l_gdp,0.999671348834639,0,-0.14637689381091393,0.13155601448878068,15277786.935015948,20172753.30186836,FALSE
forest_m4_n5,lagged,35,New Mexico,2023,4480000,4482572.818725049,4810000,4613750,324,2022,2016,l_lag_y + l_permits + l_highway + l_gdp,0.999671348834639,0,-0.14637689381091393,0.13155601448878068,3872190.1518296245,5112830.608453676,FALSE
forest_m4_n5,lagged,36,New York,2023,42200000,40356495.37163933,42000000,39275000,324,2022,2016,l_lag_y + l_permits + l_highway + l_gdp,0.999671348834639,0,-0.14637689381091393,0.13155601448878068,34861234.88895514,46030691.10759557,FALSE
forest_m4_n5,lagged,37,North Carolina,2023,66800000,62599670.522652805,62700000,57650000,324,2022,2016,l_lag_y + l_permits + l_highway + l_gdp,0.999671348834639,0,-0.14637689381091393,0.13155601448878068,54075602.89774371,71401296.63713256,FALSE
forest_m4_n5,lagged,38,North Dakota,2023,410000,362032.4041102135,311000,456875,324,2022,2016,l_lag_y + l_permits + l_highway + l_gdp,0.999671348834639,0,-0.14637689381091393,0.13155601448878068,312735.20063807775,412934.8103960622,FALSE
forest_m4_n5,lagged,39,Ohio,2023,73900000,76066189.34731022,75600000,66137500,324,2022,2016,l_lag_y + l_permits + l_highway + l_gdp,0.999671348834639,0,-0.14637689381091393,0.13155601448878068,65708413.71443401,86761232.1965529,FALSE
forest_m4_n5,lagged,40,Oklahoma,2023,39500000,39874387.89757499,39900000,38287500,324,2022,2016,l_lag_y + l_permits + l_highway + l_gdp,0.999671348834639,0,-0.14637689381091393,0.13155601448878068,34444774.99221969,45480798.45673584,FALSE
forest_m4_n5,lagged,41,Oregon,2023,23600000,26145155.065101836,24900000,21012500,324,2022,2016,l_lag_y + l_permits + l_highway + l_gdp,0.999671348834639,0,-0.14637689381091393,0.13155601448878068,22585023.39063854,29821210.82812458,FALSE
forest_m4_n5,lagged,42,Pennsylvania,2023,88300000,90786564.60436451,91400000,90225000,324,2022,2016,l_lag_y + l_permits + l_highway + l_gdp,0.999671348834639,0,-0.14637689381091393,0.13155601448878068,78424345.92717926,103551318.65489134,FALSE
forest_m4_n5,lagged,44,Rhode Island,2023,2400000,2557047.2818685374,2490000,2158750,324,2022,2016,l_lag_y + l_permits + l_highway + l_gdp,0.999671348834639,0,-0.14637689381091393,0.13155601448878068,2208859.44367776,2916572.7225640966,FALSE
forest_m4_n5,lagged,45,South Carolina,2023,34700000,35238204.58011697,33800000,28787500,324,2022,2016,l_lag_y + l_permits + l_highway + l_gdp,0.999671348834639,0,-0.14637689381091393,0.13155601448878068,30439891.165470436,40192759.43751838,FALSE
forest_m4_n5,lagged,46,South Dakota,2023,8150000,7729395.267107912,7790000,7177500,324,2022,2016,l_lag_y + l_permits + l_highway + l_gdp,0.999671348834639,0,-0.14637689381091393,0.13155601448878068,6676899.504647979,8816162.124890251,FALSE
forest_m4_n5,lagged,47,Tennessee,2023,58900000,59920422.61331926,60500000,49387500,324,2022,2016,l_lag_y + l_permits + l_highway + l_gdp,0.999671348834639,0,-0.14637689381091393,0.13155601448878068,51761182.63322646,68345341.65939005,FALSE
forest_m4_n5,lagged,48,Texas,2023,203000000,187982420.09351218,202000000,178250000,324,2022,2016,l_lag_y + l_permits + l_highway + l_gdp,0.999671348834639,0,-0.14637689381091393,0.13155601448878068,162385242.8593074,214413086.00507525,FALSE
forest_m4_n5,lagged,49,Utah,2023,12100000,14044127.310687222,13400000,10722500,324,2022,2016,l_lag_y + l_permits + l_highway + l_gdp,0.999671348834639,0,-0.14637689381091393,0.13155601448878068,12131767.550170427,16018756.83606295,FALSE
forest_m4_n5,lagged,50,Vermont,2023,5630000,5338794.074426755,5400000,5085000,324,2022,2016,l_lag_y + l_permits + l_highway + l_gdp,0.999671348834639,0,-0.14637689381091393,0.13155601448878068,4611821.530547157,6089438.110617011,FALSE
forest_m4_n5,lagged,51,Virginia,2023,52000000,51797931.9422832,50800000,51125000,324,2022,2016,l_lag_y + l_permits + l_highway + l_gdp,0.999671348834639,0,-0.14637689381091393,0.13155601448878068,44744714.71254258,59080814.21071729,FALSE
forest_m4_n5,lagged,53,Washington,2023,16000000,16713034.88260449,16700000,15650000,324,2022,2016,l_lag_y + l_permits + l_highway + l_gdp,0.999671348834639,0,-0.14637689381091393,0.13155601448878068,14437255.49962463,19062917.606375553,FALSE
forest_m4_n5,lagged,54,West Virginia,2023,14600000,13266938.111658879,14000000,14625000,324,2022,2016,l_lag_y + l_permits + l_highway + l_gdp,0.999671348834639,0,-0.14637689381091393,0.13155601448878068,11460406.596475568,15132293.439695435,FALSE
forest_m4_n5,lagged,55,Wisconsin,2023,27600000,27266324.681518257,27100000,25587500,324,2022,2016,l_lag_y + l_permits + l_highway + l_gdp,0.999671348834639,0,-0.14637689381091393,0.13155601448878068,23553525.659934204,31100018.906408638,FALSE
forest_m4_n5,lagged,56,Wyoming,2023,8510000,7315641.567727266,7160000,10311250,324,2022,2016,l_lag_y + l_permits + l_highway + l_gdp,0.999671348834639,0,-0.14637689381091393,0.13155601448878068,6319485.790512153,8344233.912209037,FALSE
ridge_0.01,lagged,01,Alabama,2022,43600000,45880357.054984346,43800000,38985714.28571428,277,2021,2016,l_lag_y + l_permits + l_highway + l_gdp,1.0049090528861213,0,-0.13188619781586824,0.15168824135754044,40211413.6424836,53395438.23227035,FALSE
ridge_0.01,lagged,02,Alaska,2022,541000,743339.2397049791,807000,1161000,277,2021,2016,l_lag_y + l_permits + l_highway + l_gdp,1.0049090528861213,0,-0.13188619781586824,0.15168824135754044,651492.7860880481,865096.2417690705,FALSE
ridge_0.01,lagged,04,Arizona,2022,11200000,12176780.964062618,11400000,10660000,277,2021,2016,l_lag_y + l_permits + l_highway + l_gdp,1.0049090528861213,0,-0.13188619781586824,0.15168824135754044,10672226.800524607,14171305.490393002,FALSE
ridge_0.01,lagged,05,Arkansas,2022,31800000,34987967.21931748,34100000,30271428.57142857,277,2021,2016,l_lag_y + l_permits + l_highway + l_gdp,1.0049090528861213,0,-0.13188619781586824,0.15168824135754044,30664879.54048709,40718903.74115581,FALSE
ridge_0.01,lagged,06,California,2022,40400000,39401949.40082688,38300000,39514285.71428572,277,2021,2016,l_lag_y + l_permits + l_highway + l_gdp,1.0049090528861213,0,-0.13188619781586824,0.15168824135754044,34533473.3070638,45855884.533364415,FALSE
ridge_0.01,lagged,08,Colorado,2022,17200000,17978117.05989241,17000000,15928571.42857143,277,2021,2016,l_lag_y + l_permits + l_highway + l_gdp,1.0049090528861213,0,-0.13188619781586824,0.15168824135754044,15756754.044916214,20922885.09990408,FALSE
ridge_0.01,lagged,09,Connecticut,2022,10400000,10086003.573641445,10400000,9912857.142857144,277,2021,2016,l_lag_y + l_permits + l_highway + l_gdp,1.0049090528861213,0,-0.13188619781586824,0.15168824135754044,8839784.33762436,11738064.291466173,FALSE
ridge_0.01,lagged,12,Florida,2022,91100000,92659955.71713486,86600000,78000000,277,2021,2016,l_lag_y + l_permits + l_highway + l_gdp,1.0049090528861213,0,-0.13188619781586824,0.15168824135754044,81210959.25584432,107837411.46935302,FALSE
ridge_0.01,lagged,13,Georgia,2022,63400000,65122334.413830556,61200000,55200000,277,2021,2016,l_lag_y + l_permits + l_highway + l_gdp,1.0049090528861213,0,-0.13188619781586824,0.15168824135754044,57075866.33077868,75789200.60643215,FALSE
ridge_0.01,lagged,15,Hawaii,2022,5570000,5907673.918901894,5850000,5380000,277,2021,2016,l_lag_y + l_permits + l_highway + l_gdp,1.0049090528861213,0,-0.13188619781586824,0.15168824135754044,5177726.043700625,6875335.286843667,FALSE
ridge_0.01,lagged,16,Idaho,2022,5570000,5587820.593498293,5370000,4670000,277,2021,2016,l_lag_y + l_permits + l_highway + l_gdp,1.0049090528861213,0,-0.13188619781586824,0.15168824135754044,4897393.561603457,6503090.832435724,FALSE
ridge_0.01,lagged,17,Illinois,2022,50700000,50642849.337745935,51500000,51114285.71428572,277,2021,2016,l_lag_y + l_permits + l_highway + l_gdp,1.0049090528861213,0,-0.13188619781586824,0.15168824135754044,44385455.85670951,58938014.158850566,FALSE
ridge_0.01,lagged,18,Indiana,2022,55100000,53803823.1707647,52300000,50328571.428571425,277,2021,2016,l_lag_y + l_permits + l_highway + l_gdp,1.0049090528861213,0,-0.13188619781586824,0.15168824135754044,47155862.07129619,62616747.148057766,FALSE
ridge_0.01,lagged,19,Iowa,2022,34900000,36274190.95889711,35600000,38414285.71428572,277,2021,2016,l_lag_y + l_permits + l_highway + l_gdp,1.0049090528861213,0,-0.13188619781586824,0.15168824135754044,31792178.414099485,42215807.52848461,FALSE
ridge_0.01,lagged,20,Kansas,2022,19000000,19657307.01445359,19400000,16942857.14285714,277,2021,2016,l_lag_y + l_permits + l_highway + l_gdp,1.0049090528861213,0,-0.13188619781586824,0.15168824135754044,17228464.514959894,22877121.92922012,FALSE
ridge_0.01,lagged,21,Kentucky,2022,53800000,52486168.264684156,51100000,51300000,277,2021,2016,l_lag_y + l_permits + l_highway + l_gdp,1.0049090528861213,0,-0.13188619781586824,0.15168824135754044,46001015.64316238,61083263.85225965,FALSE
ridge_0.01,lagged,23,Maine,2022,4480000,4730693.477675951,4700000,4410000,277,2021,2016,l_lag_y + l_permits + l_highway + l_gdp,1.0049090528861213,0,-0.13188619781586824,0.15168824135754044,4146172.4462748263,5505568.561298039,FALSE
ridge_0.01,lagged,24,Maryland,2022,24400000,26028514.769842453,25700000,23942857.14285714,277,2021,2016,l_lag_y + l_permits + l_highway + l_gdp,1.0049090528861213,0,-0.13188619781586824,0.15168824135754044,22812450.492817678,30291916.669377226,FALSE
ridge_0.01,lagged,25,Massachusetts,2022,12800000,12540187.930530842,12400000,12900000,277,2021,2016,l_lag_y + l_permits + l_highway + l_gdp,1.0049090528861213,0,-0.13188619781586824,0.15168824135754044,10990731.467602529,14594237.557115503,FALSE
ridge_0.01,lagged,26,Michigan,2022,37200000,36660538.34750735,36000000,35100000,277,2021,2016,l_lag_y + l_permits + l_highway + l_gdp,1.0049090528861213,0,-0.13188619781586824,0.15168824135754044,32130789.00151234,42665437.59784119,FALSE
ridge_0.01,lagged,27,Minnesota,2022,8550000,9388970.336749453,9130000,7952857.142857143,277,2021,2016,l_lag_y + l_permits + l_highway + l_gdp,1.0049090528861213,0,-0.13188619781586824,0.15168824135754044,8228876.018457778,10926858.853337122,FALSE
ridge_0.01,lagged,28,Mississippi,2022,1700000,1299208.5252327884,1320000,1850000,277,2021,2016,l_lag_y + l_permits + l_highway + l_gdp,1.0049090528861213,0,-0.13188619781586824,0.15168824135754044,1138679.2686327007,1512015.4465399918,FALSE
ridge_0.01,lagged,29,Missouri,2022,85200000,89295073.84617622,85500000,75714285.71428572,277,2021,2016,l_lag_y + l_permits + l_highway + l_gdp,1.0049090528861213,0,-0.13188619781586824,0.15168824135754044,78261839.73157696,103921370.84472716,FALSE
ridge_0.01,lagged,30,Montana,2022,2880000,2894330.5531552783,2890000,2821428.5714285714,277,2021,2016,l_lag_y + l_permits + l_highway + l_gdp,1.0049090528861213,0,-0.13188619781586824,0.15168824135754044,2536709.18366058,3368414.2451107237,FALSE
ridge_0.01,lagged,32,Nevada,2022,10100000,10368366.805666914,9960000,10835714.285714285,277,2021,2016,l_lag_y + l_permits + l_highway + l_gdp,1.0049090528861213,0,-0.13188619781586824,0.15168824135754044,9087258.974903174,12066677.874324989,FALSE
ridge_0.01,lagged,33,New Hampshire,2022,5150000,5151415.214288252,5070000,5351428.571428572,277,2021,2016,l_lag_y + l_permits + l_highway + l_gdp,1.0049090528861213,0,-0.13188619781586824,0.15168824135754044,4514910.112353285,5995203.405973144,FALSE
ridge_0.01,lagged,34,New Jersey,2022,17800000,18040685.097818337,17700000,17542857.14285714,277,2021,2016,l_lag_y + l_permits + l_highway + l_gdp,1.0049090528861213,0,-0.13188619781586824,0.15168824135754044,15811591.2217678,20995701.617011487,FALSE
ridge_0.01,lagged,35,New Mexico,2022,4810000,4263662.352825498,4270000,4585714.285714285,277,2021,2016,l_lag_y + l_permits + l_highway + l_gdp,1.0049090528861213,0,-0.13188619781586824,0.15168824135754044,3736847.3461503983,4962038.973034057,FALSE
ridge_0.01,lagged,36,New York,2022,42000000,40951691.21910457,40600000,38885714.28571428,277,2021,2016,l_lag_y + l_permits + l_highway + l_gdp,1.0049090528861213,0,-0.13188619781586824,0.15168824135754044,35891730.15801063,47659469.963936456,FALSE
ridge_0.01,lagged,37,North Carolina,2022,62700000,65939327.99037207,62300000,56928571.428571425,277,2021,2016,l_lag_y + l_permits + l_highway + l_gdp,1.0049090528861213,0,-0.13188619781586824,0.15168824135754044,57791912.77763156,76740015.57066846,FALSE
ridge_0.01,lagged,38,North Dakota,2022,311000,307326.82908696495,321000,477714.28571428574,277,2021,2016,l_lag_y + l_permits + l_highway + l_gdp,1.0049090528861213,0,-0.13188619781586824,0.15168824135754044,269353.7505176468,357666.151114877,FALSE
ridge_0.01,lagged,39,Ohio,2022,75600000,74575777.96271197,72600000,64785714.28571428,277,2021,2016,l_lag_y + l_permits + l_highway + l_gdp,1.0049090528861213,0,-0.13188619781586824,0.15168824135754044,65361249.29836049,86791093.21358037,FALSE
ridge_0.01,lagged,40,Oklahoma,2022,39900000,42429065.10239071,41500000,38057142.85714286,277,2021,2016,l_lag_y + l_permits + l_highway + l_gdp,1.0049090528861213,0,-0.13188619781586824,0.15168824135754044,37186560.80316506,49378833.78310718,FALSE
ridge_0.01,lagged,41,Oregon,2022,24900000,22632014.188657787,21600000,20457142.85714286,277,2021,2016,l_lag_y + l_permits + l_highway + l_gdp,1.0049090528861213,0,-0.13188619781586824,0.15168824135754044,19835619.04306951,26339078.27339064,FALSE
ridge_0.01,lagged,42,Pennsylvania,2022,91400000,96492676.9960381,93400000,90057142.85714285,277,2021,2016,l_lag_y + l_permits + l_highway + l_gdp,1.0049090528861213,0,-0.13188619781586824,0.15168824135754044,84570112.2924614,112297922.35997072,FALSE
ridge_0.01,lagged,44,Rhode Island,2022,2490000,2030094.337325997,2150000,2111428.5714285714,277,2021,2016,l_lag_y + l_permits + l_highway + l_gdp,1.0049090528861213,0,-0.13188619781586824,0.15168824135754044,1779257.3635302794,2362618.4221815243,FALSE
ridge_0.01,lagged,45,South Carolina,2022,33800000,32935298.79005742,31000000,28071428.57142857,277,2021,2016,l_lag_y + l_permits + l_highway + l_gdp,1.0049090528861213,0,-0.13188619781586824,0.15168824135754044,28865837.323336855,38330013.65046765,FALSE
ridge_0.01,lagged,46,South Dakota,2022,7790000,8492943.98616903,8300000,7090000,277,2021,2016,l_lag_y + l_permits + l_highway + l_gdp,1.0049090528861213,0,-0.13188619781586824,0.15168824135754044,7443562.029410692,9884065.755638117,FALSE
ridge_0.01,lagged,47,Tennessee,2022,60500000,61332098.88250415,56900000,47800000,277,2021,2016,l_lag_y + l_permits + l_highway + l_gdp,1.0049090528861213,0,-0.13188619781586824,0.15168824135754044,53753949.53379405,71378134.51651146,FALSE
ridge_0.01,lagged,48,Texas,2022,202000000,202779569.15957215,190000000,174857142.85714287,277,2021,2016,l_lag_y + l_permits + l_highway + l_gdp,1.0049090528861213,0,-0.13188619781586824,0.15168824135754044,177724273.67877963,235994326.4358282,FALSE
ridge_0.01,lagged,49,Utah,2022,13400000,13749106.2879647,13200000,10340000,277,2021,2016,l_lag_y + l_permits + l_highway + l_gdp,1.0049090528861213,0,-0.13188619781586824,0.15168824135754044,12050276.755633008,16001173.545099594,FALSE
ridge_0.01,lagged,50,Vermont,2022,5400000,5321563.755024141,5320000,5040000,277,2021,2016,l_lag_y + l_permits + l_highway + l_gdp,1.0049090528861213,0,-0.13188619781586824,0.15168824135754044,4664035.223650833,6193221.8278063955,FALSE
ridge_0.01,lagged,51,Virginia,2022,50800000,56655341.0815369,54700000,51171428.571428575,277,2021,2016,l_lag_y + l_permits + l_highway + l_gdp,1.0049090528861213,0,-0.13188619781586824,0.15168824135754044,49655048.5114016,65935336.1531603,FALSE
ridge_0.01,lagged,53,Washington,2022,16700000,17404589.368375324,16700000,15500000,277,2021,2016,l_lag_y + l_permits + l_highway + l_gdp,1.0049090528861213,0,-0.13188619781586824,0.15168824135754044,15254091.016130853,20255415.08893192,FALSE
ridge_0.01,lagged,54,West Virginia,2022,14000000,13962920.376306875,14200000,14714285.714285715,277,2021,2016,l_lag_y + l_permits + l_highway + l_gdp,1.0049090528861213,0,-0.13188619781586824,0.15168824135754044,12237672.131362407,16250009.81578471,FALSE
ridge_0.01,lagged,55,Wisconsin,2022,27100000,26598792.157155395,25700000,25371428.57142857,277,2021,2016,l_lag_y + l_permits + l_highway + l_gdp,1.0049090528861213,0,-0.13188619781586824,0.15168824135754044,23312264.822612748,30955603.98491046,FALSE
ridge_0.01,lagged,56,Wyoming,2022,7160000,7344067.259591529,7440000,10761428.57142857,277,2021,2016,l_lag_y + l_permits + l_highway + l_gdp,1.0049090528861213,0,-0.13188619781586824,0.15168824135754044,6436639.672174773,8547006.058893722,FALSE
ridge_0.01,lagged,01,Alabama,2023,43300000,45048055.49125981,43600000,39562500,324,2022,2016,l_lag_y + l_permits + l_highway + l_gdp,1.004683847286586,0,-0.13188619781586824,0.15168824135754044,39481950.65216502,52426807.873024985,FALSE
ridge_0.01,lagged,02,Alaska,2023,589000,480751.4469468576,541000,1083500,324,2022,2016,l_lag_y + l_permits + l_highway + l_gdp,1.004683847286586,0,-0.13188619781586824,0.15168824135754044,421350.1492421896,559497.2628430495,FALSE
ridge_0.01,lagged,04,Arizona,2023,13400000,11919109.32741473,11200000,10727500,324,2022,2016,l_lag_y + l_permits + l_highway + l_gdp,1.004683847286586,0,-0.13188619781586824,0.15168824135754044,10446392.88313014,13871427.920949684,FALSE
ridge_0.01,lagged,05,Arkansas,2023,33000000,32544382.091309052,31800000,30462500,324,2022,2016,l_lag_y + l_permits + l_highway + l_gdp,1.004683847286586,0,-0.13188619781586824,0.15168824135754044,28523222.006409694,37875065.830053635,FALSE
ridge_0.01,lagged,06,California,2023,41500000,41715364.38242187,40400000,39625000,324,2022,2016,l_lag_y + l_permits + l_highway + l_gdp,1.004683847286586,0,-0.13188619781586824,0.15168824135754044,36561044.42295879,48548230.77224236,FALSE
ridge_0.01,lagged,08,Colorado,2023,15700000,17994947.84229139,17200000,16087500,324,2022,2016,l_lag_y + l_permits + l_highway + l_gdp,1.004683847286586,0,-0.13188619781586824,0.15168824135754044,15771505.228133053,20942472.719959185,FALSE
ridge_0.01,lagged,09,Connecticut,2023,11000000,10199927.978626505,10400000,9973750,324,2022,2016,l_lag_y + l_permits + l_highway + l_gdp,1.004683847286586,0,-0.13188619781586824,0.15168824135754044,8939632.32632545,11870649.212770028,FALSE
ridge_0.01,lagged,12,Florida,2023,95000000,97304677.9775973,91100000,79637500,324,2022,2016,l_lag_y + l_permits + l_highway + l_gdp,1.004683847286586,0,-0.13188619781586824,0.15168824135754044,85281783.02572201,113242926.9553671,FALSE
ridge_0.01,lagged,13,Georgia,2023,67300000,67800659.81590979,63400000,56225000,324,2022,2016,l_lag_y + l_permits + l_highway + l_gdp,1.004683847286586,0,-0.13188619781586824,0.15168824135754044,59423259.802087314,78906228.6278413,FALSE
ridge_0.01,lagged,15,Hawaii,2023,6260000,5619549.548457956,5570000,5403750,324,2022,2016,l_lag_y + l_permits + l_highway + l_gdp,1.004683847286586,0,-0.13188619781586824,0.15168824135754044,4925202.110059122,6540016.906325969,FALSE
ridge_0.01,lagged,16,Idaho,2023,5400000,5750841.228392027,5570000,4782500,324,2022,2016,l_lag_y + l_permits + l_highway + l_gdp,1.004683847286586,0,-0.13188619781586824,0.15168824135754044,5040271.485899386,6692813.816296161,FALSE
ridge_0.01,lagged,17,Illinois,2023,54200000,50216971.25238655,50700000,51062500,324,2022,2016,l_lag_y + l_permits + l_highway + l_gdp,1.004683847286586,0,-0.13188619781586824,0.15168824135754044,44012198.95656961,58442378.369137056,FALSE
ridge_0.01,lagged,18,Indiana,2023,55700000,56802398.10937308,55100000,50925000,324,2022,2016,l_lag_y + l_permits + l_highway + l_gdp,1.004683847286586,0,-0.13188619781586824,0.15168824135754044,49783935.280270204,66106480.73333516,FALSE
ridge_0.01,lagged,19,Iowa,2023,33500000,35517907.57384379,34900000,37975000,324,2022,2016,l_lag_y + l_permits + l_highway + l_gdp,1.004683847286586,0,-0.13188619781586824,0.15168824135754044,31129340.851809576,41335646.92458365,FALSE
ridge_0.01,lagged,20,Kansas,2023,18700000,19133794.22309459,19000000,17200000,324,2022,2016,l_lag_y + l_permits + l_highway + l_gdp,1.004683847286586,0,-0.13188619781586824,0.15168824135754044,16769636.581793647,22267859.126811825,FALSE
ridge_0.01,lagged,21,Kentucky,2023,55500000,55056303.795868754,53800000,51612500,324,2022,2016,l_lag_y + l_permits + l_highway + l_gdp,1.004683847286586,0,-0.13188619781586824,0.15168824135754044,48253587.10501591,64074380.787977174,FALSE
ridge_0.01,lagged,23,Maine,2023,4260000,4529462.120953629,4480000,4418750,324,2022,2016,l_lag_y + l_permits + l_highway + l_gdp,1.004683847286586,0,-0.13188619781586824,0.15168824135754044,3969805.0890351683,5271376.040403186,FALSE
ridge_0.01,lagged,24,Maryland,2023,23800000,24960817.878545772,24400000,24000000,324,2022,2016,l_lag_y + l_permits + l_highway + l_gdp,1.004683847286586,0,-0.13188619781586824,0.15168824135754044,21876677.449698772,29049333.850292005,FALSE
ridge_0.01,lagged,25,Massachusetts,2023,12300000,12942751.36769661,12800000,12887500,324,2022,2016,l_lag_y + l_permits + l_highway + l_gdp,1.004683847286586,0,-0.13188619781586824,0.15168824135754044,11343554.46045354,15062739.820905536,FALSE
ridge_0.01,lagged,26,Michigan,2023,34400000,37758384.74445488,37200000,35362500,324,2022,2016,l_lag_y + l_permits + l_highway + l_gdp,1.004683847286586,0,-0.13188619781586824,0.15168824135754044,33092986.29938127,43943108.33188715,FALSE
ridge_0.01,lagged,27,Minnesota,2023,8810000,8793420.561491113,8550000,8027500,324,2022,2016,l_lag_y + l_permits + l_highway + l_gdp,1.004683847286586,0,-0.13188619781586824,0.15168824135754044,7706911.938516085,10233759.599533591,FALSE
ridge_0.01,lagged,28,Mississippi,2023,2300000,1682838.0894613198,1700000,1831250,324,2022,2016,l_lag_y + l_permits + l_highway + l_gdp,1.004683847286586,0,-0.13188619781586824,0.15168824135754044,1474907.8440596946,1958482.5190671005,FALSE
ridge_0.01,lagged,29,Missouri,2023,86100000,88879233.47074081,85200000,76900000,324,2022,2016,l_lag_y + l_permits + l_highway + l_gdp,1.004683847286586,0,-0.13188619781586824,0.15168824135754044,77897380.2892531,103437416.91528334,FALSE
ridge_0.01,lagged,30,Montana,2023,2870000,2886127.941169582,2880000,2828750,324,2022,2016,l_lag_y + l_permits + l_highway + l_gdp,1.004683847286586,0,-0.13188619781586824,0.15168824135754044,2529520.0804216852,3358868.0669695935,FALSE
ridge_0.01,lagged,32,Nevada,2023,10000000,10427423.81067755,10100000,10743750,324,2022,2016,l_lag_y + l_permits + l_highway + l_gdp,1.004683847286586,0,-0.13188619781586824,0.15168824135754044,9139018.939502468,12135408.260608802,FALSE
ridge_0.01,lagged,33,New Hampshire,2023,5130000,5261208.2778955065,5150000,5326250,324,2022,2016,l_lag_y + l_permits + l_highway + l_gdp,1.004683847286586,0,-0.13188619781586824,0.15168824135754044,4611137.225200201,6122980.283104836,FALSE
ridge_0.01,lagged,34,New Jersey,2023,18700000,18301550.544426844,17800000,17575000,324,2022,2016,l_lag_y + l_permits + l_highway + l_gdp,1.004683847286586,0,-0.13188619781586824,0.15168824135754044,16040224.324296506,21299296.134042494,FALSE
ridge_0.01,lagged,35,New Mexico,2023,4480000,4854702.441534139,4810000,4613750,324,2022,2016,l_lag_y + l_permits + l_highway + l_gdp,1.004683847286586,0,-0.13188619781586824,0.15168824135754044,4254858.953119168,5649889.865554723,FALSE
ridge_0.01,lagged,36,New York,2023,42200000,42982604.05560584,42000000,39275000,324,2022,2016,l_lag_y + l_permits + l_highway + l_gdp,1.004683847286586,0,-0.13188619781586824,0.15168824135754044,37671704.887555815,50023040.95329404,FALSE
ridge_0.01,lagged,37,North Carolina,2023,66800000,66047293.07928362,62700000,57650000,324,2022,2016,l_lag_y + l_permits + l_highway + l_gdp,1.004683847286586,0,-0.13188619781586824,0.15168824135754044,57886537.77900125,76865665.05568248,FALSE
ridge_0.01,lagged,38,North Dakota,2023,410000,298212.6618355679,311000,456875,324,2022,2016,l_lag_y + l_permits + l_highway + l_gdp,1.004683847286586,0,-0.13188619781586824,0.15168824135754044,261365.7231159967,347059.10736568976,FALSE
ridge_0.01,lagged,39,Ohio,2023,73900000,78481738.72669233,75600000,66137500,324,2022,2016,l_lag_y + l_permits + l_highway + l_gdp,1.004683847286586,0,-0.13188619781586824,0.15168824135754044,68784592.40276343,91336840.02328457,FALSE
ridge_0.01,lagged,40,Oklahoma,2023,39500000,40615435.33299751,39900000,38287500,324,2022,2016,l_lag_y + l_permits + l_highway + l_gdp,1.004683847286586,0,-0.13188619781586824,0.15168824135754044,35597021.80363216,47268136.25275043,FALSE
ridge_0.01,lagged,41,Oregon,2023,23600000,25835174.647687163,24900000,21012500,324,2022,2016,l_lag_y + l_permits + l_highway + l_gdp,1.004683847286586,0,-0.13188619781586824,0.15168824135754044,22642999.33496471,30066907.94640695,FALSE
ridge_0.01,lagged,42,Pennsylvania,2023,88300000,92968806.87978953,91400000,90225000,324,2022,2016,l_lag_y + l_permits + l_highway + l_gdp,1.004683847286586,0,-0.13188619781586824,0.15168824135754044,81481648.99438722,108196851.63584363,FALSE
ridge_0.01,lagged,44,Rhode Island,2023,2400000,2371220.838380294,2490000,2158750,324,2022,2016,l_lag_y + l_permits + l_highway + l_gdp,1.004683847286586,0,-0.13188619781586824,0.15168824135754044,2078234.5232299825,2759620.5421651662,FALSE
ridge_0.01,lagged,45,South Carolina,2023,34700000,35703579.951092534,33800000,28787500,324,2022,2016,l_lag_y + l_permits + l_highway + l_gdp,1.004683847286586,0,-0.13188619781586824,0.15168824135754044,31292071.685717095,41551731.94630532,FALSE
ridge_0.01,lagged,46,South Dakota,2023,8150000,8036471.81150647,7790000,7177500,324,2022,2016,l_lag_y + l_permits + l_highway + l_gdp,1.004683847286586,0,-0.13188619781586824,0.15168824135754044,7043491.223299862,9352824.645684788,FALSE
ridge_0.01,lagged,47,Tennessee,2023,58900000,64764445.75521769,60500000,49387500,324,2022,2016,l_lag_y + l_permits + l_highway + l_gdp,1.004683847286586,0,-0.13188619781586824,0.15168824135754044,56762198.13346738,75372690.73180123,FALSE
ridge_0.01,lagged,48,Texas,2023,203000000,216040915.63086563,202000000,178250000,324,2022,2016,l_lag_y + l_permits + l_highway + l_gdp,1.004683847286586,0,-0.13188619781586824,0.15168824135754044,189347057.86449122,251427846.39592975,FALSE
ridge_0.01,lagged,49,Utah,2023,12100000,13882195.034761433,13400000,10722500,324,2022,2016,l_lag_y + l_permits + l_highway + l_gdp,1.004683847286586,0,-0.13188619781586824,0.15168824135754044,12166921.154066734,16156061.876733081,FALSE
ridge_0.01,lagged,50,Vermont,2023,5630000,5417780.276244034,5400000,5085000,324,2022,2016,l_lag_y + l_permits + l_highway + l_gdp,1.004683847286586,0,-0.13188619781586824,0.15168824135754044,4748363.301773181,6305198.360804249,FALSE
ridge_0.01,lagged,51,Virginia,2023,52000000,52721867.37101074,50800000,51125000,324,2022,2016,l_lag_y + l_permits + l_highway + l_gdp,1.004683847286586,0,-0.13188619781586824,0.15168824135754044,46207591.94003609,61357569.84901072,FALSE
ridge_0.01,lagged,53,Washington,2023,16000000,17343829.893781614,16700000,15650000,324,2022,2016,l_lag_y + l_permits + l_highway + l_gdp,1.004683847286586,0,-0.13188619781586824,0.15168824135754044,15200838.937846903,20184703.373048678,FALSE
ridge_0.01,lagged,54,West Virginia,2023,14600000,13589213.52726164,14000000,14625000,324,2022,2016,l_lag_y + l_permits + l_highway + l_gdp,1.004683847286586,0,-0.13188619781586824,0.15168824135754044,11910140.22767696,15815090.77295212,FALSE
ridge_0.01,lagged,55,Wisconsin,2023,27600000,27829918.185469873,27100000,25587500,324,2022,2016,l_lag_y + l_permits + l_highway + l_gdp,1.004683847286586,0,-0.13188619781586824,0.15168824135754044,24391273.817927517,32388385.201548014,FALSE
ridge_0.01,lagged,56,Wyoming,2023,8510000,7084736.184082931,7160000,10311250,324,2022,2016,l_lag_y + l_permits + l_highway + l_gdp,1.004683847286586,0,-0.13188619781586824,0.15168824135754044,6209351.354973381,8245197.238891888,FALSE
