state_fips,year,state,target_source_token,crushed_stone_sold_used_metric_tons,target_withheld,target_includes_agency_estimates,housing_units_authorized,housing_units_reported,permits_include_census_imputation,permits_universe_change,fhwa_state_token,highway_capital_outlays_nominal_thousand_usd,highway_construction_preservation_nominal_thousand_usd,fhwa_reported_year,fhwa_footnote,fhwa_year_matches,fhwa_provenance,construction_gdp_chained_2017_million_usd,total_gdp_chained_2017_million_usd,personal_income_nominal_million_usd,series_id,heavy_civil_employment_thousands,bls_months,industrial_distillate_price_per_mmbtu,industrial_electricity_price_per_mmbtu,industrial_natural_gas_price_per_mmbtu,industrial_energy_price_per_mmbtu,private_nonresidential_nominal_million_usd,private_nonresidential_nominal_million_usd_source_file,state_local_construction_nominal_million_usd,state_local_construction_nominal_million_usd_source_file,active_stone_mines,stone_mine_employees,stone_mine_employee_hours,stone_mine_operations,msha_no_qualifying_activity,msha_uses_current_commodity,msha_activity_not_rated_capacity,cpi_index,cpi_index_observations,mortgage_rate_pct,mortgage_rate_pct_observations,inflation_pct,cpi_2017_multiplier,highway_capital_outlays_2017_million_usd,highway_preservation_2017_million_usd,private_nonresidential_2017_million_usd,state_local_construction_2017_million_usd,industrial_energy_2017_usd_per_mmbtu,lag1_crushed_stone_sold_used_metric_tons,lag1_housing_units_authorized,lag1_highway_capital_outlays_2017_million_usd,lag1_construction_gdp_chained_2017_million_usd,lag1_heavy_civil_employment_thousands,lag1_industrial_energy_2017_usd_per_mmbtu,lag1_active_stone_mines,lag1_stone_mine_employee_hours,lag1_private_nonresidential_2017_million_usd,lag1_state_local_construction_2017_million_usd,lag1_source_year,target_observed,eligible_explanation,eligible_prediction,dataset_stage
01,2015,Alabama,35300000,35300000,FALSE,TRUE,14054,13096,TRUE,FALSE,Alabama,827758,764600,2015,,TRUE,legacy_parsed_archive; HTML footnotes verified; 2023 original reconciled,8009.1,208950.3,187474.7,SMU01000002023700001,15.508333333333333,12,13.63,17.68,3.98,7.74,2904,nrstatehs1,3569,slstatehs,68,659,1421475,68,FALSE,TRUE,TRUE,237.00175,12,3.850576923076923,52,0.12113723253701636,1.0342581858572777,856.1154874088485,790.7938089064745,3003.4857717295345,3691.267465324624,8.00515835853533,,,,,,,,,,,,TRUE,TRUE,FALSE,approved_gate1_design; model_choice_pending_gate2
01,2016,Alabama,37500000,37500000,FALSE,TRUE,15001,14278,TRUE,FALSE,Alabama,777419,736635,2016,,TRUE,legacy_parsed_archive; HTML footnotes verified; 2023 original reconciled,8509.7,212862.8,190871.8,SMU01000002023700001,16.125,12,12.02,17.71,3.69,7.3,3090,nrstatehs1,3392,slstatehs,70,697,1488612,70,FALSE,TRUE,TRUE,240.00541666666663,12,3.6540384615384616,52,1.2673605433996429,1.0213144495002715,793.9892580160515,752.3359695076325,3155.861648955839,3464.2986127049207,7.455595481351982,35300000,14054,856.1154874088485,8009.1,15.508333333333333,8.00515835853533,68,1421475,3003.4857717295345,3691.267465324624,2015,TRUE,TRUE,TRUE,approved_gate1_design; model_choice_pending_gate2
01,2017,Alabama,37600000,37600000,FALSE,TRUE,14799,13245,TRUE,FALSE,Alabama,792071,733694,2017,,TRUE,legacy_parsed_archive; HTML footnotes verified; 2023 original reconciled,8824.8,216615.5,197963.8,SMU01000002023700001,17.05,12,14.63,18.05,4.11,7.69,3156,nrstatehs1,2874,slstatehs,69,663,1440006,69,FALSE,TRUE,TRUE,245.121,12,3.989807692307693,52,2.1314449500271726,1,792.071,733.694,3156,2874,7.69,37500000,15001,793.9892580160515,8509.7,16.125,7.455595481351982,70,1488612,3155.861648955839,3464.2986127049207,2016,TRUE,TRUE,TRUE,approved_gate1_design; model_choice_pending_gate2
01,2018,Alabama,36900000,36900000,FALSE,TRUE,14824,13414,TRUE,FALSE,Alabama,1606033,25492,2018,,TRUE,legacy_parsed_archive; HTML footnotes verified; 2023 original reconciled,9193.6,220808.8,205674.2,SMU01000002023700001,17.241666666666667,12,17.98,17.62,4.11,7.72,4165,nrstatehs1,3360,slstatehs,74,677,1429150,74,FALSE,TRUE,TRUE,251.0995,12,4.544615384615384,52,2.438999514525486,0.9761907132431566,1567.7944997620466,24.88505366199455,4065.8343206577474,3280.0007964970064,7.536192306237169,37600000,14799,792.071,8824.8,17.05,7.69,69,1440006,3156,2874,2017,TRUE,TRUE,TRUE,approved_gate1_design; model_choice_pending_gate2
01,2019,Alabama,41100000,41100000,FALSE,TRUE,17748,17237,TRUE,FALSE,Alabama,1387759,930440,2019,,TRUE,legacy_parsed_archive; HTML footnotes verified; 2023 original reconciled,9821.6,225272.8,215151.8,SMU01000002023700001,17.575,12,16.59,17.44,3.84,7.5,4844,nrstatehs1,3802,slstatehs,75,731,1571504,75,FALSE,TRUE,TRUE,255.65258333333333,12,3.935769230769231,52,1.8132586219141489,0.958805097151701,1330.5904028181476,892.1106145938288,4644.45189060284,3645.3769793707675,7.191038228637757,36900000,14824,1567.7944997620466,9193.6,17.241666666666667,7.536192306237169,74,1429150,4065.8343206577474,3280.0007964970064,2018,TRUE,TRUE,TRUE,approved_gate1_design; model_choice_pending_gate2
01,2020,Alabama,40700000,40700000,FALSE,TRUE,19982,17023,TRUE,FALSE,Alabama,1153775,692566,2020,,TRUE,legacy_parsed_archive; HTML footnotes verified; 2023 original reconciled,10006.9,223025.5,230878.4,SMU01000002023700001,16.858333333333334,12,11.53,17.21,3.44,6.88,5855,nrstatehs1,3936,slstatehs,74,740,1545264,74,FALSE,TRUE,TRUE,258.85575,12,3.111698113207547,53,1.2529373358571627,0.9469405257561404,1092.556305104291,655.8188121608272,5544.336778302202,3727.157909376169,6.514950817202246,41100000,17748,1330.5904028181476,9821.6,17.575,7.191038228637757,75,1571504,4644.45189060284,3645.3769793707675,2019,TRUE,TRUE,TRUE,approved_gate1_design; model_choice_pending_gate2
01,2021,Alabama,43800000,43800000,FALSE,TRUE,22100,19686,TRUE,FALSE,Alabama,925510,591614,2021,,TRUE,legacy_parsed_archive; HTML footnotes verified; 2023 original reconciled,10365.4,233951.1,255682.3,SMU01000002023700001,16.958333333333332,12,17.74,18.54,4.71,8.11,5083,nrstatehs1,3025,slstatehs,76,752,1623449,76,FALSE,TRUE,TRUE,270.97341666666665,12,2.957692307692308,52,4.681242996018686,0.9045942698561144,837.2110426945324,535.1706343666552,4598.05267367863,2736.397666314746,7.336259528533087,40700000,19982,1092.556305104291,10006.9,16.858333333333334,6.514950817202246,74,1545264,5544.336778302202,3727.157909376169,2020,TRUE,TRUE,TRUE,approved_gate1_design; model_choice_pending_gate2
01,2022,Alabama,43600000,43600000,FALSE,TRUE,19499,16793,TRUE,FALSE,Alabama,1266049,1225238,2022,,TRUE,legacy_parsed_archive; HTML footnotes verified; 2023 original reconciled,9693.1,239846.6,262425.8,SMU01000002023700001,18.275,12,27.8,22.62,7.64,11.29,4657,nrstate,3949,slstate,78,797,1709666,78,FALSE,TRUE,TRUE,292.62641666666667,12,5.344038461538461,52,7.990820747791694,0.8376584820748412,1060.5166835723705,1026.3310032604143,3900.9755510225355,3307.9133457135476,9.457164262624955,43800000,22100,837.2110426945324,10365.4,16.958333333333332,7.336259528533087,76,1623449,4598.05267367863,2736.397666314746,2021,TRUE,TRUE,TRUE,approved_gate1_design; model_choice_pending_gate2
01,2023,Alabama,43300000,43300000,FALSE,TRUE,20337,17974,TRUE,TRUE,Alabama,968233,939928,2023,,TRUE,legacy_parsed_archive; HTML footnotes verified; 2023 original reconciled,9877.3,248313.7,279484.6,SMU01000002023700001,18.083333333333332,12,22.42,20.82,4.4,9.36,7006,nrstate,4841,slstate,80,831,1740619,80,FALSE,TRUE,TRUE,304.70300000000003,12,6.80673076923077,52,4.126962791295052,0.8044587680462614,778.9035263617358,756.1333209321864,5636.038128932108,3894.384896111951,7.529734068913006,43600000,19499,1060.5166835723705,9693.1,18.275,9.457164262624955,78,1709666,3900.9755510225355,3307.9133457135476,2022,TRUE,TRUE,TRUE,approved_gate1_design; model_choice_pending_gate2
02,2015,Alaska,1040000,1040000,FALSE,TRUE,1298,454,TRUE,FALSE,Alaska,792549,582065,2015,,TRUE,legacy_parsed_archive; HTML footnotes verified; 2023 original reconciled,2708.7,53681.1,41918.6,,,,21.58,42.57,6.85,22.07,475,nrstatehs1,3263,slstatehs,27,108,88933,27,FALSE,TRUE,TRUE,237.00175,12,3.850576923076923,52,0.12113723253701636,1.0342581858572777,819.7002909429996,602.0054909510164,491.2726382822069,3374.784460452297,22.826078161870118,,,,,,,,,,,,TRUE,TRUE,FALSE,approved_gate1_design; model_choice_pending_gate2
02,2016,Alaska,760000,760000,FALSE,TRUE,1503,558,TRUE,FALSE,Alaska,899986,786625,2016,,TRUE,legacy_parsed_archive; HTML footnotes verified; 2023 original reconciled,2550.2,53463.9,41285.5,,,,16.37,44.6,5.05,18.73,224,nrstatehs1,2618,slstatehs,20,80,90436,20,FALSE,TRUE,TRUE,240.00541666666663,12,3.6540384615384616,52,1.2673605433996429,1.0213144495002715,919.1687061479513,803.3914788381511,228.7744366880608,2673.801228791711,19.129219639140086,1040000,1298,819.7002909429996,2708.7,,22.826078161870118,27,88933,491.2726382822069,3374.784460452297,2015,TRUE,TRUE,TRUE,approved_gate1_design; model_choice_pending_gate2
02,2017,Alaska,1050000,1050000,FALSE,TRUE,1539,486,TRUE,FALSE,Alaska  3/,899986,786625,2016,3,FALSE,legacy_parsed_archive; HTML footnotes verified; 2023 original reconciled,2445,53550.9,41919.4,,,,17.63,47.89,4.69,20.16,236,nrstatehs1,1586,slstatehs,24,102,120197,24,FALSE,TRUE,TRUE,245.121,12,3.989807692307693,52,2.1314449500271726,1,,,236,1586,20.16,760000,1503,919.1687061479513,2550.2,,19.129219639140086,20,90436,228.7744366880608,2673.801228791711,2016,TRUE,FALSE,TRUE,approved_gate1_design; model_choice_pending_gate2
02,2018,Alaska,1400000,1400000,FALSE,TRUE,1677,564,TRUE,FALSE,Alaska,711226,559333,2018,,TRUE,legacy_parsed_archive; HTML footnotes verified; 2023 original reconciled,2500.5,52479.6,43522.7,,,,20.66,50.13,5.97,24.41,352,nrstatehs1,1352,slstatehs,22,109,180021,22,FALSE,TRUE,TRUE,251.0995,12,4.544615384615384,52,2.438999514525486,0.9761907132431566,694.2922162170773,546.0156802104345,343.61913106159113,1319.8098443047477,23.828815310265455,1050000,1539,,2445,,20.16,24,120197,236,1586,2017,TRUE,TRUE,FALSE,approved_gate1_design; model_choice_pending_gate2
02,2019,Alaska,1540000,1540000,FALSE,TRUE,1680,621,TRUE,FALSE,Alaska,767574,612999,2019,,TRUE,legacy_parsed_archive; HTML footnotes verified; 2023 original reconciled,2560,52377.5,44459.7,,,,16.63,49.66,5.95,20.89,494,nrstatehs1,1494,slstatehs,20,125,179097,20,FALSE,TRUE,TRUE,255.65258333333333,12,3.935769230769231,52,1.8132586219141489,0.958805097151701,735.9538636411197,587.7465657488956,473.64971799294034,1432.4548151446413,20.029438479499035,1400000,1677,694.2922162170773,2500.5,,23.828815310265455,22,180021,343.61913106159113,1319.8098443047477,2018,TRUE,TRUE,TRUE,approved_gate1_design; model_choice_pending_gate2
02,2020,Alaska,1530000,1530000,FALSE,TRUE,1420,535,TRUE,FALSE,Alaska,608948,484978,2020,,TRUE,legacy_parsed_archive; HTML footnotes verified; 2023 original reconciled,2467.7,50901.3,45375.8,,,,11.61,46.56,4.91,17.98,273,nrstatehs1,1232,slstatehs,22,110,111102,22,FALSE,TRUE,TRUE,258.85575,12,3.111698113207547,53,1.2529373358571627,0.9469405257561404,576.6375392781501,459.2453223001615,258.51476353142635,1166.630727731565,17.025990653095405,1540000,1680,735.9538636411197,2560,,20.029438479499035,20,179097,473.64971799294034,1432.4548151446413,2019,TRUE,TRUE,TRUE,approved_gate1_design; model_choice_pending_gate2
02,2021,Alaska,807000,807000,FALSE,TRUE,1552,383,TRUE,FALSE,Alaska,724483,569206,2021,,TRUE,legacy_parsed_archive; HTML footnotes verified; 2023 original reconciled,2374.9,51764,48327.1,,,,17.52,49.39,5.3,16.26,201,nrstatehs1,1537,slstatehs,18,90,66807,18,FALSE,TRUE,TRUE,270.97341666666665,12,2.957692307692308,52,4.681242996018686,0.9045942698561144,655.3631704081672,514.9004859677194,181.82344824107898,1390.3613927688477,14.70870282786042,1530000,1420,576.6375392781501,2467.7,,17.025990653095405,22,111102,258.51476353142635,1166.630727731565,2020,TRUE,TRUE,TRUE,approved_gate1_design; model_choice_pending_gate2
02,2022,Alaska,541000,541000,FALSE,TRUE,578,538,TRUE,FALSE,Alaska,702933,553468,2022,,TRUE,legacy_parsed_archive; HTML footnotes verified; 2023 original reconciled,2106.8,50509.1,50793.7,,,,30.07,54.02,6.84,15.95,659,nrstate,1389,slstate,19,66,47882,19,FALSE,TRUE,TRUE,292.62641666666667,12,5.344038461538461,52,7.990820747791694,0.8376584820748412,588.8177897803143,463.61716475699814,552.0169396873204,1163.5076316019545,13.360652789093717,807000,1552,655.3631704081672,2374.9,,14.70870282786042,18,66807,181.82344824107898,1390.3613927688477,2021,TRUE,TRUE,TRUE,approved_gate1_design; model_choice_pending_gate2
02,2023,Alaska,589000,589000,FALSE,TRUE,937,894,TRUE,TRUE,Alaska,778710,682923,2023,,TRUE,legacy_parsed_archive; HTML footnotes verified; 2023 original reconciled,2224.5,54183.8,53322,,,,27.21,54.81,6.54,14.74,483,nrstate,1949,slstate,19,72,60315,19,FALSE,TRUE,TRUE,304.70300000000003,12,6.80673076923077,52,4.126962791295052,0.8044587680462614,626.4400872653042,549.3833952504569,388.55358496634426,1567.8901389221635,11.857722241001893,541000,578,588.8177897803143,2106.8,,13.360652789093717,19,47882,552.0169396873204,1163.5076316019545,2022,TRUE,TRUE,TRUE,approved_gate1_design; model_choice_pending_gate2
04,2015,Arizona,10300000,10300000,FALSE,TRUE,28910,28216,TRUE,FALSE,Arizona,786634,639113,2015,,TRUE,legacy_parsed_archive; HTML footnotes verified; 2023 original reconciled,12776.5,308582.8,267474.1,SMU04000002023700001,14.858333333333334,12,15.03,18.36,6.49,15.17,3498,nrstatehs1,2817,slstatehs,63,515,1013293,63,FALSE,TRUE,TRUE,237.00175,12,3.850576923076923,52,0.12113723253701636,1.0342581858572777,813.5826537736538,661.0078519378023,3617.8351341287575,2913.5053095599515,15.689696679454903,,,,,,,,,,,,TRUE,TRUE,FALSE,approved_gate1_design; model_choice_pending_gate2
04,2016,Arizona,9410000,9410000,FALSE,TRUE,35578,34891,TRUE,FALSE,Arizona,1054975,710522,2016,,TRUE,legacy_parsed_archive; HTML footnotes verified; 2023 original reconciled,13918.7,319008.4,279696.7,SMU04000002023700001,14.383333333333333,12,12.97,17.78,5.56,13.86,4006,nrstatehs1,2824,slstatehs,64,513,1026507,64,FALSE,TRUE,TRUE,240.00541666666663,12,3.6540384615384616,52,1.2673605433996429,1.0213144495002715,1077.4612113615487,725.666385287832,4091.3856846980875,2884.1920053887666,14.155418270073762,10300000,28910,813.5826537736538,12776.5,14.858333333333334,15.689696679454903,63,1013293,3617.8351341287575,2913.5053095599515,2015,TRUE,TRUE,TRUE,approved_gate1_design; model_choice_pending_gate2
04,2017,Arizona,9810000,9810000,FALSE,TRUE,39472,39208,TRUE,FALSE,Arizona,996308,746996,2017,,TRUE,legacy_parsed_archive; HTML footnotes verified; 2023 original reconciled,15520.3,333099,297261.5,SMU04000002023700001,15.391666666666666,12,15.45,18.91,6.19,14.98,3944,nrstatehs1,4253,slstatehs,64,507,965443,64,FALSE,TRUE,TRUE,245.121,12,3.989807692307693,52,2.1314449500271726,1,996.308,746.996,3944,4253,14.98,9410000,35578,1077.4612113615487,13918.7,14.383333333333333,14.155418270073762,64,1026507,4091.3856846980875,2884.1920053887666,2016,TRUE,TRUE,TRUE,approved_gate1_design; model_choice_pending_gate2
04,2018,Arizona,11800000,11800000,FALSE,TRUE,41664,40228,TRUE,FALSE,Arizona,1106242,848157,2018,,TRUE,legacy_parsed_archive; HTML footnotes verified; 2023 original reconciled,17030.5,346398.3,315459,SMU04000002023700001,17.116666666666667,12,18.72,19.19,5.75,16.2,5685,nrstatehs1,4169,slstatehs,62,505,968167,62,FALSE,TRUE,TRUE,251.0995,12,4.544615384615384,52,2.438999514525486,0.9761907132431566,1079.903166999536,827.962986772176,5549.644204787345,4069.73908351072,15.814289554539137,9810000,39472,996.308,15520.3,15.391666666666666,14.98,64,965443,3944,4253,2017,TRUE,TRUE,TRUE,approved_gate1_design; model_choice_pending_gate2
04,2019,Arizona,10900000,10900000,FALSE,TRUE,46580,44983,TRUE,FALSE,Arizona,1375627,1234567,2019,,TRUE,legacy_parsed_archive; HTML footnotes verified; 2023 original reconciled,18334.7,359576.7,337257.2,SMU04000002023700001,19.225,12,17.57,18.4,3.99,15.68,8287,nrstatehs1,4596,slstatehs,62,505,990933,62,FALSE,TRUE,TRUE,255.65258333333333,12,3.935769230769231,52,1.8132586219141489,0.958805097151701,1318.958179379503,1183.709132375284,7945.617840096146,4406.668226509218,15.034063923338673,11800000,41664,1079.903166999536,17030.5,17.116666666666667,15.814289554539137,62,968167,5549.644204787345,4069.73908351072,2018,TRUE,TRUE,TRUE,approved_gate1_design; model_choice_pending_gate2
04,2020,Arizona,11000000,11000000,FALSE,TRUE,60342,57092,TRUE,FALSE,Arizona,1084251,902722,2020,,TRUE,legacy_parsed_archive; HTML footnotes verified; 2023 original reconciled,19960.8,366588,374282.4,SMU04000002023700001,20.558333333333337,12,12.26,17.79,3.84,13.78,9581,nrstatehs1,5197,slstatehs,59,491,948101,59,FALSE,TRUE,TRUE,258.85575,12,3.111698113207547,53,1.2529373358571627,0.9469405257561404,1026.721211991621,854.8240452916345,9072.637177269582,4921.249912354661,13.048840444919614,10900000,46580,1318.958179379503,18334.7,19.225,15.034063923338673,62,990933,7945.617840096146,4406.668226509218,2019,TRUE,TRUE,TRUE,approved_gate1_design; model_choice_pending_gate2
04,2021,Arizona,11400000,11400000,FALSE,TRUE,65334,61372,TRUE,FALSE,Arizona,857953,667115,2021,,TRUE,legacy_parsed_archive; HTML footnotes verified; 2023 original reconciled,20707.7,396457.5,415893.1,SMU04000002023700001,20.083333333333332,12,18.5,19.89,6.2,16.92,14250,nrstatehs1,4398,slstatehs,60,514,991799,60,FALSE,TRUE,TRUE,270.97341666666665,12,2.957692307692308,52,4.681242996018686,0.9045942698561144,776.0993676058629,603.4684063350618,12890.46834544963,3978.4055988271907,15.305735045965456,11000000,60342,1026.721211991621,19960.8,20.558333333333337,13.048840444919614,59,948101,9072.637177269582,4921.249912354661,2020,TRUE,TRUE,TRUE,approved_gate1_design; model_choice_pending_gate2
04,2022,Arizona,11200000,11200000,FALSE,TRUE,61531,57835,TRUE,FALSE,Arizona,907115,711386,2022,,TRUE,legacy_parsed_archive; HTML footnotes verified; 2023 original reconciled,21122.8,413798.8,435718.7,SMU04000002023700001,22.316666666666663,12,28.76,23.05,7.25,22.29,33105,nrstate,4526,slstate,57,521,1046952,57,FALSE,TRUE,TRUE,292.62641666666667,12,5.344038461538461,52,7.990820747791694,0.8376584820748412,759.8525739673196,595.8985169292929,27730.684049087617,3791.242289870731,18.67140756544821,11400000,65334,776.0993676058629,20707.7,20.083333333333332,15.305735045965456,60,991799,12890.46834544963,3978.4055988271907,2021,TRUE,TRUE,TRUE,approved_gate1_design; model_choice_pending_gate2
04,2023,Arizona,13400000,13400000,FALSE,TRUE,58433,53980,TRUE,TRUE,Arizona,1045462,849750,2023,,TRUE,legacy_parsed_archive; HTML footnotes verified; 2023 original reconciled,22526.2,427644,471040.2,SMU04000002023700001,24.45,12,24.48,23.76,6.78,20.79,46279,nrstate,4888,slstate,56,462,858649,56,FALSE,TRUE,TRUE,304.70300000000003,12,6.80673076923077,52,4.126962791295052,0.8044587680462614,841.0310725591805,683.5888381473106,37229.54732641293,3932.1944582101255,16.724697787681773,11200000,61531,759.8525739673196,21122.8,22.316666666666663,18.67140756544821,57,1046952,27730.684049087617,3791.242289870731,2022,TRUE,TRUE,TRUE,approved_gate1_design; model_choice_pending_gate2
05,2015,Arkansas,27800000,27800000,FALSE,TRUE,8500,7801,TRUE,FALSE,Arkansas,853322,724009,2015,,TRUE,legacy_parsed_archive; HTML footnotes verified; 2023 original reconciled,4550.6,121532.5,116632.4,,,,13.96,18.25,6.82,9.97,2654,nrstatehs1,1976,slstatehs,91,856,1793323,91,FALSE,TRUE,TRUE,237.00175,12,3.850576923076923,52,0.12113723253701636,1.0342581858572777,882.5552636721039,748.8122348843418,2744.921225265215,2043.6941752539808,10.31155411299706,,,,,,,,,,,,TRUE,TRUE,FALSE,approved_gate1_design; model_choice_pending_gate2
05,2016,Arkansas,29400000,29400000,FALSE,TRUE,9474,8260,TRUE,FALSE,Arkansas,927320,785039,2016,,TRUE,legacy_parsed_archive; HTML footnotes verified; 2023 original reconciled,4698.3,123034.9,119758.8,,,,12.31,17.81,5.71,9.17,2319,nrstatehs1,2816,slstatehs,94,836,1775837,94,FALSE,TRUE,TRUE,240.00541666666663,12,3.6540384615384616,52,1.2673605433996429,1.0213144495002715,947.0853153105918,801.7716741212437,2368.42820839113,2876.0214897927644,9.36545350191749,27800000,8500,882.5552636721039,4550.6,,10.31155411299706,91,1793323,2744.921225265215,2043.6941752539808,2015,TRUE,TRUE,TRUE,approved_gate1_design; model_choice_pending_gate2
05,2017,Arkansas,30900000,30900000,FALSE,TRUE,10795,9583,TRUE,FALSE,Arkansas,1225591,1073072,2017,,TRUE,legacy_parsed_archive; HTML footnotes verified; 2023 original reconciled,4819.6,123882.6,123825.4,,,,14.98,17.8,6.55,9.56,2155,nrstatehs1,2586,slstatehs,89,822,1775624,89,FALSE,TRUE,TRUE,245.121,12,3.989807692307693,52,2.1314449500271726,1,1225.591,1073.072,2155,2586,9.56,29400000,9474,947.0853153105918,4698.3,,9.36545350191749,94,1775837,2368.42820839113,2876.0214897927644,2016,TRUE,TRUE,TRUE,approved_gate1_design; model_choice_pending_gate2
05,2018,Arkansas,29000000,29000000,FALSE,TRUE,10179,8287,TRUE,FALSE,Arkansas,1200279,1060915,2018,,TRUE,legacy_parsed_archive; HTML footnotes verified; 2023 original reconciled,4762.3,126371.2,128970.8,,,,18.41,16.53,6.69,9.86,2257,nrstatehs1,3491,slstatehs,87,823,1724492,87,FALSE,TRUE,TRUE,251.0995,12,4.544615384615384,52,2.438999514525486,0.9761907132431566,1171.7012131007828,1035.6553705403635,2203.2624397898044,3407.88177993186,9.625240432577524,30900000,10795,1225.591,4819.6,,9.56,89,1775624,2155,2586,2017,TRUE,TRUE,TRUE,approved_gate1_design; model_choice_pending_gate2
05,2019,Arkansas,29600000,29600000,FALSE,TRUE,12723,11184,TRUE,FALSE,Arkansas,919783,802429,2019,,TRUE,legacy_parsed_archive; HTML footnotes verified; 2023 original reconciled,4859.8,127220,131394.8,,,,16.98,17.97,6.17,9.86,3345,nrstatehs1,2223,slstatehs,88,784,1647083,88,FALSE,TRUE,TRUE,255.65258333333333,12,3.935769230769231,52,1.8132586219141489,0.958805097151701,881.892628673483,769.3730153023423,3207.20304997244,2131.423730968231,9.453818257915772,29000000,10179,1171.7012131007828,4762.3,,9.625240432577524,87,1724492,2203.2624397898044,3407.88177993186,2018,TRUE,TRUE,TRUE,approved_gate1_design; model_choice_pending_gate2
05,2020,Arkansas,31100000,31100000,FALSE,TRUE,12493,10392,TRUE,FALSE,Arkansas,1025919,880060,2020,,TRUE,legacy_parsed_archive; HTML footnotes verified; 2023 original reconciled,4970.9,128395.6,142072.2,,,,11.8,17.27,6.17,9.47,2820,nrstatehs1,2913,slstatehs,86,825,1706905,86,FALSE,TRUE,TRUE,258.85575,12,3.111698113207547,53,1.2529373358571627,0.9469405257561404,971.4842772432139,833.3644790969489,2670.372282632316,2758.437751527637,8.967526778910651,29600000,12723,881.892628673483,4859.8,,9.453818257915772,88,1647083,3207.20304997244,2131.423730968231,2019,TRUE,TRUE,TRUE,approved_gate1_design; model_choice_pending_gate2
05,2021,Arkansas,34100000,34100000,FALSE,TRUE,14198,11960,TRUE,FALSE,Arkansas,1322702,1153190,2021,,TRUE,legacy_parsed_archive; HTML footnotes verified; 2023 original reconciled,5200.5,137634.8,161493.9,,,,18.17,19.24,7.65,11.61,2553,nrstatehs1,2827,slstatehs,87,836,1746039,87,FALSE,TRUE,TRUE,270.97341666666665,12,2.957692307692308,52,4.681242996018686,0.9045942698561144,1196.5086499272222,1043.1690660553725,2309.4291709426598,2557.2880008832353,10.502339473029487,31100000,12493,971.4842772432139,4970.9,,8.967526778910651,86,1706905,2670.372282632316,2758.437751527637,2020,TRUE,TRUE,TRUE,approved_gate1_design; model_choice_pending_gate2
05,2022,Arkansas,31800000,31800000,FALSE,TRUE,14364,12246,TRUE,FALSE,Arkansas,1400824,1236278,2022,,TRUE,legacy_parsed_archive; HTML footnotes verified; 2023 original reconciled,4986.8,138672,163688.6,,,,28.46,21.63,10.3,14.77,3634,nrstate,3145,slstate,88,844,1773151,88,FALSE,TRUE,TRUE,292.62641666666667,12,5.344038461538461,52,7.990820747791694,0.8376584820748412,1173.4121054940074,1035.5787529025206,3044.050923859973,2634.4359261253753,12.372215780245403,34100000,14198,1196.5086499272222,5200.5,,10.502339473029487,87,1746039,2309.4291709426598,2557.2880008832353,2021,TRUE,TRUE,TRUE,approved_gate1_design; model_choice_pending_gate2
05,2023,Arkansas,33000000,33000000,FALSE,TRUE,12842,10821,TRUE,TRUE,Arkansas,1460931,1232014,2023,,TRUE,legacy_parsed_archive; HTML footnotes verified; 2023 original reconciled,5243.3,141968,173568.3,,,,22.96,20.12,9.27,13.45,6047,nrstate,4853,slstate,92,806,1679366,92,FALSE,TRUE,TRUE,304.70300000000003,12,6.80673076923077,52,4.126962791295052,0.8044587680462614,1175.2587524605926,991.1044646557466,4864.562170375742,3904.0384013285066,10.819970430222215,31800000,14364,1173.4121054940074,4986.8,,12.372215780245403,88,1773151,3044.050923859973,2634.4359261253753,2022,TRUE,TRUE,TRUE,approved_gate1_design; model_choice_pending_gate2
06,2015,California,38200000,38200000,FALSE,TRUE,98188,93924,TRUE,FALSE,California,3065850,2306604,2015,,TRUE,legacy_parsed_archive; HTML footnotes verified; 2023 original reconciled,97403.7,2545979.5,2097049.6,SMU06000002023700001,80.54166666666667,12,15.3,35.65,6.18,13.4,19908,nrstatehs1,32749,slstatehs,117,984,1796176,117,FALSE,TRUE,TRUE,237.00175,12,3.850576923076923,52,0.12113723253701636,1.0342581858572777,3170.8804591105345,2385.62406853114,20590.011964046684,33870.92132863999,13.859059690487522,,,,,,,,,,,,TRUE,TRUE,FALSE,approved_gate1_design; model_choice_pending_gate2
06,2016,California,37100000,37100000,FALSE,TRUE,102350,97359,TRUE,FALSE,California,2212144,1585578,2016,,TRUE,legacy_parsed_archive; HTML footnotes verified; 2023 original reconciled,104378.3,2623711.7,2191138,SMU06000002023700001,82.15833333333333,12,13.21,34.94,6.56,12.86,26305,nrstatehs1,30438,slstatehs,118,991,1866024,118,FALSE,TRUE,TRUE,240.00541666666663,12,3.6540384615384616,52,1.2673605433996429,1.0213144495002715,2259.2946315753284,1619.3737222097416,26865.676594104643,31086.769213889263,13.134103820573491,38200000,98188,3170.8804591105345,97403.7,80.54166666666667,13.859059690487522,117,1796176,20590.011964046684,33870.92132863999,2015,TRUE,TRUE,TRUE,approved_gate1_design; model_choice_pending_gate2
06,2017,California,39700000,39700000,FALSE,TRUE,114780,108549,TRUE,FALSE,California,1865537,1317826,2017,,TRUE,legacy_parsed_archive; HTML footnotes verified; 2023 original reconciled,110699.1,2740550.3,2295048.7,SMU06000002023700001,85.11666666666666,12,15.69,37.31,6.81,13.65,30230,nrstatehs1,32872,slstatehs,121,1061,2019858,121,FALSE,TRUE,TRUE,245.121,12,3.989807692307693,52,2.1314449500271726,1,1865.537,1317.826,30230,32872,13.65,37100000,102350,2259.2946315753284,104378.3,82.15833333333333,13.134103820573491,118,1866024,26865.676594104643,31086.769213889263,2016,TRUE,TRUE,TRUE,approved_gate1_design; model_choice_pending_gate2
06,2018,California,41100000,41100000,FALSE,TRUE,113502,106896,TRUE,FALSE,California,4578573,3114875,2018,,TRUE,legacy_parsed_archive; HTML footnotes verified; 2023 original reconciled,116056.6,2850970.3,2411055.1,SMU06000002023700001,90.03333333333333,12,19.01,38.69,6.89,14.58,30416,nrstatehs1,37287,slstatehs,116,1067,2036583,116,FALSE,TRUE,TRUE,251.0995,12,4.544615384615384,52,2.438999514525486,0.9761907132431566,4469.56044250586,3040.7120479132777,29691.816734003853,36399.22312469758,14.232860599085225,39700000,114780,1865.537,110699.1,85.11666666666666,13.65,121,2019858,30230,32872,2017,TRUE,TRUE,TRUE,approved_gate1_design; model_choice_pending_gate2
06,2019,California,41900000,41900000,FALSE,TRUE,110197,106133,TRUE,FALSE,California,4513968,2944955,2019,,TRUE,legacy_parsed_archive; HTML footnotes verified; 2023 original reconciled,119243.5,2969609,2539747.4,SMU06000002023700001,92.38333333333333,12,17.84,39.27,7.44,14.76,25729,nrstatehs1,41249,slstatehs,117,1087,2023657,117,FALSE,TRUE,TRUE,255.65258333333333,12,3.935769230769231,52,1.8132586219141489,0.958805097151701,4328.01552677967,2823.6378648823875,24669.096344616115,39549.75145241051,14.151963233959107,41100000,113502,4469.56044250586,116056.6,90.03333333333333,14.232860599085225,116,2036583,29691.816734003853,36399.22312469758,2018,TRUE,TRUE,TRUE,approved_gate1_design; model_choice_pending_gate2
06,2020,California,40300000,40300000,FALSE,TRUE,106075,94957,TRUE,FALSE,California,5166858,3479383,2020,,TRUE,legacy_parsed_archive; HTML footnotes verified; 2023 original reconciled,113508.9,2930654.6,2770488.8,SMU06000002023700001,91.65,12,12.45,41.82,7.3,14.58,22429,nrstatehs1,44735,slstatehs,116,1051,1934011,116,FALSE,TRUE,TRUE,258.85575,12,3.111698113207547,53,1.2529373358571627,0.9469405257561404,4892.707231027321,3294.768767326977,21238.929052184474,42361.38441970094,13.806392865524527,41900000,110197,4328.01552677967,119243.5,92.38333333333333,14.151963233959107,117,2023657,24669.096344616115,39549.75145241051,2019,TRUE,TRUE,TRUE,approved_gate1_design; model_choice_pending_gate2
06,2021,California,38300000,38300000,FALSE,TRUE,119436,113698,TRUE,FALSE,California,5574533,3973153,2021,,TRUE,legacy_parsed_archive; HTML footnotes verified; 2023 original reconciled,114963.6,3151112.5,3019215.7,SMU06000002023700001,94.4,12,18.79,43.43,9.43,17.26,24497,nrstatehs1,45622,slstatehs,111,1001,1862082,111,FALSE,TRUE,TRUE,270.97341666666665,12,2.957692307692308,52,4.681242996018686,0.9045942698561144,5042.690608923815,3594.09143706163,22159.845828665235,41269.39977937565,15.613297097716535,40300000,106075,4892.707231027321,113508.9,91.65,13.806392865524527,116,1934011,21238.929052184474,42361.38441970094,2020,TRUE,TRUE,TRUE,approved_gate1_design; model_choice_pending_gate2
06,2022,California,40400000,40400000,FALSE,TRUE,120780,116409,TRUE,FALSE,California,5487338,3673492,2022,,TRUE,legacy_parsed_archive; HTML footnotes verified; 2023 original reconciled,106070.6,3147211.4,3021645.5,SMU06000002023700001,96.65,12,29.21,50.08,13.27,23.13,33989,nrstate,45931,slstate,109,1020,1975358,109,FALSE,TRUE,TRUE,292.62641666666667,12,5.344038461538461,52,7.990820747791694,0.8376584820748412,4596.515219711595,3077.1317326340727,28471.174147241778,38474.49174017953,19.375040690391074,38300000,119436,5042.690608923815,114963.6,94.4,15.613297097716535,111,1862082,22159.845828665235,41269.39977937565,2021,TRUE,TRUE,TRUE,approved_gate1_design; model_choice_pending_gate2
06,2023,California,41500000,41500000,FALSE,TRUE,111760,105183,TRUE,TRUE,California,5541301,3646092,2023,,TRUE,legacy_parsed_archive; HTML footnotes verified; 2023 original reconciled,101578.9,3204016.4,3182779.3,SMU06000002023700001,96.90833333333332,12,24.87,54.63,13.61,22.71,35930,nrstate,46676,slstate,109,1067,2062269,109,FALSE,TRUE,TRUE,304.70300000000003,12,6.80673076923077,52,4.126962791295052,0.8044587680462614,4457.748175833516,2933.1306785033294,28904.203535902172,37548.9174573273,18.269258622330597,40400000,120780,4596.515219711595,106070.6,96.65,19.375040690391074,109,1975358,28471.174147241778,38474.49174017953,2022,TRUE,TRUE,TRUE,approved_gate1_design; model_choice_pending_gate2
08,2015,Colorado,14900000,14900000,FALSE,TRUE,31871,31040,TRUE,FALSE,Colorado,924589,862883,2015,,TRUE,legacy_parsed_archive; HTML footnotes verified; 2023 original reconciled,18169.9,330526.1,279696,SMU08000002023700001,22.883333333333333,12,14.46,21.69,5.44,13.32,5821,nrstatehs1,4717,slstatehs,41,405,809368,41,FALSE,TRUE,TRUE,237.00175,12,3.850576923076923,52,0.12113723253701636,1.0342581858572777,956.2637418035946,892.4438061870853,6020.416899875214,4878.595862688779,13.77631903561894,,,,,,,,,,,,TRUE,TRUE,FALSE,approved_gate1_design; model_choice_pending_gate2
08,2016,Colorado,15400000,15400000,FALSE,TRUE,38974,37621,TRUE,FALSE,Colorado,1130916,1037429,2016,,TRUE,legacy_parsed_archive; HTML footnotes verified; 2023 original reconciled,19568.7,337685.2,283678.7,SMU08000002023700001,21.583333333333332,12,11.63,21.54,4.62,12.16,7040,nrstatehs1,5323,slstatehs,43,437,864569,43,FALSE,TRUE,TRUE,240.00541666666663,12,3.6540384615384616,52,1.2673605433996429,1.0213144495002715,1155.020851971049,1059.5412280306173,7190.053724481912,5436.4568146899455,12.419183705923302,14900000,31871,956.2637418035946,18169.9,22.883333333333333,13.77631903561894,41,809368,6020.416899875214,4878.595862688779,2015,TRUE,TRUE,TRUE,approved_gate1_design; model_choice_pending_gate2
08,2017,Colorado,15500000,15500000,FALSE,TRUE,40673,39654,TRUE,FALSE,Colorado,959208,797582,2017,,TRUE,legacy_parsed_archive; HTML footnotes verified; 2023 original reconciled,20895.7,350209.1,303366.7,SMU08000002023700001,22.141666666666666,12,14.35,21.99,5.27,12.82,7424,nrstatehs1,7190,slstatehs,44,458,926039,44,FALSE,TRUE,TRUE,245.121,12,3.989807692307693,52,2.1314449500271726,1,959.208,797.582,7424,7190,12.82,15400000,38974,1155.020851971049,19568.7,21.583333333333332,12.419183705923302,43,864569,7190.053724481912,5436.4568146899455,2016,TRUE,TRUE,TRUE,approved_gate1_design; model_choice_pending_gate2
08,2018,Colorado,14800000,14800000,FALSE,TRUE,42627,41151,TRUE,FALSE,Colorado,1108022,979071,2018,,TRUE,legacy_parsed_archive; HTML footnotes verified; 2023 original reconciled,22141.5,365204.5,328112.7,SMU08000002023700001,24.525,12,17.97,21.89,4.93,13.63,6555,nrstatehs1,6807,slstatehs,44,432,833946,44,FALSE,TRUE,TRUE,251.0995,12,4.544615384615384,52,2.438999514525486,0.9761907132431566,1081.640786469109,955.7600178056906,6398.930125308892,6644.930185046167,13.305479421504225,15500000,40673,959.208,20895.7,22.141666666666666,12.82,44,926039,7424,7190,2017,TRUE,TRUE,TRUE,approved_gate1_design; model_choice_pending_gate2
08,2019,Colorado,16600000,16600000,FALSE,TRUE,38633,38156,TRUE,FALSE,Colorado,1051281,931436,2019,,TRUE,legacy_parsed_archive; HTML footnotes verified; 2023 original reconciled,22811.9,383725.6,351476,SMU08000002023700001,27,12,16.11,21.68,4.97,13.14,6158,nrstatehs1,5663,slstatehs,41,403,794904,41,FALSE,TRUE,TRUE,255.65258333333333,12,3.935769230769231,52,1.8132586219141489,0.958805097151701,1007.9735813387374,893.0655844705918,5904.321788260175,5429.713265170083,12.598698976573353,14800000,42627,1081.640786469109,22141.5,24.525,13.305479421504225,44,833946,6398.930125308892,6644.930185046167,2018,TRUE,TRUE,TRUE,approved_gate1_design; model_choice_pending_gate2
08,2020,Colorado,17300000,17300000,FALSE,TRUE,40469,38833,TRUE,FALSE,Colorado,1283453,1160356,2020,,TRUE,legacy_parsed_archive; HTML footnotes verified; 2023 original reconciled,22723.7,380544,374449.3,SMU08000002023700001,25.391666666666666,12,11.33,21.93,4.63,12.51,6649,nrstatehs1,7025,slstatehs,40,402,774586,40,FALSE,TRUE,TRUE,258.85575,12,3.111698113207547,53,1.2529373358571627,0.9469405257561404,1215.3536586032956,1098.788120704292,6296.207555752578,6652.257193436886,11.846225977209317,16600000,38633,1007.9735813387374,22811.9,27,12.598698976573353,41,794904,5904.321788260175,5429.713265170083,2019,TRUE,TRUE,TRUE,approved_gate1_design; model_choice_pending_gate2
08,2021,Colorado,17000000,17000000,FALSE,TRUE,56524,54364,TRUE,FALSE,Colorado,1122846,1013283,2021,,TRUE,legacy_parsed_archive; HTML footnotes verified; 2023 original reconciled,22994,406309.2,418190.2,SMU08000002023700001,24.8,12,18.18,23.46,6.75,15.03,6287,nrstatehs1,6322,slstatehs,39,409,818975,39,FALSE,TRUE,TRUE,270.97341666666665,12,2.957692307692308,52,4.681242996018686,0.9045942698561144,1015.7200575308585,916.6099955426131,5687.184174585391,5718.844974030355,13.596051875937398,17300000,40469,1215.3536586032956,22723.7,25.391666666666666,11.846225977209317,40,774586,6296.207555752578,6652.257193436886,2020,TRUE,TRUE,TRUE,approved_gate1_design; model_choice_pending_gate2
08,2022,Colorado,17200000,17200000,FALSE,TRUE,48341,46869,TRUE,FALSE,Colorado,1392181,1246457,2022,,TRUE,legacy_parsed_archive; HTML footnotes verified; 2023 original reconciled,21745.4,422576.1,448676.8,SMU08000002023700001,25.55,12,28.52,25.3,9.67,18.96,7589,nrstate,6463,slstate,36,404,789522,36,FALSE,TRUE,TRUE,292.62641666666667,12,5.344038461538461,52,7.990820747791694,0.8376584820748412,1166.1722232334346,1044.1052785915604,6356.990220465969,5413.786769649699,15.88200482013899,17000000,56524,1015.7200575308585,22994,24.8,13.596051875937398,39,818975,5687.184174585391,5718.844974030355,2021,TRUE,TRUE,TRUE,approved_gate1_design; model_choice_pending_gate2
08,2023,Colorado,15700000,15700000,FALSE,TRUE,39404,37954,TRUE,TRUE,Colorado,1149578,1041627,2023,,TRUE,legacy_parsed_archive; HTML footnotes verified; 2023 original reconciled,21178.5,440225.2,473104.6,SMU08000002023700001,25.866666666666667,12,23.21,24.91,8.13,17.09,8338,nrstate,7577,slstate,33,404,802599,33,FALSE,TRUE,TRUE,304.70300000000003,12,6.80673076923077,52,4.126962791295052,0.8044587680462614,924.788101653085,837.945973183723,6707.577207969727,6095.384085486522,13.748200345910607,17200000,48341,1166.1722232334346,21745.4,25.55,15.88200482013899,36,789522,6356.990220465969,5413.786769649699,2022,TRUE,TRUE,TRUE,approved_gate1_design; model_choice_pending_gate2
09,2015,Connecticut,9360000,9360000,FALSE,TRUE,6077,5255,TRUE,FALSE,Connecticut,837283,738400,2015,,TRUE,legacy_parsed_archive; HTML footnotes verified; 2023 original reconciled,7643,268869.8,239184.9,,,,15.66,37.97,6.18,16.95,1920,nrstatehs1,3304,slstatehs,44,274,496150,44,FALSE,TRUE,TRUE,237.00175,12,3.850576923076923,52,0.12113723253701636,1.0342581858572777,865.966796629139,763.6962444370138,1985.7757168459732,3417.1890460724453,17.530676250280855,,,,,,,,,,,,TRUE,TRUE,FALSE,approved_gate1_design; model_choice_pending_gate2
09,2016,Connecticut,9480000,9480000,FALSE,TRUE,5504,4966,TRUE,FALSE,Connecticut,1039596,923045,2016,,TRUE,legacy_parsed_archive; HTML footnotes verified; 2023 original reconciled,7726.7,268196.2,243698.7,,,,12.83,37.55,5.91,15.55,1933,nrstatehs1,3242,slstatehs,48,330,594619,48,FALSE,TRUE,TRUE,240.00541666666663,12,3.6540384615384616,52,1.2673605433996429,1.0213144495002715,1061.7544164426843,942.7191960389781,1974.2008308840248,3311.1014452798804,15.881439689729223,9360000,6077,865.966796629139,7643,,17.530676250280855,44,496150,1985.7757168459732,3417.1890460724453,2015,TRUE,TRUE,TRUE,approved_gate1_design; model_choice_pending_gate2
09,2017,Connecticut,9830000,9830000,FALSE,TRUE,4547,3853,TRUE,FALSE,Connecticut,938453,784468,2017,,TRUE,legacy_parsed_archive; HTML footnotes verified; 2023 original reconciled,7547.7,273875.1,249451.1,,,,13.96,38.4,6.3,15.85,2011,nrstatehs1,2398,slstatehs,50,369,588978,50,FALSE,TRUE,TRUE,245.121,12,3.989807692307693,52,2.1314449500271726,1,938.453,784.468,2011,2398,15.85,9480000,5504,1061.7544164426843,7726.7,,15.881439689729223,48,594619,1974.2008308840248,3311.1014452798804,2016,TRUE,TRUE,TRUE,approved_gate1_design; model_choice_pending_gate2
09,2018,Connecticut,9520000,9520000,FALSE,TRUE,4815,4014,TRUE,FALSE,Connecticut,905748,754186,2018,,TRUE,legacy_parsed_archive; HTML footnotes verified; 2023 original reconciled,7498,274582.8,260582.2,,,,18.24,40.36,6.36,17.3,2325,nrstatehs1,2695,slstatehs,48,337,573322,48,FALSE,TRUE,TRUE,251.0995,12,4.544615384615384,52,2.438999514525486,0.9761907132431566,884.1827861385627,736.2293692580034,2269.6434082903393,2630.833972190307,16.88809933910661,9830000,4547,938.453,7547.7,,15.85,50,588978,2011,2398,2017,TRUE,TRUE,TRUE,approved_gate1_design; model_choice_pending_gate2
09,2019,Connecticut,10500000,10500000,FALSE,TRUE,5854,5296,TRUE,FALSE,Connecticut,928035,772385,2019,,TRUE,legacy_parsed_archive; HTML footnotes verified; 2023 original reconciled,7491.8,275225.4,267564.2,,,,16.73,39.38,6.62,16.89,2627,nrstatehs1,2852,slstatehs,50,324,569291,50,FALSE,TRUE,TRUE,255.65258333333333,12,3.935769230769231,52,1.8132586219141489,0.958805097151701,889.8046883351789,740.5666749635166,2518.7809902175186,2734.5121370766515,16.19421809089223,9520000,4815,884.1827861385627,7498,,16.88809933910661,48,573322,2269.6434082903393,2630.833972190307,2018,TRUE,TRUE,TRUE,approved_gate1_design; model_choice_pending_gate2
09,2020,Connecticut,10300000,10300000,FALSE,TRUE,5471,4510,TRUE,FALSE,Connecticut,943260,793010,2020,,TRUE,legacy_parsed_archive; HTML footnotes verified; 2023 original reconciled,7141.2,261737.1,275029.8,,,,11.99,38.31,6.07,15.56,2838,nrstatehs1,2903,slstatehs,50,325,551297,50,FALSE,TRUE,TRUE,258.85575,12,3.111698113207547,53,1.2529373358571627,0.9469405257561404,893.211120324737,750.9333063298769,2687.4172120959265,2748.9683462700755,14.734394580765546,10500000,5854,889.8046883351789,7491.8,,16.19421809089223,50,569291,2518.7809902175186,2734.5121370766515,2019,TRUE,TRUE,TRUE,approved_gate1_design; model_choice_pending_gate2
09,2021,Connecticut,10400000,10400000,FALSE,TRUE,4651,3683,TRUE,FALSE,Connecticut,973724,815189,2021,,TRUE,legacy_parsed_archive; HTML footnotes verified; 2023 original reconciled,7164.5,270779.8,296291.5,,,,16.41,28.24,7.42,15.54,2048,nrstatehs1,2857,slstatehs,51,332,559774,51,FALSE,TRUE,TRUE,270.97341666666665,12,2.957692307692308,52,4.681242996018686,0.9045942698561144,880.8251508213751,737.415298249736,1852.6090646653222,2584.4258289789186,14.057394953564016,10300000,5471,893.211120324737,7141.2,,14.734394580765546,50,551297,2687.4172120959265,2748.9683462700755,2020,TRUE,TRUE,TRUE,approved_gate1_design; model_choice_pending_gate2
09,2022,Connecticut,10400000,10400000,FALSE,TRUE,5926,5293,TRUE,FALSE,Connecticut,1023676,854618,2022,,TRUE,legacy_parsed_archive; HTML footnotes verified; 2023 original reconciled,6732.5,279348.5,309011.4,,,,27.47,44.17,10.08,22.2,1895,nrstate,2860,slstate,51,345,639394,51,FALSE,TRUE,TRUE,292.62641666666667,12,5.344038461538461,52,7.990820747791694,0.8376584820748412,857.4908842964452,715.8780166338366,1587.362823531824,2395.703258734046,18.596018302061474,10400000,4651,880.8251508213751,7164.5,,14.057394953564016,51,559774,1852.6090646653222,2584.4258289789186,2021,TRUE,TRUE,TRUE,approved_gate1_design; model_choice_pending_gate2
09,2023,Connecticut,11000000,11000000,FALSE,TRUE,6272,5889,TRUE,TRUE,Connecticut,1239753,1071044,2023,,TRUE,legacy_parsed_archive; HTML footnotes verified; 2023 original reconciled,6744.1,283228.5,328729.9,,,,24.09,45.99,8.43,20.68,2828,nrstate,3446,slstate,55,378,664446,55,FALSE,TRUE,TRUE,304.70300000000003,12,6.80673076923077,52,4.126962791295052,0.8044587680462614,997.3301710616566,861.61073676334,2275.009396034827,2772.1649146874165,16.636207323196686,10400000,5926,857.4908842964452,6732.5,,18.596018302061474,51,639394,1587.362823531824,2395.703258734046,2022,TRUE,TRUE,TRUE,approved_gate1_design; model_choice_pending_gate2
10,2015,Delaware,W,,TRUE,TRUE,5221,5097,TRUE,FALSE,Delaware,308591,237943,2015,,TRUE,legacy_parsed_archive; HTML footnotes verified; 2023 original reconciled,2473.9,76211.2,44626.3,,,,12.77,24.27,9.6,13.52,478,nrstatehs1,748,slstatehs,0,0,0,0,TRUE,TRUE,TRUE,237.00175,12,3.850576923076923,52,0.12113723253701636,1.0342581858572777,319.1627678318832,246.09449551743825,494.37541283977873,773.6251230212437,13.983170672790393,,,,,,,,,,,,FALSE,FALSE,FALSE,approved_gate1_design; model_choice_pending_gate2
10,2016,Delaware,W,,TRUE,TRUE,5804,5668,TRUE,FALSE,Delaware,449479,377008,2016,,TRUE,legacy_parsed_archive; HTML footnotes verified; 2023 original reconciled,2536.3,71941.4,45928.4,,,,10.55,23.78,8.58,11.68,667,nrstatehs1,801,slstatehs,0,0,0,0,TRUE,TRUE,TRUE,240.00541666666663,12,3.6540384615384616,52,1.2673605433996429,1.0213144495002715,459.0593974469325,385.04371797719836,681.2167378166811,818.0728740497175,11.928952770163171,,5221,319.1627678318832,2473.9,,13.983170672790393,0,0,494.37541283977873,773.6251230212437,2015,FALSE,FALSE,FALSE,approved_gate1_design; model_choice_pending_gate2
10,2017,Delaware,W,,TRUE,TRUE,6601,6286,TRUE,FALSE,Delaware,508042,406830,2017,,TRUE,legacy_parsed_archive; HTML footnotes verified; 2023 original reconciled,2597,69555.6,48077.1,,,,12.98,22.79,9.46,13.09,1034,nrstatehs1,899,slstatehs,0,0,0,0,TRUE,TRUE,TRUE,245.121,12,3.989807692307693,52,2.1314449500271726,1,508.042,406.83,1034,899,13.09,,5804,459.0593974469325,2536.3,,11.928952770163171,0,0,681.2167378166811,818.0728740497175,2016,FALSE,FALSE,FALSE,approved_gate1_design; model_choice_pending_gate2
10,2018,Delaware,W,,TRUE,TRUE,6003,5729,TRUE,FALSE,Delaware,557243,441119,2018,,TRUE,legacy_parsed_archive; HTML footnotes verified; 2023 original reconciled,2630.4,70856.4,51150.4,,,,15.24,23.3,9.65,13.88,1206,nrstatehs1,1067,slstatehs,0,0,0,0,TRUE,TRUE,TRUE,251.0995,12,4.544615384615384,52,2.438999514525486,0.9761907132431566,543.9754416197563,430.61627123510806,1177.286000171247,1041.595491030448,13.549527099815014,,6601,508.042,2597,,13.09,0,0,1034,899,2017,FALSE,FALSE,FALSE,approved_gate1_design; model_choice_pending_gate2
10,2019,Delaware,W,,TRUE,TRUE,6539,6519,TRUE,FALSE,Delaware,591785,468307,2019,,TRUE,legacy_parsed_archive; HTML footnotes verified; 2023 original reconciled,2735.4,74627.8,52774.4,,,,14.1,22.57,9.27,12.87,1476,nrstatehs1,979,slstatehs,0,0,0,0,TRUE,TRUE,TRUE,255.65258333333333,12,3.935769230769231,52,1.8132586219141489,0.958805097151701,567.4064744179194,449.0151386318217,1415.1963233959107,938.6701901115154,12.339821600342392,,6003,543.9754416197563,2630.4,,13.549527099815014,0,0,1177.286000171247,1041.595491030448,2018,FALSE,FALSE,FALSE,approved_gate1_design; model_choice_pending_gate2
10,2020,Delaware,W,,TRUE,TRUE,8455,7271,TRUE,FALSE,Delaware,497435,377909,2020,,TRUE,legacy_parsed_archive; HTML footnotes verified; 2023 original reconciled,2715.6,72728.8,55069.8,,,,10.07,19.65,10.35,12.75,1225,nrstatehs1,776,slstatehs,0,0,0,0,TRUE,TRUE,TRUE,258.85575,12,3.111698113207547,53,1.2529373358571627,0.9469405257561404,471.0413604295057,357.85734714797724,1160.002144051272,734.825847986765,12.07349170339079,,6539,567.4064744179194,2735.4,,12.339821600342392,0,0,1415.1963233959107,938.6701901115154,2019,FALSE,FALSE,FALSE,approved_gate1_design; model_choice_pending_gate2
10,2021,Delaware,W,,TRUE,TRUE,8500,8474,TRUE,FALSE,Delaware,459924,306367,2021,,TRUE,legacy_parsed_archive; HTML footnotes verified; 2023 original reconciled,2769.8,75205.5,60175.9,,,,13.84,22.27,11.14,14.47,1300,nrstatehs1,929,slstatehs,0,0,0,0,TRUE,TRUE,TRUE,270.97341666666665,12,2.957692307692308,52,4.681242996018686,0.9045942698561144,416.0446149693035,277.1378326730082,1175.9725508129486,840.3680766963303,13.089479084817976,,8455,471.0413604295057,2715.6,,12.07349170339079,0,0,1160.002144051272,734.825847986765,2020,FALSE,FALSE,FALSE,approved_gate1_design; model_choice_pending_gate2
10,2022,Delaware,W,,TRUE,TRUE,6417,6417,TRUE,FALSE,Delaware,499530,305007,2022,,TRUE,legacy_parsed_archive; HTML footnotes verified; 2023 original reconciled,2503.5,81111.8,65386.9,,,,26.88,25.77,11.67,16.91,1220,nrstate,1253,slstate,0,0,0,0,TRUE,TRUE,TRUE,292.62641666666667,12,5.344038461538461,52,7.990820747791694,0.8376584820748412,418.4355415508454,255.4917006422011,1021.9433481313063,1049.5860780397759,14.164804931885564,,8500,416.0446149693035,2769.8,,13.089479084817976,0,0,1175.9725508129486,840.3680766963303,2021,FALSE,FALSE,FALSE,approved_gate1_design; model_choice_pending_gate2
10,2023,Delaware,W,,TRUE,TRUE,5765,5760,TRUE,TRUE,Delaware,543667,425871,2023,,TRUE,legacy_parsed_archive; HTML footnotes verified; 2023 original reconciled,2525.4,82090.9,66943.8,,,,21.69,22.99,13.26,16.45,1297,nrstate,1733,slstate,0,0,0,0,TRUE,TRUE,TRUE,304.70300000000003,12,6.80673076923077,52,4.126962791295052,0.8044587680462614,437.3576850474068,342.5956600066294,1043.383022156001,1394.127045024171,13.233346734361,,6417,418.4355415508454,2503.5,,14.164804931885564,0,0,1021.9433481313063,1049.5860780397759,2022,FALSE,FALSE,FALSE,approved_gate1_design; model_choice_pending_gate2
12,2015,Florida,69100000,69100000,FALSE,TRUE,109924,107041,TRUE,FALSE,Florida,5548290,3994201,2015,,TRUE,legacy_parsed_archive; HTML footnotes verified; 2023 original reconciled,43128.4,945929,905450.5,SMU12000002023700001,52.983333333333334,12,15.41,24.08,6.27,10.75,12741,nrstatehs1,12227,slstatehs,78,977,2287072,78,FALSE,TRUE,TRUE,237.00175,12,3.850576923076923,52,0.12113723253701636,1.0342581858572777,5738.364350010075,4131.035080209324,13177.483546007576,12645.874838476935,11.118275497965735,,,,,,,,,,,,TRUE,TRUE,FALSE,approved_gate1_design; model_choice_pending_gate2
12,2016,Florida,74100000,74100000,FALSE,TRUE,116240,112774,TRUE,FALSE,Florida,6099136,4562823,2016,,TRUE,legacy_parsed_archive; HTML footnotes verified; 2023 original reconciled,49139.1,978989.7,938985.6,SMU12000002023700001,59.016666666666666,12,12.91,22.53,5.62,9.68,14298,nrstatehs1,12846,slstatehs,81,1041,2456130,81,FALSE,TRUE,TRUE,240.00541666666663,12,3.6540384615384616,52,1.2673605433996429,1.0213144495002715,6229.135726267288,4660.077060412178,14602.753998954882,13119.805418280488,9.886323871162627,69100000,109924,5738.364350010075,43128.4,52.983333333333334,11.118275497965735,78,2287072,13177.483546007576,12645.874838476935,2015,TRUE,TRUE,TRUE,approved_gate1_design; model_choice_pending_gate2
12,2017,Florida,74700000,74700000,FALSE,TRUE,122719,117398,TRUE,FALSE,Florida,5677789,4093947,2017,,TRUE,legacy_parsed_archive; HTML footnotes verified; 2023 original reconciled,53428,1014866.9,1011002.2,SMU12000002023700001,64.975,12,14.66,22.94,5.97,10.21,16886,nrstatehs1,13446,slstatehs,82,1106,2572466,82,FALSE,TRUE,TRUE,245.121,12,3.989807692307693,52,2.1314449500271726,1,5677.789,4093.947,16886,13446,10.21,74100000,116240,6229.135726267288,49139.1,59.016666666666666,9.886323871162627,81,2456130,14602.753998954882,13119.805418280488,2016,TRUE,TRUE,TRUE,approved_gate1_design; model_choice_pending_gate2
12,2018,Florida,76800000,76800000,FALSE,TRUE,144427,134567,TRUE,FALSE,Florida,6681407,5062567,2018,,TRUE,legacy_parsed_archive; HTML footnotes verified; 2023 original reconciled,57752.4,1050433.8,1078010.6,SMU12000002023700001,67.86666666666667,12,17.71,22.41,6.21,11,19746,nrstatehs1,13943,slstatehs,80,1127,2674687,80,FALSE,TRUE,TRUE,251.0995,12,4.544615384615384,52,2.438999514525486,0.9761907132431566,6522.32746479782,4942.030890571268,19275.86182369937,13611.027114749333,10.738097845674723,74700000,122719,5677.789,53428,64.975,10.21,82,2572466,16886,13446,2017,TRUE,TRUE,TRUE,approved_gate1_design; model_choice_pending_gate2
12,2019,Florida,81300000,81300000,FALSE,TRUE,154302,147185,TRUE,FALSE,Florida,6509736,4772194,2019,,TRUE,legacy_parsed_archive; HTML footnotes verified; 2023 original reconciled,59323.5,1084913.9,1145938.8,SMU12000002023700001,71.91666666666667,12,16.38,22.42,6.02,10.54,23824,nrstatehs1,15617,slstatehs,78,1181,2763374,78,FALSE,TRUE,TRUE,255.65258333333333,12,3.935769230769231,52,1.8132586219141489,0.958805097151701,6241.568057911925,4575.603931796765,22842.572634542124,14973.659202218116,10.105805723978929,76800000,144427,6522.32746479782,57752.4,67.86666666666667,10.738097845674723,80,2674687,19275.86182369937,13611.027114749333,2018,TRUE,TRUE,TRUE,approved_gate1_design; model_choice_pending_gate2
12,2020,Florida,83400000,83400000,FALSE,TRUE,164074,152613,TRUE,FALSE,Florida,6568232,4987666,2020,,TRUE,legacy_parsed_archive; HTML footnotes verified; 2023 original reconciled,60376,1072481.6,1222053.4,SMU12000002023700001,73.56666666666666,12,11.64,20.97,5.41,9.47,23864,nrstatehs1,16546,slstatehs,74,1167,2744093,74,FALSE,TRUE,TRUE,258.85575,12,3.111698113207547,53,1.2529373358571627,0.9469405257561404,6219.725063368305,4723.0230643360255,22597.788706644536,15668.0779391611,8.967526778910651,81300000,154302,6241.568057911925,59323.5,71.91666666666667,10.105805723978929,78,2763374,22842.572634542124,14973.659202218116,2019,TRUE,TRUE,TRUE,approved_gate1_design; model_choice_pending_gate2
12,2021,Florida,86600000,86600000,FALSE,TRUE,213494,204359,TRUE,FALSE,Florida,6312207,4663542,2021,,TRUE,legacy_parsed_archive; HTML footnotes verified; 2023 original reconciled,62616.5,1172655.3,1367061.9,SMU12000002023700001,74.425,12,16.06,22.41,6.12,11.17,23031,nrstatehs1,17076,slstatehs,76,1214,2852827,76,FALSE,TRUE,TRUE,270.97341666666665,12,2.957692307692308,52,4.681242996018686,0.9045942698561144,5709.986282345654,4218.613370433323,20833.71062905617,15446.851752063008,10.104317994292797,83400000,164074,6219.725063368305,60376,73.56666666666666,8.967526778910651,74,2744093,22597.788706644536,15668.0779391611,2020,TRUE,TRUE,TRUE,approved_gate1_design; model_choice_pending_gate2
12,2022,Florida,91100000,91100000,FALSE,TRUE,209961,201528,TRUE,FALSE,Florida,6504653,4777112,2022,,TRUE,legacy_parsed_archive; HTML footnotes verified; 2023 original reconciled,58886.6,1245927.6,1464251,SMU12000002023700001,77.38333333333334,12,27.61,26.84,9.17,15.56,31541,nrstate,18081,slstate,71,1190,2962597,71,FALSE,TRUE,TRUE,292.62641666666667,12,5.344038461538461,52,7.990820747791694,0.8376584820748412,5448.677758403562,4001.5883866215086,26420.586183122567,15145.703014395203,13.03396598108453,86600000,213494,5709.986282345654,62616.5,74.425,10.104317994292797,76,2852827,20833.71062905617,15446.851752063008,2021,TRUE,TRUE,TRUE,approved_gate1_design; model_choice_pending_gate2
12,2023,Florida,95000000,95000000,FALSE,TRUE,193788,177714,TRUE,TRUE,Florida,7549824,5520768,2023,,TRUE,legacy_parsed_archive; HTML footnotes verified; 2023 original reconciled,60251.7,1309392.2,1604650.3,SMU12000002023700001,80.45833333333334,12,23.96,27.53,6.98,15.01,35729,nrstate,23950,slstate,73,1284,3143764,73,FALSE,TRUE,TRUE,304.70300000000003,12,6.80673076923077,52,4.126962791295052,0.8044587680462614,6073.522114006097,4441.230223949222,28742.50732352487,19266.787494707958,12.074926108374383,91100000,209961,5448.677758403562,58886.6,77.38333333333334,13.03396598108453,71,2962597,26420.586183122567,15145.703014395203,2022,TRUE,TRUE,TRUE,approved_gate1_design; model_choice_pending_gate2
13,2015,Georgia,48100000,48100000,FALSE,TRUE,45549,41280,TRUE,FALSE,Georgia,1168206,937066,2015,,TRUE,legacy_parsed_archive; HTML footnotes verified; 2023 original reconciled,21649.9,540108.5,423242,SMU13000002023700001,26.191666666666663,12,15.12,17.21,4.32,8.08,7782,nrstatehs1,5607,slstatehs,109,731,1490263,109,FALSE,TRUE,TRUE,237.00175,12,3.850576923076923,52,0.12113723253701636,1.0342581858572777,1208.226618267587,969.1681811885358,8048.597202341335,5799.085648101756,8.356806141726803,,,,,,,,,,,,TRUE,TRUE,FALSE,approved_gate1_design; model_choice_pending_gate2
13,2016,Georgia,53800000,53800000,FALSE,TRUE,51675,49036,TRUE,FALSE,Georgia,1303783,1076059,2016,,TRUE,legacy_parsed_archive; HTML footnotes verified; 2023 original reconciled,24084.5,561718.3,441039.1,SMU13000002023700001,29.475,12,12.67,17.1,4.02,7.97,8726,nrstatehs1,6840,slstatehs,107,744,1574922,107,FALSE,TRUE,TRUE,240.00541666666663,12,3.6540384615384616,52,1.2673605433996429,1.0213144495002715,1331.5724169128123,1098.9946052148125,8911.989886339368,6985.790834581857,8.139876162517163,48100000,45549,1208.226618267587,21649.9,26.191666666666663,8.356806141726803,109,1490263,8048.597202341335,5799.085648101756,2015,TRUE,TRUE,TRUE,approved_gate1_design; model_choice_pending_gate2
13,2017,Georgia,53100000,53100000,FALSE,TRUE,51240,47089,TRUE,FALSE,Georgia,1629104,1312297,2017,,TRUE,legacy_parsed_archive; HTML footnotes verified; 2023 original reconciled,25738.8,583543.3,467592.5,SMU13000002023700001,31.591666666666665,12,14.38,17.46,4.52,8.57,9248,nrstatehs1,6620,slstatehs,104,789,1632764,104,FALSE,TRUE,TRUE,245.121,12,3.989807692307693,52,2.1314449500271726,1,1629.104,1312.297,9248,6620,8.57,53800000,51675,1331.5724169128123,24084.5,29.475,8.139876162517163,107,1574922,8911.989886339368,6985.790834581857,2016,TRUE,TRUE,TRUE,approved_gate1_design; model_choice_pending_gate2
13,2018,Georgia,53300000,53300000,FALSE,TRUE,59315,53286,TRUE,FALSE,Georgia,1602348,1251710,2018,,TRUE,legacy_parsed_archive; HTML footnotes verified; 2023 original reconciled,27464.8,600934.7,491088,SMU13000002023700001,32.775,12,17.38,17.6,4.51,8.86,9420,nrstatehs1,7938,slstatehs,103,791,1649093,103,FALSE,TRUE,TRUE,251.0995,12,4.544615384615384,52,2.438999514525486,0.9761907132431566,1564.1972369837456,1221.9076776735917,9195.716518750536,7749.001881724177,8.649049719334368,53100000,51240,1629.104,25738.8,31.591666666666665,8.57,104,1632764,9248,6620,2017,TRUE,TRUE,TRUE,approved_gate1_design; model_choice_pending_gate2
13,2019,Georgia,57600000,57600000,FALSE,TRUE,53823,50260,TRUE,FALSE,Georgia,1564658,1145852,2019,,TRUE,legacy_parsed_archive; HTML footnotes verified; 2023 original reconciled,28610.5,620744.9,516504.2,SMU13000002023700001,34.90833333333333,12,16.07,18.09,4.12,8.63,11115,nrstatehs1,8665,slstatehs,101,794,1661620,101,FALSE,TRUE,TRUE,255.65258333333333,12,3.935769230769231,52,1.8132586219141489,0.958805097151701,1500.202065699186,1098.6487381814711,10657.118654841157,8308.04616681949,8.27448798841918,53300000,59315,1564.1972369837456,27464.8,32.775,8.649049719334368,103,1649093,9195.716518750536,7749.001881724177,2018,TRUE,TRUE,TRUE,approved_gate1_design; model_choice_pending_gate2
13,2020,Georgia,59300000,59300000,FALSE,TRUE,55827,49959,TRUE,FALSE,Georgia,1762623,1191483,2020,,TRUE,legacy_parsed_archive; HTML footnotes verified; 2023 original reconciled,28903.2,603202.5,552699.9,SMU13000002023700001,34.65833333333333,12,11.42,16.91,3.75,7.57,10858,nrstatehs1,7974,slstatehs,98,802,1645277,98,FALSE,TRUE,TRUE,258.85575,12,3.111698113207547,53,1.2529373358571627,0.9469405257561404,1669.0991503298656,1128.2635384495034,10281.880228660173,7550.903752379463,7.168339779973983,57600000,53823,1500.202065699186,28610.5,34.90833333333333,8.27448798841918,101,1661620,10657.118654841157,8308.04616681949,2019,TRUE,TRUE,TRUE,approved_gate1_design; model_choice_pending_gate2
13,2021,Georgia,61200000,61200000,FALSE,TRUE,67223,59453,TRUE,FALSE,Georgia,1765779,1187421,2021,,TRUE,legacy_parsed_archive; HTML footnotes verified; 2023 original reconciled,30326.8,643748.4,607184.3,SMU13000002023700001,33.35,12,15.76,19.02,5.3,9.42,10320,nrstatehs1,7661,slstatehs,100,783,1649755,100,FALSE,TRUE,TRUE,270.97341666666665,12,2.957692307692308,52,4.681242996018686,0.9045942698561144,1597.3135652322596,1074.1342325068172,9335.4128649151,6930.096701367692,8.521278022044598,59300000,55827,1669.0991503298656,28903.2,34.65833333333333,7.168339779973983,98,1645277,10281.880228660173,7550.903752379463,2020,TRUE,TRUE,TRUE,approved_gate1_design; model_choice_pending_gate2
13,2022,Georgia,63400000,63400000,FALSE,TRUE,77542,72334,TRUE,FALSE,Georgia,1803146,1122016,2022,,TRUE,legacy_parsed_archive; HTML footnotes verified; 2023 original reconciled,29154.2,670107.2,627439,SMU13000002023700001,33.84166666666667,12,27.09,25.36,8.72,13.43,16901,nrstate,9303,slstate,100,829,1744715,100,FALSE,TRUE,TRUE,292.62641666666667,12,5.344038461538461,52,7.990820747791694,0.8376584820748412,1510.4205413193215,939.866219423685,14157.266005546891,7792.736858742247,11.249753414265117,61200000,67223,1597.3135652322596,30326.8,33.35,8.521278022044598,100,1649755,9335.4128649151,6930.096701367692,2021,TRUE,TRUE,TRUE,approved_gate1_design; model_choice_pending_gate2
13,2023,Georgia,67300000,67300000,FALSE,TRUE,63621,56452,TRUE,TRUE,Georgia,2090317,1437624,2023,,TRUE,legacy_parsed_archive; HTML footnotes verified; 2023 original reconciled,29090.3,679447.2,663930.9,SMU13000002023700001,34.18333333333334,12,23.51,20.16,5.22,10.76,29207,nrstate,11510,slstate,101,900,1877621,101,FALSE,TRUE,TRUE,304.70300000000003,12,6.80673076923077,52,4.126962791295052,0.8044587680462614,1681.573838646157,1156.5092319537384,23495.827238327154,9259.320420212469,8.655976344177772,63400000,77542,1510.4205413193215,29154.2,33.84166666666667,11.249753414265117,100,1744715,14157.266005546891,7792.736858742247,2022,TRUE,TRUE,TRUE,approved_gate1_design; model_choice_pending_gate2
15,2015,Hawaii,5150000,5150000,FALSE,TRUE,5422,5422,TRUE,FALSE,Hawaii,320458,305320,2015,,TRUE,legacy_parsed_archive; HTML footnotes verified; 2023 original reconciled,4976.3,83857.6,68200.8,,,,14.8,67.58,19.38,40.72,1740,nrstatehs1,2310,slstatehs,26,260,518035,26,FALSE,TRUE,TRUE,237.00175,12,3.850576923076923,52,0.12113723253701636,1.0342581858572777,331.43630972345153,315.77970930594404,1799.609243391663,2389.1364093303114,42.11499332810835,,,,,,,,,,,,TRUE,TRUE,FALSE,approved_gate1_design; model_choice_pending_gate2
15,2016,Hawaii,5260000,5260000,FALSE,TRUE,3369,3369,TRUE,FALSE,Hawaii,194446,179506,2016,,TRUE,legacy_parsed_archive; HTML footnotes verified; 2023 original reconciled,5428.9,85670.4,70744.8,,,,12.78,60.65,18.08,38.02,1737,nrstatehs1,2196,slstatehs,26,257,475177,26,FALSE,TRUE,TRUE,240.00541666666663,12,3.6540384615384616,52,1.2673605433996429,1.0213144495002715,198.5905094475298,183.33207157199573,1774.0231987819716,2242.806531102596,38.830375370000326,5150000,5422,331.43630972345153,4976.3,,42.11499332810835,26,518035,1799.609243391663,2389.1364093303114,2015,TRUE,TRUE,TRUE,approved_gate1_design; model_choice_pending_gate2
15,2017,Hawaii,5070000,5070000,FALSE,TRUE,4035,4035,TRUE,FALSE,Hawaii,293475,281337,2017,,TRUE,legacy_parsed_archive; HTML footnotes verified; 2023 original reconciled,5274.4,87436.4,73646.4,,,,15.22,67.17,20.12,45.99,1525,nrstatehs1,2390,slstatehs,23,257,505733,23,FALSE,TRUE,TRUE,245.121,12,3.989807692307693,52,2.1314449500271726,1,293.475,281.337,1525,2390,45.99,5260000,3369,198.5905094475298,5428.9,,38.830375370000326,26,475177,1774.0231987819716,2242.806531102596,2016,TRUE,TRUE,TRUE,approved_gate1_design; model_choice_pending_gate2
15,2018,Hawaii,4680000,4680000,FALSE,TRUE,4659,4659,TRUE,FALSE,Hawaii,192775,178054,2018,,TRUE,legacy_parsed_archive; HTML footnotes verified; 2023 original reconciled,5119.1,88836.4,75266.4,,,,18.43,76.5,23.51,55.73,1454,nrstatehs1,2972,slstatehs,21,250,508456,21,FALSE,TRUE,TRUE,251.0995,12,4.544615384615384,52,2.438999514525486,0.9761907132431566,188.18516474544953,173.814661255797,1419.3812970555498,2901.2387997586616,54.40310844904112,5070000,4035,293.475,5274.4,,45.99,23,505733,1525,2390,2017,TRUE,TRUE,TRUE,approved_gate1_design; model_choice_pending_gate2
15,2019,Hawaii,5770000,5770000,FALSE,TRUE,4093,4093,TRUE,FALSE,Hawaii,243071,225431,2019,,TRUE,legacy_parsed_archive; HTML footnotes verified; 2023 original reconciled,5195.4,88855.2,78586.9,,,,17.3,75.48,24.09,52.38,1021,nrstatehs1,3256,slstatehs,20,242,510898,20,FALSE,TRUE,TRUE,255.65258333333333,12,3.935769230769231,52,1.8132586219141489,0.958805097151701,233.0577137697611,216.14439185600511,978.9400041918867,3121.8693963259384,50.222210988806104,4680000,4659,188.18516474544953,5119.1,,54.40310844904112,21,508456,1419.3812970555498,2901.2387997586616,2018,TRUE,TRUE,TRUE,approved_gate1_design; model_choice_pending_gate2
15,2020,Hawaii,5880000,5880000,FALSE,TRUE,3164,2472,TRUE,FALSE,Hawaii,266020,250204,2020,,TRUE,legacy_parsed_archive; HTML footnotes verified; 2023 original reconciled,5063.8,79696.8,82758.5,,,,12.07,71.66,21.58,53.96,876,nrstatehs1,3113,slstatehs,20,241,507323,20,FALSE,TRUE,TRUE,258.85575,12,3.111698113207547,53,1.2529373358571627,0.9469405257561404,251.90511866164846,236.92830730628935,829.519900562379,2947.825856678865,51.09691076980134,5770000,4093,233.0577137697611,5195.4,,50.222210988806104,20,510898,978.9400041918867,3121.8693963259384,2019,TRUE,TRUE,TRUE,approved_gate1_design; model_choice_pending_gate2
15,2021,Hawaii,5850000,5850000,FALSE,TRUE,3459,3459,TRUE,FALSE,Hawaii,136972,119049,2021,,TRUE,legacy_parsed_archive; HTML footnotes verified; 2023 original reconciled,4922.2,84532,88650.4,,,,18.22,79.48,27.34,53.57,523,nrstatehs1,2263,slstatehs,20,255,499895,20,FALSE,TRUE,TRUE,270.97341666666665,12,2.957692307692308,52,4.681242996018686,0.9045942698561144,123.9040863307317,107.69104323210057,473.10280313474783,2047.0968326843868,48.459115036192046,5880000,3164,251.90511866164846,5063.8,,51.09691076980134,20,507323,829.519900562379,2947.825856678865,2020,TRUE,TRUE,TRUE,approved_gate1_design; model_choice_pending_gate2
15,2022,Hawaii,5570000,5570000,FALSE,TRUE,4303,4303,TRUE,FALSE,Hawaii,223540,206275,2022,,TRUE,legacy_parsed_archive; HTML footnotes verified; 2023 original reconciled,4314.2,87491.2,91007.9,,,,28.32,107.6,37.75,73.84,598,nrstate,2244,slstate,20,246,496355,20,FALSE,TRUE,TRUE,292.62641666666667,12,5.344038461538461,52,7.990820747791694,0.8376584820748412,187.25017708301,172.78800338998786,500.919772280755,1879.7056337759436,61.85270231640627,5850000,3459,123.9040863307317,4922.2,,48.459115036192046,20,499895,473.10280313474783,2047.0968326843868,2021,TRUE,TRUE,TRUE,approved_gate1_design; model_choice_pending_gate2
15,2023,Hawaii,6260000,6260000,FALSE,TRUE,3791,2686,TRUE,TRUE,Hawaii,171953,153769,2023,,TRUE,legacy_parsed_archive; HTML footnotes verified; 2023 original reconciled,4343.3,89642.2,96961.4,,,,24.11,103.39,31.02,71,956,nrstate,3153,slstate,20,256,541043,20,FALSE,TRUE,TRUE,304.70300000000003,12,6.80673076923077,52,4.126962791295052,0.8044587680462614,138.3290985418588,123.70082030370557,769.0625822522259,2536.458495649862,57.11657253128456,5570000,4303,187.25017708301,4314.2,,61.85270231640627,20,496355,500.919772280755,1879.7056337759436,2022,TRUE,TRUE,TRUE,approved_gate1_design; model_choice_pending_gate2
16,2015,Idaho,5190000,5190000,FALSE,TRUE,9954,9735,TRUE,FALSE,Idaho,366642,292669,2015,,TRUE,legacy_parsed_archive; HTML footnotes verified; 2023 original reconciled,3581.2,67790.5,64564.3,SMU16000002023700001,4.608333333333333,12,15,19.33,5.52,11.39,931,nrstatehs1,662,slstatehs,32,268,337327,32,FALSE,TRUE,TRUE,237.00175,12,3.850576923076923,52,0.12113723253701636,1.0342581858572777,379.202489779084,302.6953089966636,962.8943710331255,684.6789190375179,11.780200736914393,,,,,,,,,,,,TRUE,TRUE,FALSE,approved_gate1_design; model_choice_pending_gate2
16,2016,Idaho,4640000,4640000,FALSE,TRUE,12165,11895,TRUE,FALSE,Idaho,299863,228207,2016,,TRUE,legacy_parsed_archive; HTML footnotes verified; 2023 original reconciled,3703.6,70442.5,67294.1,SMU16000002023700001,4.808333333333334,12,11.99,19.2,4.97,10.37,1394,nrstatehs1,992,slstatehs,33,282,313776,33,FALSE,TRUE,TRUE,240.00541666666663,12,3.6540384615384616,52,1.2673605433996429,1.0213144495002715,306.2544147704999,233.07110657710845,1423.7123426033784,1013.1439339042694,10.591030841317815,5190000,9954,379.202489779084,3581.2,4.608333333333333,11.780200736914393,32,337327,962.8943710331255,684.6789190375179,2015,TRUE,TRUE,TRUE,approved_gate1_design; model_choice_pending_gate2
16,2017,Idaho,4060000,4060000,FALSE,TRUE,14183,13260,TRUE,FALSE,Idaho,307131,234401,2017,,TRUE,legacy_parsed_archive; HTML footnotes verified; 2023 original reconciled,3842.9,72935.1,71472.6,SMU16000002023700001,5.25,12,15.87,19.52,4.25,10.53,1338,nrstatehs1,1148,slstatehs,31,278,284632,31,FALSE,TRUE,TRUE,245.121,12,3.989807692307693,52,2.1314449500271726,1,307.131,234.401,1338,1148,10.53,4640000,12165,306.2544147704999,3703.6,4.808333333333334,10.591030841317815,33,313776,1423.7123426033784,1013.1439339042694,2016,TRUE,TRUE,TRUE,approved_gate1_design; model_choice_pending_gate2
16,2018,Idaho,4600000,4600000,FALSE,TRUE,15824,14334,TRUE,FALSE,Idaho,426560,346708,2018,,TRUE,legacy_parsed_archive; HTML footnotes verified; 2023 original reconciled,3958.6,77652.1,76529.6,SMU16000002023700001,5.55,12,19.88,18.97,3.82,11.07,1609,nrstatehs1,1262,slstatehs,30,268,315428,30,FALSE,TRUE,TRUE,251.0995,12,4.544615384615384,52,2.438999514525486,0.9761907132431566,416.4039106410009,338.4531298071084,1570.690857608239,1231.9526801128636,10.806431195601744,4060000,14183,307.131,3842.9,5.25,10.53,31,284632,1338,1148,2017,TRUE,TRUE,TRUE,approved_gate1_design; model_choice_pending_gate2
16,2019,Idaho,4210000,4210000,FALSE,TRUE,17716,17490,TRUE,FALSE,Idaho,602942,507643,2019,,TRUE,legacy_parsed_archive; HTML footnotes verified; 2023 original reconciled,4312.1,81144.3,82967.7,SMU16000002023700001,6.091666666666667,12,16.6,17.82,3.48,9.93,1664,nrstatehs1,1166,slstatehs,31,268,305463,31,FALSE,TRUE,TRUE,255.65258333333333,12,3.935769230769231,52,1.8132586219141489,0.958805097151701,578.10386288684094,486.73069593338096,1595.4516816604305,1117.9667432788833,9.52093461471639,4600000,15824,416.4039106410009,3958.6,5.55,10.806431195601744,30,315428,1570.690857608239,1231.9526801128636,2018,TRUE,TRUE,TRUE,approved_gate1_design; model_choice_pending_gate2
16,2020,Idaho,4620000,4620000,FALSE,TRUE,19130,17993,TRUE,FALSE,Idaho,511559,390183,2020,,TRUE,legacy_parsed_archive; HTML footnotes verified; 2023 original reconciled,4664.9,82711.6,91960.1,SMU16000002023700001,6.516666666666667,12,11.67,18.26,3.57,9.54,1697,nrstatehs1,1358,slstatehs,29,220,216914,29,FALSE,TRUE,TRUE,258.85575,12,3.111698113207547,53,1.2529373358571627,0.9469405257561404,484.41594841528547,369.4800951611081,1606.9580722081703,1285.9452339768386,9.033812615713579,4210000,17716,578.10386288684094,4312.1,6.091666666666667,9.52093461471639,31,305463,1595.4516816604305,1117.9667432788833,2019,TRUE,TRUE,TRUE,approved_gate1_design; model_choice_pending_gate2
16,2021,Idaho,5370000,5370000,FALSE,TRUE,21732,20734,TRUE,FALSE,Idaho,648103,524037,2021,,TRUE,legacy_parsed_archive; HTML footnotes verified; 2023 original reconciled,5308.3,88955.2,105916,SMU16000002023700001,6.908333333333333,12,18.73,18.73,3.8,11.02,2178,nrstatehs1,1215,slstatehs,31,272,319310,31,FALSE,TRUE,TRUE,270.97341666666665,12,2.957692307692308,52,4.681242996018686,0.9045942698561144,586.2702600765573,474.0408673925886,1970.206319746617,1099.082037875179,9.96862885381438,4620000,19130,484.41594841528547,4664.9,6.516666666666667,9.033812615713579,29,216914,1606.9580722081703,1285.9452339768386,2020,TRUE,TRUE,TRUE,approved_gate1_design; model_choice_pending_gate2
16,2022,Idaho,5570000,5570000,FALSE,TRUE,18706,17652,TRUE,FALSE,Idaho,726996,574220,2022,,TRUE,legacy_parsed_archive; HTML footnotes verified; 2023 original reconciled,5261.6,92792.5,110891.1,SMU16000002023700001,7.283333333333333,12,29.93,19.67,4.93,13.63,3487,nrstate,1738,slstate,31,260,308494,31,FALSE,TRUE,TRUE,292.62641666666667,12,5.344038461538461,52,7.990820747791694,0.8376584820748412,608.9743658344812,481.0002535770153,2920.915126994971,1455.8504418460739,11.417285110680085,5370000,21732,586.2702600765573,5308.3,6.908333333333333,9.96862885381438,31,319310,1970.206319746617,1099.082037875179,2021,TRUE,TRUE,TRUE,approved_gate1_design; model_choice_pending_gate2
16,2023,Idaho,5400000,5400000,FALSE,TRUE,17919,16866,TRUE,TRUE,Idaho,742026,549714,2023,,TRUE,legacy_parsed_archive; HTML footnotes verified; 2023 original reconciled,5223.8,95286.5,116692.4,SMU16000002023700001,7.516666666666667,12,24.26,21.01,6.45,13.51,6242,nrstate,2026,slstate,31,257,349232,31,FALSE,TRUE,TRUE,304.70300000000003,12,6.80673076923077,52,4.126962791295052,0.8044587680462614,596.9293218182951,442.2222472177826,5021.431630144763,1629.8334640617256,10.868237956304991,5570000,18706,608.9743658344812,5261.6,7.283333333333333,11.417285110680085,31,308494,2920.915126994971,1455.8504418460739,2022,TRUE,TRUE,TRUE,approved_gate1_design; model_choice_pending_gate2
17,2015,Illinois,54500000,54500000,FALSE,TRUE,19571,18267,TRUE,FALSE,Illinois,4417695,3809078,2015,,TRUE,legacy_parsed_archive; HTML footnotes verified; 2023 original reconciled,29831.4,825424.9,657080.2,SMU17000002023700001,29.5,12,14.81,19.54,5.31,10.44,9976,nrstatehs1,10828,slstatehs,117,725,1411945,117,FALSE,TRUE,TRUE,237.00175,12,3.850576923076923,52,0.12113723253701636,1.0342581858572777,4569.037216370766,3939.5701020688675,10317.759662112203,11198.947636462603,10.79765546034998,,,,,,,,,,,,TRUE,TRUE,FALSE,approved_gate1_design; model_choice_pending_gate2
17,2016,Illinois,50200000,50200000,FALSE,TRUE,22603,21418,TRUE,FALSE,Illinois,4220642,3635204,2016,,TRUE,legacy_parsed_archive; HTML footnotes verified; 2023 original reconciled,30121.7,826404.7,664686.8,SMU17000002023700001,28.7,12,11.76,19.07,4.87,9.8,9748,nrstatehs1,9893,slstatehs,112,731,1465463,112,FALSE,TRUE,TRUE,240.00541666666663,12,3.6540384615384616,52,1.2673605433996429,1.0213144495002715,4310.602660767725,3712.6863720811853,9955.773253728647,10103.863848906187,10.008881605102662,54500000,19571,4569.037216370766,29831.4,29.5,10.79765546034998,117,1411945,10317.759662112203,11198.947636462603,2015,TRUE,TRUE,TRUE,approved_gate1_design; model_choice_pending_gate2
17,2017,Illinois,49500000,49500000,FALSE,TRUE,24992,23618,TRUE,FALSE,Illinois,3544877,2818883,2017,,TRUE,legacy_parsed_archive; HTML footnotes verified; 2023 original reconciled,30646.9,832826.8,685632.7,SMU17000002023700001,27.116666666666667,12,14.07,18.98,5.59,10.41,8799,nrstatehs1,9416,slstatehs,112,731,1419264,112,FALSE,TRUE,TRUE,245.121,12,3.989807692307693,52,2.1314449500271726,1,3544.877,2818.883,8799,9416,10.41,50200000,22603,4310.602660767725,30121.7,28.7,10.008881605102662,112,1465463,9955.773253728647,10103.863848906187,2016,TRUE,TRUE,TRUE,approved_gate1_design; model_choice_pending_gate2
17,2018,Illinois,48600000,48600000,FALSE,TRUE,21510,20214,TRUE,FALSE,Illinois,3455712,2772215,2018,,TRUE,legacy_parsed_archive; HTML footnotes verified; 2023 original reconciled,29497.9,851517.2,722686.6,SMU17000002023700001,28.566666666666663,12,17.4,19.92,5.39,11.23,8989,nrstatehs1,9095,slstatehs,110,738,1429424,110,FALSE,TRUE,TRUE,251.0995,12,4.544615384615384,52,2.438999514525486,0.9761907132431566,3373.4339620429355,2706.210538113378,8774.978321342734,8878.45453694651,10.962621709720649,49500000,24992,3544.877,30646.9,27.116666666666667,10.41,112,1419264,8799,9416,2017,TRUE,TRUE,TRUE,approved_gate1_design; model_choice_pending_gate2
17,2019,Illinois,49800000,49800000,FALSE,TRUE,20524,19735,TRUE,FALSE,Illinois,3146026,2507697,2019,,TRUE,legacy_parsed_archive; HTML footnotes verified; 2023 original reconciled,29319.2,858018.3,741904.7,SMU17000002023700001,29.45,12,16.08,19.12,5.01,10.53,8761,nrstatehs1,9351,slstatehs,112,734,1425330,112,FALSE,TRUE,TRUE,255.65258333333333,12,3.935769230769231,52,1.8132586219141489,0.958805097151701,3016.425764571777,2404.392665712029,8400.091456146052,8965.786463465556,10.096217673007411,48600000,21510,3373.4339620429355,29497.9,28.566666666666663,10.962621709720649,110,1429424,8774.978321342734,8878.45453694651,2018,TRUE,TRUE,TRUE,approved_gate1_design; model_choice_pending_gate2
17,2020,Illinois,53700000,53700000,FALSE,TRUE,18058,16700,TRUE,FALSE,Illinois,4239202,3544526,2020,,TRUE,legacy_parsed_archive; HTML footnotes verified; 2023 original reconciled,27997.6,810693.1,788153.3,SMU17000002023700001,28.8,12,10.83,19.63,4.1,9.49,8542,nrstatehs1,12209,slstatehs,114,735,1512881,114,FALSE,TRUE,TRUE,258.85575,12,3.111698113207547,53,1.2529373358571627,0.9469405257561404,4014.272170666482,3356.455313996309,8088.765971008951,11561.196878956718,8.986465589425773,49800000,20524,3016.425764571777,29319.2,29.45,10.096217673007411,112,1425330,8400.091456146052,8965.786463465556,2019,TRUE,TRUE,TRUE,approved_gate1_design; model_choice_pending_gate2
17,2021,Illinois,51500000,51500000,FALSE,TRUE,19658,18542,TRUE,FALSE,Illinois,4763226,4148546,2021,,TRUE,legacy_parsed_archive; HTML footnotes verified; 2023 original reconciled,29006.1,857114.6,849243.1,SMU17000002023700001,29.391666666666666,12,17.19,21.38,7.33,12.47,8855,nrstatehs1,12497,slstatehs,113,722,1433941,113,FALSE,TRUE,TRUE,270.97341666666665,12,2.957692307692308,52,4.681242996018686,0.9045942698561144,4308.786945629659,3752.750939834504,8010.182259575892,11304.71459039186,11.280290545105746,53700000,18058,4014.272170666482,27997.6,28.8,8.986465589425773,114,1512881,8088.765971008951,11561.196878956718,2020,TRUE,TRUE,TRUE,approved_gate1_design; model_choice_pending_gate2
17,2022,Illinois,50700000,50700000,FALSE,TRUE,20549,19688,TRUE,FALSE,Illinois,4153116,3547515,2022,,TRUE,legacy_parsed_archive; HTML footnotes verified; 2023 original reconciled,26456.9,872907.5,858844.4,SMU17000002023700001,30.28333333333333,12,28.91,25.12,8.8,15.98,10463,nrstate,12688,slstate,110,709,1392627,110,FALSE,TRUE,TRUE,292.62641666666667,12,5.344038461538461,52,7.990820747791694,0.8376584820748412,3478.892844440736,2971.60603003773,8764.420697949063,10628.210820565584,13.385782543555962,51500000,19658,4308.786945629659,29006.1,29.391666666666666,11.280290545105746,113,1433941,8010.182259575892,11304.71459039186,2021,TRUE,TRUE,TRUE,approved_gate1_design; model_choice_pending_gate2
17,2023,Illinois,54200000,54200000,FALSE,TRUE,16863,15725,TRUE,TRUE,Illinois,3817534,3150537,2023,,TRUE,legacy_parsed_archive; HTML footnotes verified; 2023 original reconciled,26310.8,884965.3,907225.7,SMU17000002023700001,30.55,12,22.25,24.04,7.2,14.12,12452,nrstate,14974,slstate,104,721,1517809,104,FALSE,TRUE,TRUE,304.70300000000003,12,6.80673076923077,52,4.126962791295052,0.8044587680462614,3071.0486986147166,2534.477113704164,10017.120579712047,12045.965592724719,11.35895780481321,50700000,20549,3478.892844440736,26456.9,30.28333333333333,13.385782543555962,110,1392627,8764.420697949063,10628.210820565584,2022,TRUE,TRUE,TRUE,approved_gate1_design; model_choice_pending_gate2
18,2015,Indiana,49500000,49500000,FALSE,TRUE,18483,17410,TRUE,FALSE,Indiana,1417027,1213534,2015,,TRUE,legacy_parsed_archive; HTML footnotes verified; 2023 original reconciled,13787,341205.2,279385.7,SMU18000002023700001,16.333333333333332,12,13.71,20.11,6.22,9.56,6269,nrstatehs1,4785,slstatehs,94,620,1286739,94,FALSE,TRUE,TRUE,237.00175,12,3.850576923076923,52,0.12113723253701636,1.0342581858572777,1465.5717743307807,1255.1074733161258,6483.764567139274,4948.9254193270735,9.887508256795575,,,,,,,,,,,,TRUE,TRUE,FALSE,approved_gate1_design; model_choice_pending_gate2
18,2016,Indiana,47400000,47400000,FALSE,TRUE,18713,17283,TRUE,FALSE,Indiana,1355349,1187588,2016,,TRUE,legacy_parsed_archive; HTML footnotes verified; 2023 original reconciled,14586,348439.2,287275.2,SMU18000002023700001,17.141666666666666,12,11.58,20.44,4.82,8.58,5232,nrstatehs1,5625,slstatehs,95,664,1367142,95,FALSE,TRUE,TRUE,240.00541666666663,12,3.6540384615384616,52,1.2673605433996429,1.0213144495002715,1384.2375178157433,1212.9007844531284,5343.51719978542,5744.893778439027,8.76287797671233,49500000,18483,1465.5717743307807,13787,16.333333333333332,9.887508256795575,94,1286739,6483.764567139274,4948.9254193270735,2015,TRUE,TRUE,TRUE,approved_gate1_design; model_choice_pending_gate2
18,2017,Indiana,49000000,49000000,FALSE,TRUE,21664,20392,TRUE,FALSE,Indiana,1304272,1106407,2017,,TRUE,legacy_parsed_archive; HTML footnotes verified; 2023 original reconciled,15743.6,357535.8,297990.5,SMU18000002023700001,18.241666666666667,12,13.97,22.1,5.76,9.57,5824,nrstatehs1,4292,slstatehs,99,649,1328005,99,FALSE,TRUE,TRUE,245.121,12,3.989807692307693,52,2.1314449500271726,1,1304.272,1106.407,5824,4292,9.57,47400000,18713,1384.2375178157433,14586,17.141666666666666,8.76287797671233,95,1367142,5343.51719978542,5744.893778439027,2016,TRUE,TRUE,TRUE,approved_gate1_design; model_choice_pending_gate2
18,2018,Indiana,50300000,50300000,FALSE,TRUE,21480,20021,TRUE,FALSE,Indiana,1302795,1077713,2018,,TRUE,legacy_parsed_archive; HTML footnotes verified; 2023 original reconciled,16173.2,368762.9,313127.2,SMU18000002023700001,17.325,12,17.27,21.63,5.83,9.67,5718,nrstatehs1,5037,slstatehs,98,653,1310673,98,FALSE,TRUE,TRUE,251.0995,12,4.544615384615384,52,2.438999514525486,0.9761907132431566,1271.7763802596182,1052.053422141422,5581.85849832437,4917.07262260578,9.439764197061324,49000000,21664,1304.272,15743.6,18.241666666666667,9.57,99,1328005,5824,4292,2017,TRUE,TRUE,TRUE,approved_gate1_design; model_choice_pending_gate2
18,2019,Indiana,51400000,51400000,FALSE,TRUE,22309,21369,TRUE,FALSE,Indiana,1554090,1243694,2019,,TRUE,legacy_parsed_archive; HTML footnotes verified; 2023 original reconciled,16641.4,370507.2,326391.4,SMU18000002023700001,18.158333333333335,12,16.89,21.57,5.48,9.53,6452,nrstatehs1,5751,slstatehs,97,650,1354773,97,FALSE,TRUE,TRUE,255.65258333333333,12,3.935769230769231,52,1.8132586219141489,0.958805097151701,1490.069413432487,1192.4601464969876,6186.210486822775,5514.088113719433,9.137412575855711,50300000,21480,1271.7763802596182,16173.2,17.325,9.439764197061324,98,1310673,5581.85849832437,4917.07262260578,2018,TRUE,TRUE,TRUE,approved_gate1_design; model_choice_pending_gate2
18,2020,Indiana,52400000,52400000,FALSE,TRUE,24919,22776,TRUE,FALSE,Indiana,1842803,1465664,2020,,TRUE,legacy_parsed_archive; HTML footnotes verified; 2023 original reconciled,16747.7,359963.6,351576.3,SMU18000002023700001,19.225,12,12.45,20.46,5.14,8.88,6511,nrstatehs1,6650,slstatehs,96,688,1393438,96,FALSE,TRUE,TRUE,258.85575,12,3.111698113207547,53,1.2529373358571627,0.9469405257561404,1745.024841684993,1387.8966387418477,6165.52976319823,6297.154496278334,8.408831868714527,51400000,22309,1490.069413432487,16641.4,18.158333333333335,9.137412575855711,97,1354773,6186.210486822775,5514.088113719433,2019,TRUE,TRUE,TRUE,approved_gate1_design; model_choice_pending_gate2
18,2021,Indiana,52300000,52300000,FALSE,TRUE,29860,28349,TRUE,FALSE,Indiana,2284400,1815737,2021,,TRUE,legacy_parsed_archive; HTML footnotes verified; 2023 original reconciled,17310.2,386872.8,391059,SMU18000002023700001,20.725,12,17.58,21.64,6.56,10.17,5656,nrstatehs1,6103,slstatehs,95,658,1320248,95,FALSE,TRUE,TRUE,270.97341666666665,12,2.957692307692308,52,4.681242996018686,0.9045942698561144,2066.455150059308,1642.5052857657315,5116.385190306183,5520.738828931866,9.199723724436684,52400000,24919,1745.024841684993,16747.7,19.225,8.408831868714527,96,1393438,6165.52976319823,6297.154496278334,2020,TRUE,TRUE,TRUE,approved_gate1_design; model_choice_pending_gate2
18,2022,Indiana,55100000,55100000,FALSE,TRUE,28245,26930,TRUE,FALSE,Indiana,1997211,1621640,2022,,TRUE,legacy_parsed_archive; HTML footnotes verified; 2023 original reconciled,16358.4,393481.5,401573.6,SMU18000002023700001,21.675,12,27.67,25.35,8.02,13.13,7701,nrstate,6862,slstate,92,765,1318683,92,FALSE,TRUE,TRUE,292.62641666666667,12,5.344038461538461,52,7.990820747791694,0.8376584820748412,1672.9807346431755,1358.3805008718455,6450.8079704583515,5748.01250399756,10.998455869642665,52300000,29860,2066.455150059308,17310.2,20.725,9.199723724436684,95,1320248,5116.385190306183,5520.738828931866,2021,TRUE,TRUE,TRUE,approved_gate1_design; model_choice_pending_gate2
18,2023,Indiana,55700000,55700000,FALSE,TRUE,27055,25507,TRUE,TRUE,Indiana,2096678,1676896,2023,,TRUE,legacy_parsed_archive; HTML footnotes verified; 2023 original reconciled,16666.3,400369.5,422345.3,SMU18000002023700001,21.983333333333334,12,22.39,24.16,6.49,11.51,11824,nrstate,9036,slstate,95,674,1373533,95,FALSE,TRUE,TRUE,304.70300000000003,12,6.80673076923077,52,4.126962791295052,0.8044587680462614,1686.691000869699,1348.9936903017035,9511.920473378994,7269.089428066018,9.259320420212468,55100000,28245,1672.9807346431755,16358.4,21.675,10.998455869642665,92,1318683,6450.8079704583515,5748.01250399756,2022,TRUE,TRUE,TRUE,approved_gate1_design; model_choice_pending_gate2
19,2015,Iowa,36000000,36000000,FALSE,TRUE,12097,11708,TRUE,FALSE,Iowa,1008054,829577,2015,,TRUE,legacy_parsed_archive; HTML footnotes verified; 2023 original reconciled,8434.3,185989.2,142521.2,,,,15.04,17.28,5.03,8.74,7399,nrstatehs1,4699,slstatehs,123,797,1496234,123,FALSE,TRUE,TRUE,237.00175,12,3.850576923076923,52,0.12113723253701636,1.0342581858572777,1042.588101286172,857.9968030489229,7652.476317157998,4859.979215343348,9.039416544392607,,,,,,,,,,,,TRUE,TRUE,FALSE,approved_gate1_design; model_choice_pending_gate2
19,2016,Iowa,38100000,38100000,FALSE,TRUE,14317,13806,TRUE,FALSE,Iowa,928893,777303,2016,,TRUE,legacy_parsed_archive; HTML footnotes verified; 2023 original reconciled,9029.5,186729.9,143839.9,,,,12.1,17.73,4.45,8.14,6193,nrstatehs1,4338,slstatehs,122,791,1533293,122,FALSE,TRUE,TRUE,240.00541666666663,12,3.6540384615384616,52,1.2673605433996429,1.0213144495002715,948.6918429396558,793.8707855399095,6325.000385755181,4430.462081932178,8.31349961893221,36000000,12097,1042.588101286172,8434.3,,9.039416544392607,123,1496234,7652.476317157998,4859.979215343348,2015,TRUE,TRUE,TRUE,approved_gate1_design; model_choice_pending_gate2
19,2017,Iowa,38700000,38700000,FALSE,TRUE,13948,13499,TRUE,FALSE,Iowa,1034361,821843,2017,,TRUE,legacy_parsed_archive; HTML footnotes verified; 2023 original reconciled,8400,187125,147911.5,,,,14.63,18.19,4.94,8.6,5037,nrstatehs1,3551,slstatehs,122,811,1479809,122,FALSE,TRUE,TRUE,245.121,12,3.989807692307693,52,2.1314449500271726,1,1034.361,821.843,5037,3551,8.6,38100000,14317,948.6918429396558,9029.5,,8.31349961893221,122,1533293,6325.000385755181,4430.462081932178,2016,TRUE,TRUE,TRUE,approved_gate1_design; model_choice_pending_gate2
19,2018,Iowa,39200000,39200000,FALSE,TRUE,11518,10980,TRUE,FALSE,Iowa,1102172,928657,2018,,TRUE,legacy_parsed_archive; HTML footnotes verified; 2023 original reconciled,8433.1,189245.1,154686,,,,17.76,18.92,5.07,9.16,5154,nrstatehs1,3203,slstatehs,125,808,1426917,125,FALSE,TRUE,TRUE,251.0995,12,4.544615384615384,52,2.438999514525486,0.9761907132431566,1075.9300707966365,906.5463391882502,5031.2869360552295,3126.7388545178305,8.941906933307315,38700000,13948,1034.361,8400,,8.6,122,1479809,5037,3551,2017,TRUE,TRUE,TRUE,approved_gate1_design; model_choice_pending_gate2
19,2019,Iowa,41700000,41700000,FALSE,TRUE,11870,11182,TRUE,FALSE,Iowa,1011405,830970,2019,,TRUE,legacy_parsed_archive; HTML footnotes verified; 2023 original reconciled,8374.6,188471.4,158156.3,,,,16.73,19.34,4.04,8.47,4155,nrstatehs1,4670,slstatehs,123,779,1412356,123,FALSE,TRUE,TRUE,255.65258333333333,12,3.935769230769231,52,1.8132586219141489,0.958805097151701,969.7402692847162,796.738271580149,3983.835178665318,4477.619803698444,8.121079172874909,39200000,11518,1075.9300707966365,8433.1,,8.941906933307315,125,1426917,5031.2869360552295,3126.7388545178305,2018,TRUE,TRUE,TRUE,approved_gate1_design; model_choice_pending_gate2
19,2020,Iowa,39600000,39600000,FALSE,TRUE,12623,11679,TRUE,FALSE,Iowa,1224020,1044858,2020,,TRUE,legacy_parsed_archive; HTML footnotes verified; 2023 original reconciled,8332.2,187261.7,168097.8,,,,12.33,18.84,4.2,8.1,4793,nrstatehs1,5675,slstatehs,132,827,1506522,132,FALSE,TRUE,TRUE,258.85575,12,3.111698113207547,53,1.2529373358571627,0.9469405257561404,1159.074142336031,989.4183838605093,4538.685939949181,5373.887483666097,7.670218258624737,41700000,11870,969.7402692847162,8374.6,,8.121079172874909,123,1412356,3983.835178665318,4477.619803698444,2019,TRUE,TRUE,TRUE,approved_gate1_design; model_choice_pending_gate2
19,2021,Iowa,35600000,35600000,FALSE,TRUE,13686,12751,TRUE,FALSE,Iowa,1279174,1110913,2021,,TRUE,legacy_parsed_archive; HTML footnotes verified; 2023 original reconciled,8275.1,202470.6,186318.9,,,,17.42,19.44,6.63,10.64,4704,nrstatehs1,4745,slstatehs,129,831,1455302,129,FALSE,TRUE,TRUE,270.97341666666665,12,2.957692307692308,52,4.681242996018686,0.9045942698561144,1157.1334705489253,1004.9255341086656,4255.211445403162,4292.299810467262,9.624883031269057,39600000,12623,1159.074142336031,8332.2,,7.670218258624737,132,1506522,4538.685939949181,5373.887483666097,2020,TRUE,TRUE,TRUE,approved_gate1_design; model_choice_pending_gate2
19,2022,Iowa,34900000,34900000,FALSE,TRUE,12704,11932,TRUE,FALSE,Iowa,1207421,1061301,2022,,TRUE,legacy_parsed_archive; HTML footnotes verified; 2023 original reconciled,7749.8,202672.5,196040.1,,,,28.5,20.7,8.13,12.88,5797,nrstate,4599,slstate,135,837,1521463,135,FALSE,TRUE,TRUE,292.62641666666667,12,5.344038461538461,52,7.990820747791694,0.8376584820748412,1011.4064420852868,889.007784684511,4855.9062205878545,3852.3913590621946,10.789041249123954,35600000,13686,1157.1334705489253,8275.1,,9.624883031269057,129,1455302,4255.211445403162,4292.299810467262,2021,TRUE,TRUE,TRUE,approved_gate1_design; model_choice_pending_gate2
19,2023,Iowa,33500000,33500000,FALSE,TRUE,11230,10554,TRUE,TRUE,Iowa,1243759,1088482,2023,,TRUE,legacy_parsed_archive; HTML footnotes verified; 2023 original reconciled,7702,201359.8,201755.9,,,,23.47,20.25,6.65,11.12,5666,nrstate,5819,slstate,129,810,1487668,129,FALSE,TRUE,TRUE,304.70300000000003,12,6.80673076923077,52,4.126962791295052,0.8044587680462614,1000.55283288645,875.6388887605307,4558.063379750117,4681.145571261195,8.945581500674425,34900000,12704,1011.4064420852868,7749.8,,10.789041249123954,135,1521463,4855.9062205878545,3852.3913590621946,2022,TRUE,TRUE,TRUE,approved_gate1_design; model_choice_pending_gate2
20,2015,Kansas,17700000,17700000,FALSE,TRUE,8644,8184,TRUE,FALSE,Kansas,768163,651270,2015,,TRUE,legacy_parsed_archive; HTML footnotes verified; 2023 original reconciled,6301.6,158602.6,136189.1,SMU20000002023700001,9.991666666666667,12,15.06,22.3,4.1,10.18,2580,nrstatehs1,2723,slstatehs,90,585,962967,90,FALSE,TRUE,TRUE,237.00175,12,3.850576923076923,52,0.12113723253701636,1.0342581858572777,794.478870822684,673.5813287032693,2668.3861195117765,2816.285040089367,10.528748332027087,,,,,,,,,,,,TRUE,TRUE,FALSE,approved_gate1_design; model_choice_pending_gate2
20,2016,Kansas,16900000,16900000,FALSE,TRUE,9807,8123,TRUE,FALSE,Kansas,780185,662383,2016,,TRUE,legacy_parsed_archive; HTML footnotes verified; 2023 original reconciled,6432.6,164643.7,136753.6,SMU20000002023700001,9.55,12,12.16,21.94,3.57,9.14,3127,nrstatehs1,3695,slstatehs,92,592,1056768,92,FALSE,TRUE,TRUE,240.00541666666663,12,3.6540384615384616,52,1.2673605433996429,1.0213144495002715,796.8142137833693,676.5013290033384,3193.650283587349,3773.756890903503,9.334814068432483,17700000,8644,794.478870822684,6301.6,9.991666666666667,10.528748332027087,90,962967,2668.3861195117765,2816.285040089367,2015,TRUE,TRUE,TRUE,approved_gate1_design; model_choice_pending_gate2
20,2017,Kansas,16300000,16300000,FALSE,TRUE,8984,7985,TRUE,FALSE,Kansas,448251,401937,2017,,TRUE,legacy_parsed_archive; HTML footnotes verified; 2023 original reconciled,6434.5,166273.6,141311.8,SMU20000002023700001,9.125,12,14.69,22.11,4.02,9.94,3044,nrstatehs1,2324,slstatehs,101,582,1011717,101,FALSE,TRUE,TRUE,245.121,12,3.989807692307693,52,2.1314449500271726,1,448.251,401.937,3044,2324,9.94,16900000,9807,796.8142137833693,6432.6,9.55,9.334814068432483,92,1056768,3193.650283587349,3773.756890903503,2016,TRUE,TRUE,TRUE,approved_gate1_design; model_choice_pending_gate2
20,2018,Kansas,15400000,15400000,FALSE,TRUE,9478,8236,TRUE,FALSE,Kansas,481822,424101,2018,,TRUE,legacy_parsed_archive; HTML footnotes verified; 2023 original reconciled,6589.1,169796.9,147407.4,SMU20000002023700001,9.65,12,17.84,22.27,4.22,10.67,3442,nrstatehs1,2350,slstatehs,98,544,906998,98,FALSE,TRUE,TRUE,251.0995,12,4.544615384615384,52,2.438999514525486,0.9761907132431566,470.35016183624424,414.003457677136,3360.0484349829453,2294.0481761214182,10.415954910304482,16300000,8984,448.251,6434.5,9.125,9.94,101,1011717,3044,2324,2017,TRUE,TRUE,TRUE,approved_gate1_design; model_choice_pending_gate2
20,2019,Kansas,15100000,15100000,FALSE,TRUE,7961,6524,TRUE,FALSE,Kansas,445765,378465,2019,,TRUE,legacy_parsed_archive; HTML footnotes verified; 2023 original reconciled,6752.8,169562.3,153011.9,SMU20000002023700001,10.591666666666669,12,16.81,21.53,3.77,10.01,3036,nrstatehs1,2785,slstatehs,96,516,926729,96,FALSE,TRUE,TRUE,255.65258333333333,12,3.935769230769231,52,1.8132586219141489,0.958805097151701,427.401754131828,362.8741710935185,2910.9322749525645,2670.2721955674874,9.597639022488528,15400000,9478,470.35016183624424,6589.1,9.65,10.415954910304482,98,906998,3360.0484349829453,2294.0481761214182,2018,TRUE,TRUE,TRUE,approved_gate1_design; model_choice_pending_gate2
20,2020,Kansas,17800000,17800000,FALSE,TRUE,8211,7721,TRUE,FALSE,Kansas,676149,599978,2020,,TRUE,legacy_parsed_archive; HTML footnotes verified; 2023 original reconciled,6743.2,166621.4,162277.2,SMU20000002023700001,10.458333333333334,12,12.39,21.39,3.27,8.85,3274,nrstatehs1,3760,slstatehs,102,574,1078593,102,FALSE,TRUE,TRUE,258.85575,12,3.111698113207547,53,1.2529373358571627,0.9469405257561404,640.2728895494886,568.1434827621175,3100.2832813256036,3560.496376843088,8.380423652941841,15100000,7961,427.401754131828,6752.8,10.591666666666669,9.597639022488528,96,926729,2910.9322749525645,2670.2721955674874,2019,TRUE,TRUE,TRUE,approved_gate1_design; model_choice_pending_gate2
20,2021,Kansas,19400000,19400000,FALSE,TRUE,9538,9308,TRUE,FALSE,Kansas,783416,638830,2021,,TRUE,legacy_parsed_archive; HTML footnotes verified; 2023 original reconciled,6729.9,170401.2,173977,SMU20000002023700001,9.958333333333334,12,17.5,21.63,5.04,11.06,3768,nrstatehs1,2817,slstatehs,107,609,1126858,107,FALSE,TRUE,TRUE,270.97341666666665,12,2.957692307692308,52,4.681242996018686,0.9045942698561144,708.6736245135977,577.8819574121816,3408.511208817839,2548.242058184674,10.004812624608626,17800000,8211,640.2728895494886,6743.2,10.458333333333334,8.380423652941841,102,1078593,3100.2832813256036,3560.496376843088,2020,TRUE,TRUE,TRUE,approved_gate1_design; model_choice_pending_gate2
20,2022,Kansas,19000000,19000000,FALSE,TRUE,9560,9086,TRUE,FALSE,Kansas,1036860,871784,2022,,TRUE,legacy_parsed_archive; HTML footnotes verified; 2023 original reconciled,6103.6,177776.1,181747,SMU20000002023700001,10.05,12,28.63,24.33,8.08,15.3,4850,nrstate,3346,slstate,110,612,1082707,110,FALSE,TRUE,TRUE,292.62641666666667,12,5.344038461538461,52,7.990820747791694,0.8376584820748412,868.5345737241197,730.2572621371334,4062.64363806298,2802.8052810224185,12.81617477574507,19400000,9538,708.6736245135977,6729.9,9.958333333333334,10.004812624608626,107,1126858,3408.511208817839,2548.242058184674,2021,TRUE,TRUE,TRUE,approved_gate1_design; model_choice_pending_gate2
20,2023,Kansas,18700000,18700000,FALSE,TRUE,9504,9269,TRUE,TRUE,Kansas,1440388,1207696,2023,,TRUE,legacy_parsed_archive; HTML footnotes verified; 2023 original reconciled,6262.2,180267.5,187457.3,SMU20000002023700001,10.825,12,23.58,22.38,5.36,12.55,8407,nrstate,3951,slstate,113,598,1034323,113,FALSE,TRUE,TRUE,304.70300000000003,12,6.80673076923077,52,4.126962791295052,0.8044587680462614,1158.7327559886182,971.5416363343976,6763.084862964919,3178.4165925507787,10.095957538980581,19000000,9560,868.5345737241197,6103.6,10.05,12.81617477574507,110,1082707,4062.64363806298,2802.8052810224185,2022,TRUE,TRUE,TRUE,approved_gate1_design; model_choice_pending_gate2
21,2015,Kentucky,55600000,55600000,FALSE,TRUE,10566,8753,TRUE,FALSE,Kentucky,1734109,1417034,2015,,TRUE,legacy_parsed_archive; HTML footnotes verified; 2023 original reconciled,7868.3,199487.1,172269.4,SMU21000002023700001,13.1,12,15.04,16.07,4.28,9.46,3744,nrstatehs1,4195,slstatehs,67,623,1323062,67,FALSE,TRUE,TRUE,237.00175,12,3.850576923076923,52,0.12113723253701636,1.0342581858572777,1793.5164284187779,1465.5790141380817,3872.2626478496477,4338.71308967128,9.784082438209849,,,,,,,,,,,,TRUE,TRUE,FALSE,approved_gate1_design; model_choice_pending_gate2
21,2016,Kentucky,50000000,50000000,FALSE,TRUE,12714,11499,TRUE,FALSE,Kentucky,1657291,1315383,2016,,TRUE,legacy_parsed_archive; HTML footnotes verified; 2023 original reconciled,7771.5,201007.2,175275.6,SMU21000002023700001,12.175,12,12.1,16.61,3.73,8.86,4101,nrstatehs1,3633,slstatehs,62,657,1379696,62,FALSE,TRUE,TRUE,240.00541666666663,12,3.6540384615384616,52,1.2673605433996429,1.0213144495002715,1692.6152453267543,1343.4196645270156,4188.4105574006135,3710.435395034486,9.048846022572405,55600000,10566,1793.5164284187779,7868.3,13.1,9.784082438209849,67,1323062,3872.2626478496477,4338.71308967128,2015,TRUE,TRUE,TRUE,approved_gate1_design; model_choice_pending_gate2
21,2017,Kentucky,50600000,50600000,FALSE,TRUE,12630,10690,TRUE,FALSE,Kentucky,1370672,992711,2017,,TRUE,legacy_parsed_archive; HTML footnotes verified; 2023 original reconciled,7813.5,203564,180836.1,SMU21000002023700001,11.408333333333331,12,14.63,16.75,4.26,9.56,4400,nrstatehs1,3595,slstatehs,67,673,1437004,67,FALSE,TRUE,TRUE,245.121,12,3.989807692307693,52,2.1314449500271726,1,1370.672,992.711,4400,3595,9.56,50000000,12714,1692.6152453267543,7771.5,12.175,9.048846022572405,62,1379696,4188.4105574006135,3710.435395034486,2016,TRUE,TRUE,TRUE,approved_gate1_design; model_choice_pending_gate2
21,2018,Kentucky,49700000,49700000,FALSE,TRUE,13826,12098,TRUE,FALSE,Kentucky,1167549,836463,2018,,TRUE,legacy_parsed_archive; HTML footnotes verified; 2023 original reconciled,7774.3,205940.1,186931.1,SMU21000002023700001,11.791666666666666,12,17.76,16.65,4.19,10.03,4975,nrstatehs1,3673,slstatehs,68,638,1342192,68,FALSE,TRUE,TRUE,251.0995,12,4.544615384615384,52,2.438999514525486,0.9761907132431566,1139.7504910563343,816.5474125715106,4856.548798384704,3585.5484897421143,9.79119285382886,50600000,12630,1370.672,7813.5,11.408333333333331,9.56,67,1437004,4400,3595,2017,TRUE,TRUE,TRUE,approved_gate1_design; model_choice_pending_gate2
21,2019,Kentucky,52100000,52100000,FALSE,TRUE,11811,11090,TRUE,FALSE,Kentucky,1293161,919490,2019,,TRUE,legacy_parsed_archive; HTML footnotes verified; 2023 original reconciled,8036,211783.1,195518.9,SMU21000002023700001,12.625,12,16.73,16.33,3.87,9.55,6458,nrstatehs1,3258,slstatehs,72,685,1421614,72,FALSE,TRUE,TRUE,255.65258333333333,12,3.935769230769231,52,1.8132586219141489,0.958805097151701,1239.889358237791,881.6116987800176,6191.963317405685,3123.787006520242,9.156588677798746,49700000,13826,1139.7504910563343,7774.3,11.791666666666666,9.79119285382886,68,1342192,4856.548798384704,3585.5484897421143,2018,TRUE,TRUE,TRUE,approved_gate1_design; model_choice_pending_gate2
21,2020,Kentucky,50000000,50000000,FALSE,TRUE,11281,8930,TRUE,FALSE,Kentucky,1379455,985215,2020,,TRUE,legacy_parsed_archive; HTML footnotes verified; 2023 original reconciled,7932.5,206601.9,212278.2,SMU21000002023700001,12.15,12,12.33,15.57,3.33,8.78,5890,nrstatehs1,2454,slstatehs,70,693,1463799,70,FALSE,TRUE,TRUE,258.85575,12,3.111698113207547,53,1.2529373358571627,0.9469405257561404,1306.2618429569366,932.9400100828359,5577.479696703667,2323.7920502055686,8.314137816138912,52100000,11811,1239.889358237791,8036,12.625,9.156588677798746,72,1421614,6191.963317405685,3123.787006520242,2019,TRUE,TRUE,TRUE,approved_gate1_design; model_choice_pending_gate2
21,2021,Kentucky,51100000,51100000,FALSE,TRUE,14841,12384,TRUE,FALSE,Kentucky,1297833,940760,2021,,TRUE,legacy_parsed_archive; HTML footnotes verified; 2023 original reconciled,7908.3,215535,234113.4,SMU21000002023700001,12.5,12,17.42,17.43,4.8,10.92,5535,nrstatehs1,2727,slstatehs,70,672,1340800,70,FALSE,TRUE,TRUE,270.97341666666665,12,2.957692307692308,52,4.681242996018686,0.9045942698561144,1174.0122950301704,851.0061053098382,5006.929283653593,2466.8285738976238,9.87816942682877,50000000,11281,1306.2618429569366,7932.5,12.15,8.314137816138912,70,1463799,5577.479696703667,2323.7920502055686,2020,TRUE,TRUE,TRUE,approved_gate1_design; model_choice_pending_gate2
21,2022,Kentucky,53800000,53800000,FALSE,TRUE,15078,12834,TRUE,FALSE,Kentucky,1516610,1100524,2022,,TRUE,legacy_parsed_archive; HTML footnotes verified; 2023 original reconciled,7570.8,220641.8,237842.6,SMU21000002023700001,13.066666666666666,12,28.5,21.72,7.46,14.31,7453,nrstate,3891,slstate,71,694,1384121,71,FALSE,TRUE,TRUE,292.62641666666667,12,5.344038461538461,52,7.990820747791694,0.8376584820748412,1270.4012304995247,921.8632633269324,6243.068666903791,3259.329153753207,11.986892878490977,51100000,14841,1174.0122950301704,7908.3,12.5,9.87816942682877,70,1340800,5006.929283653593,2466.8285738976238,2021,TRUE,TRUE,TRUE,approved_gate1_design; model_choice_pending_gate2
21,2023,Kentucky,55500000,55500000,FALSE,TRUE,15415,13049,TRUE,TRUE,Kentucky,1683107,1257678,2023,,TRUE,legacy_parsed_archive; HTML footnotes verified; 2023 original reconciled,7795.9,226942.4,253319.5,SMU21000002023700001,13.758333333333333,12,23.47,19.21,4.24,11.34,9128,nrstate,4689,slstate,70,703,1449391,70,FALSE,TRUE,TRUE,304.70300000000003,12,6.80673076923077,52,4.126962791295052,0.8044587680462614,1353.9901837100388,1011.750094478886,7343.0996347262735,3772.1071633689194,9.122562429644605,53800000,15078,1270.4012304995247,7570.8,13.066666666666666,11.986892878490977,71,1384121,6243.068666903791,3259.329153753207,2022,TRUE,TRUE,TRUE,approved_gate1_design; model_choice_pending_gate2
22,2015,Louisiana,W,,TRUE,TRUE,13830,12115,TRUE,FALSE,Louisiana,1056379,969518,2015,,TRUE,legacy_parsed_archive; HTML footnotes verified; 2023 original reconciled,14504.3,239584.1,198425.9,SMU22000002023700001,49.425,12,13.63,15.86,3.25,6.95,14874,nrstatehs1,5200,slstatehs,2,18,28071,2,FALSE,TRUE,TRUE,237.00175,12,3.850576923076923,52,0.12113723253701636,1.0342581858572777,1092.568628117725,1002.7319278359762,15383.556256441148,5378.142566457844,7.18809439170808,,,,,,,,,,,,FALSE,FALSE,FALSE,approved_gate1_design; model_choice_pending_gate2
22,2016,Louisiana,W,,TRUE,TRUE,14503,12971,TRUE,FALSE,Louisiana,1088686,996536,2016,,TRUE,legacy_parsed_archive; HTML footnotes verified; 2023 original reconciled,14998.7,235554.2,197411.9,SMU22000002023700001,46.56666666666667,12,12.11,14.88,3.04,6.12,15254,nrstatehs1,3993,slstatehs,2,12,19257,2,FALSE,TRUE,TRUE,240.00541666666663,12,3.6540384615384616,52,1.2673605433996429,1.0213144495002715,1111.8907427686524,1017.7766162472025,15579.130612677141,4078.108596854584,6.250444430941662,,13830,1092.568628117725,14504.3,49.425,7.18809439170808,2,28071,15383.556256441148,5378.142566457844,2015,FALSE,FALSE,FALSE,approved_gate1_design; model_choice_pending_gate2
22,2017,Louisiana,W,,TRUE,TRUE,15224,12799,TRUE,FALSE,Louisiana,1151091,1041930,2017,,TRUE,legacy_parsed_archive; HTML footnotes verified; 2023 original reconciled,16168.8,239830.7,203454.9,SMU22000002023700001,46.69166666666667,12,14.77,16.06,3.57,7.53,15055,nrstatehs1,4265,slstatehs,2,9,15162,2,FALSE,TRUE,TRUE,245.121,12,3.989807692307693,52,2.1314449500271726,1,1151.091,1041.93,15055,4265,7.53,,14503,1111.8907427686524,14998.7,46.56666666666667,6.250444430941662,2,19257,15579.130612677141,4078.108596854584,2016,FALSE,FALSE,FALSE,approved_gate1_design; model_choice_pending_gate2
22,2018,Louisiana,W,,TRUE,TRUE,15835,12881,TRUE,FALSE,Louisiana,860465,775584,2018,,TRUE,legacy_parsed_archive; HTML footnotes verified; 2023 original reconciled,16445.6,245220.3,212320.8,SMU22000002023700001,45.291666666666664,12,18.11,15.69,3.45,8.38,13259,nrstatehs1,3958,slstatehs,2,8,13678,2,FALSE,TRUE,TRUE,251.0995,12,4.544615384615384,52,2.438999514525486,0.9761907132431566,839.9779420707728,757.1178981399803,12943.312666891014,3863.762843016414,8.180478176977653,,15224,1151.091,16168.8,46.69166666666667,7.53,2,15162,15055,4265,2017,FALSE,FALSE,FALSE,approved_gate1_design; model_choice_pending_gate2
22,2019,Louisiana,W,,TRUE,TRUE,15793,14664,TRUE,FALSE,Louisiana,886746,809487,2019,,TRUE,legacy_parsed_archive; HTML footnotes verified; 2023 original reconciled,15022.8,246674.4,219305,SMU22000002023700001,42.675,12,16.66,15.33,3.3,7.26,10750,nrstatehs1,3129,slstatehs,1,6,12070,1,FALSE,TRUE,TRUE,255.65258333333333,12,3.935769230769231,52,1.8132586219141489,0.958805097151701,850.2165846788822,776.140261678039,10307.154794380785,3000.1011489876723,6.960925005321349,,15835,839.9779420707728,16445.6,45.291666666666664,8.180478176977653,2,13678,12943.312666891014,3863.762843016414,2018,FALSE,FALSE,FALSE,approved_gate1_design; model_choice_pending_gate2
22,2020,Louisiana,W,,TRUE,TRUE,17283,14246,TRUE,FALSE,Louisiana,971945,889121,2020,,TRUE,legacy_parsed_archive; HTML footnotes verified; 2023 original reconciled,13284,225636,233449.5,SMU22000002023700001,37.61666666666667,12,11.58,14.3,2.53,5.47,7120,nrstatehs1,3627,slstatehs,1,6,8099,1,FALSE,TRUE,TRUE,258.85575,12,3.111698113207547,53,1.2529373358571627,0.9469405257561404,920.3741093060519,841.9447072008253,6742.21654338372,3434.5532869175213,5.179764675886088,,15793,850.2165846788822,15022.8,42.675,6.960925005321349,1,12070,10307.154794380785,3000.1011489876723,2019,FALSE,FALSE,FALSE,approved_gate1_design; model_choice_pending_gate2
22,2021,Louisiana,W,,TRUE,TRUE,19147,15132,TRUE,FALSE,Louisiana,1022700,921081,2021,,TRUE,legacy_parsed_archive; HTML footnotes verified; 2023 original reconciled,13820,242582.1,255091.5,SMU22000002023700001,38.95,12,17.82,18.21,3.97,9.11,5247,nrstatehs1,4336,slstatehs,1,1,1980,1,FALSE,TRUE,TRUE,270.97341666666665,12,2.957692307692308,52,4.681242996018686,0.9045942698561144,925.1285597818481,833.2045946733397,4746.406133935032,3922.3207540961116,8.240853798389201,,17283,920.3741093060519,13284,37.61666666666667,5.179764675886088,1,8099,6742.21654338372,3434.5532869175213,2020,FALSE,FALSE,FALSE,approved_gate1_design; model_choice_pending_gate2
22,2022,Louisiana,W,,TRUE,TRUE,15544,13245,TRUE,FALSE,Louisiana,1190251,1062780,2022,,TRUE,legacy_parsed_archive; HTML footnotes verified; 2023 original reconciled,12253.1,240043,254415.5,SMU22000002023700001,38.708333333333336,12,27.92,22.1,7.05,11.25,6818,nrstate,4996,slstate,1,1,520,1,FALSE,TRUE,TRUE,292.62641666666667,12,5.344038461538461,52,7.990820747791694,0.8376584820748412,997.0238459480618,890.2466815794996,5711.155530786267,4184.941776445907,9.423657923341963,,19147,925.1285597818481,13820,38.95,8.240853798389201,1,1980,4746.406133935032,3922.3207540961116,2021,FALSE,FALSE,FALSE,approved_gate1_design; model_choice_pending_gate2
22,2023,Louisiana,W,,TRUE,TRUE,14247,11040,TRUE,TRUE,Louisiana,1280139,1185604,2023,,TRUE,legacy_parsed_archive; HTML footnotes verified; 2023 original reconciled,12517.2,248949.4,270677.4,SMU22000002023700001,42.15833333333333,12,22.52,17.23,3.82,7.71,8744,nrstate,5797,slstate,0,0,0,0,TRUE,TRUE,TRUE,304.70300000000003,12,6.80673076923077,52,4.126962791295052,0.8044587680462614,1029.819042867973,953.7695332307197,7034.18746779651,4663.447478364177,6.202377101636675,,15544,997.0238459480618,12253.1,38.708333333333336,9.423657923341963,1,520,5711.155530786267,4184.941776445907,2022,FALSE,FALSE,FALSE,approved_gate1_design; model_choice_pending_gate2
23,2015,Maine,4330000,4330000,FALSE,TRUE,3699,2904,TRUE,FALSE,Maine,406176,331928,2015,,TRUE,legacy_parsed_archive; HTML footnotes verified; 2023 original reconciled,2170.9,60563,57356.5,SMU23000002023700001,3.025,12,15.53,26.53,8.68,9.04,667,nrstatehs1,647,slstatehs,34,165,211342,34,FALSE,TRUE,TRUE,237.00175,12,3.850576923076923,52,0.12113723253701636,1.0342581858572777,420.0908528987656,343.2992511152345,689.8502099668042,669.1650462496586,9.349694000149789,,,,,,,,,,,,TRUE,TRUE,FALSE,approved_gate1_design; model_choice_pending_gate2
23,2016,Maine,4210000,4210000,FALSE,TRUE,4010,3340,TRUE,FALSE,Maine,423579,346376,2016,,TRUE,legacy_parsed_archive; HTML footnotes verified; 2023 original reconciled,2173.4,62037.1,59286.8,SMU23000002023700001,3.066666666666667,12,12.73,26.26,7.46,8.49,495,nrstatehs1,542,slstatehs,34,189,230813,34,FALSE,TRUE,TRUE,240.00541666666663,12,3.6540384615384616,52,1.2673605433996429,1.0213144495002715,432.6073532048755,353.758813760106,505.5506525026344,553.5524316291471,8.670959676257306,4330000,3699,420.0908528987656,2170.9,3.025,9.349694000149789,34,211342,689.8502099668042,669.1650462496586,2015,TRUE,TRUE,TRUE,approved_gate1_design; model_choice_pending_gate2
23,2017,Maine,4400000,4400000,FALSE,TRUE,4358,3529,TRUE,FALSE,Maine,509858,426604,2017,,TRUE,legacy_parsed_archive; HTML footnotes verified; 2023 original reconciled,2208.6,63000.6,61740.1,SMU23000002023700001,3.1083333333333334,12,13.85,26.98,7.87,8.77,609,nrstatehs1,416,slstatehs,34,194,259068,34,FALSE,TRUE,TRUE,245.121,12,3.989807692307693,52,2.1314449500271726,1,509.858,426.604,609,416,8.77,4210000,4010,432.6073532048755,2173.4,3.066666666666667,8.670959676257306,34,230813,505.5506525026344,553.5524316291471,2016,TRUE,TRUE,TRUE,approved_gate1_design; model_choice_pending_gate2
23,2018,Maine,4040000,4040000,FALSE,TRUE,4697,3820,TRUE,FALSE,Maine,440207,356535,2018,,TRUE,legacy_parsed_archive; HTML footnotes verified; 2023 original reconciled,2256.1,64806.3,64463.2,SMU23000002023700001,3.3833333333333333,12,18.09,27.32,8.93,9.59,605,nrstatehs1,705,slstatehs,34,176,263697,34,FALSE,TRUE,TRUE,251.0995,12,4.544615384615384,52,2.438999514525486,0.9761907132431566,429.7259853046302,348.0461559461489,590.5953815121097,688.2144528364255,9.361668940001872,4400000,4358,509.858,2208.6,3.1083333333333334,8.77,34,259068,609,416,2017,TRUE,TRUE,TRUE,approved_gate1_design; model_choice_pending_gate2
23,2019,Maine,4500000,4500000,FALSE,TRUE,4760,3849,TRUE,FALSE,Maine,486290,401574,2019,,TRUE,legacy_parsed_archive; HTML footnotes verified; 2023 original reconciled,2284.5,66758.4,67852.8,SMU23000002023700001,3.475,12,16.6,27.03,8.36,8.87,882,nrstatehs1,1403,slstatehs,35,172,270520,35,FALSE,TRUE,TRUE,255.65258333333333,12,3.935769230769231,52,1.8132586219141489,0.958805097151701,466.2573306939007,385.0311980835972,845.6660956878003,1345.2035513038365,8.504601211735588,4040000,4697,429.7259853046302,2256.1,3.3833333333333333,9.361668940001872,34,263697,590.5953815121097,688.2144528364255,2018,TRUE,TRUE,TRUE,approved_gate1_design; model_choice_pending_gate2
23,2020,Maine,4690000,4690000,FALSE,TRUE,5304,3522,TRUE,FALSE,Maine,597663,509402,2020,,TRUE,legacy_parsed_archive; HTML footnotes verified; 2023 original reconciled,2291.7,67639.2,74137,SMU23000002023700001,3.8166666666666664,12,11.89,25.98,7.55,8.59,885,nrstatehs1,1505,slstatehs,35,166,271754,35,FALSE,TRUE,TRUE,258.85575,12,3.111698113207547,53,1.2529373358571627,0.9469405257561404,565.9513154449921,482.3733977012294,838.0423652941843,1425.1454912629913,8.134219116245246,4500000,4760,466.2573306939007,2284.5,3.475,8.504601211735588,35,270520,845.6660956878003,1345.2035513038365,2019,TRUE,TRUE,TRUE,approved_gate1_design; model_choice_pending_gate2
23,2021,Maine,4700000,4700000,FALSE,TRUE,6530,4816,TRUE,FALSE,Maine,528309,441556,2021,,TRUE,legacy_parsed_archive; HTML footnotes verified; 2023 original reconciled,2402.8,71353.5,81887.1,SMU23000002023700001,3.933333333333333,12,16.28,27.98,8.82,10.24,1189,nrstatehs1,1442,slstatehs,36,170,260384,36,FALSE,TRUE,TRUE,270.97341666666665,12,2.957692307692308,52,4.681242996018686,0.9045942698561144,477.9052941134139,399.4290274205864,1075.56258685892,1304.4249371325168,9.263045323326612,4690000,5304,565.9513154449921,2291.7,3.8166666666666664,8.134219116245246,35,271754,838.0423652941843,1425.1454912629913,2020,TRUE,TRUE,TRUE,approved_gate1_design; model_choice_pending_gate2
23,2022,Maine,4480000,4480000,FALSE,TRUE,7094,5443,TRUE,FALSE,Maine,533693,465466,2022,,TRUE,legacy_parsed_archive; HTML footnotes verified; 2023 original reconciled,2242.1,72884.4,85704.2,SMU23000002023700001,3.8833333333333337,12,27.53,32.33,12.39,13.73,1157,nrstate,1401,slstate,35,158,260288,35,FALSE,TRUE,TRUE,292.62641666666667,12,5.344038461538461,52,7.990820747791694,0.8376584820748412,447.0524682739682,389.90154301744803,969.1708637605913,1173.5595333868525,11.50105095888757,4700000,6530,477.9052941134139,2402.8,3.933333333333333,9.263045323326612,36,260384,1075.56258685892,1304.4249371325168,2021,TRUE,TRUE,TRUE,approved_gate1_design; model_choice_pending_gate2
23,2023,Maine,4260000,4260000,FALSE,TRUE,6183,4048,TRUE,TRUE,Maine,567590,499757,2023,,TRUE,legacy_parsed_archive; HTML footnotes verified; 2023 original reconciled,2297.6,75514,91602.3,SMU23000002023700001,4.208333333333333,12,23.86,36.04,10.03,13.29,935,nrstate,1572,slstate,35,178,268424,35,FALSE,TRUE,TRUE,304.70300000000003,12,6.80673076923077,52,4.126962791295052,0.8044587680462614,456.6027521553775,402.0339005424955,752.1689481232544,1264.6091833687228,10.691257027334814,4480000,7094,447.0524682739682,2242.1,3.8833333333333337,11.50105095888757,35,260288,969.1708637605913,1173.5595333868525,2022,TRUE,TRUE,TRUE,approved_gate1_design; model_choice_pending_gate2
24,2015,Maryland,22700000,22700000,FALSE,TRUE,17057,17016,TRUE,FALSE,Maryland,1370582,1084246,2015,,TRUE,legacy_parsed_archive; HTML footnotes verified; 2023 original reconciled,20262.6,378745.9,332956.2,SMU24000002023700001,17.358333333333334,12,14.54,25,9.19,13.33,3809,nrstatehs1,5696,slstatehs,30,224,448978,30,FALSE,TRUE,TRUE,237.00175,12,3.850576923076923,52,0.12113723253701636,1.0342581858572777,1417.5356528886396,1121.39030098301,3939.4894299303705,5891.134626643054,13.786661617477511,,,,,,,,,,,,TRUE,TRUE,FALSE,approved_gate1_design; model_choice_pending_gate2
24,2016,Maryland,22100000,22100000,FALSE,TRUE,17044,16947,TRUE,FALSE,Maryland,1411409,1061575,2016,,TRUE,legacy_parsed_archive; HTML footnotes verified; 2023 original reconciled,22535.7,391950.9,344195.1,SMU24000002023700001,18.708333333333332,12,11.39,23.11,8.37,11.82,4370,nrstatehs1,5764,slstatehs,27,226,494326,27,FALSE,TRUE,TRUE,240.00541666666663,12,3.6540384615384616,52,1.2673605433996429,1.0213144495002715,1441.4924058547288,1084.2018867282507,4463.144144316187,5886.856486919565,12.07193679309321,22700000,17057,1417.5356528886396,20262.6,17.358333333333334,13.786661617477511,30,448978,3939.4894299303705,5891.134626643054,2015,TRUE,TRUE,TRUE,approved_gate1_design; model_choice_pending_gate2
24,2017,Maryland,24300000,24300000,FALSE,TRUE,16224,15938,TRUE,FALSE,Maryland,1451730,1146180,2017,,TRUE,legacy_parsed_archive; HTML footnotes verified; 2023 original reconciled,24317.1,399714.5,356079,SMU24000002023700001,18.983333333333334,12,15,24.53,9.4,13.04,3569,nrstatehs1,5451,slstatehs,26,223,502363,26,FALSE,TRUE,TRUE,245.121,12,3.989807692307693,52,2.1314449500271726,1,1451.73,1146.18,3569,5451,13.04,22100000,17044,1441.4924058547288,22535.7,18.708333333333332,12.07193679309321,27,494326,4463.144144316187,5886.856486919565,2016,TRUE,TRUE,TRUE,approved_gate1_design; model_choice_pending_gate2
24,2018,Maryland,22500000,22500000,FALSE,TRUE,18647,18591,TRUE,FALSE,Maryland,1548445,1241685,2018,,TRUE,legacy_parsed_archive; HTML footnotes verified; 2023 original reconciled,24008.9,402480.9,367831.3,SMU24000002023700001,16.95,12,16.15,24.11,8.75,13.8,4368,nrstatehs1,5023,slstatehs,25,227,479666,25,FALSE,TRUE,TRUE,251.0995,12,4.544615384615384,52,2.438999514525486,0.9761907132431566,1511.5776289677997,1212.121365773329,4264.001035446108,4903.4059526203755,13.471431842755562,24300000,16224,1451.73,24317.1,18.983333333333334,13.04,26,502363,3569,5451,2017,TRUE,TRUE,TRUE,approved_gate1_design; model_choice_pending_gate2
24,2019,Maryland,25700000,25700000,FALSE,TRUE,18491,18356,TRUE,FALSE,Maryland,1520245,1260444,2019,,TRUE,legacy_parsed_archive; HTML footnotes verified; 2023 original reconciled,23976,402506.2,380447.2,SMU24000002023700001,17.8,12,14.95,22.86,9.63,14.07,4429,nrstatehs1,5750,slstatehs,22,217,458975,22,FALSE,TRUE,TRUE,255.65258333333333,12,3.935769230769231,52,1.8132586219141489,0.958805097151701,1457.6186549193876,1208.5201318742786,4246.547775284884,5513.129308622281,13.490387716924435,22500000,18647,1511.5776289677997,24008.9,16.95,13.471431842755562,25,479666,4264.001035446108,4903.4059526203755,2018,TRUE,TRUE,TRUE,approved_gate1_design; model_choice_pending_gate2
24,2020,Maryland,24600000,24600000,FALSE,TRUE,17982,17609,TRUE,FALSE,Maryland,1590609,1324873,2020,,TRUE,legacy_parsed_archive; HTML footnotes verified; 2023 original reconciled,23421.7,389178.6,400750,SMU24000002023700001,17.541666666666668,12,10.67,22.89,8.5,13.43,4298,nrstatehs1,5579,slstatehs,24,217,440332,24,FALSE,TRUE,TRUE,258.85575,12,3.111698113207547,53,1.2529373358571627,0.9469405257561404,1506.2121227324487,1254.575935180115,4069.9503796998915,5282.981193193507,12.717411260904965,25700000,18491,1457.6186549193876,23976,17.8,13.490387716924435,22,458975,4246.547775284884,5513.129308622281,2019,TRUE,TRUE,TRUE,approved_gate1_design; model_choice_pending_gate2
24,2021,Maryland,25700000,25700000,FALSE,TRUE,18496,18216,TRUE,FALSE,Maryland,1233482,1075306,2021,,TRUE,legacy_parsed_archive; HTML footnotes verified; 2023 original reconciled,23262.7,407160.1,427803.2,SMU24000002023700001,17.333333333333332,12,14.67,24.79,8.77,15.1,4260,nrstatehs1,5043,slstatehs,25,232,466865,25,FALSE,TRUE,TRUE,270.97341666666665,12,2.957692307692308,52,4.681242996018686,0.9045942698561144,1115.8007491706596,972.715645941899,3853.571589587047,4561.868902884385,13.659373474827326,24600000,17982,1506.2121227324487,23421.7,17.541666666666668,12.717411260904965,24,440332,4069.9503796998915,5282.981193193507,2020,TRUE,TRUE,TRUE,approved_gate1_design; model_choice_pending_gate2
24,2022,Maryland,24400000,24400000,FALSE,TRUE,22860,22827,TRUE,FALSE,Maryland,1239236,1082897,2022,,TRUE,legacy_parsed_archive; HTML footnotes verified; 2023 original reconciled,21459.3,412670.7,438306.4,SMU24000002023700001,17.608333333333334,12,26.68,29.33,11.76,20.26,5084,nrstate,5951,slstate,26,225,480819,26,FALSE,TRUE,TRUE,292.62641666666667,12,5.344038461538461,52,7.990820747791694,0.8376584820748412,1038.056546692498,907.0978572633992,4258.655722868492,4984.90562682738,16.970960846836284,25700000,18496,1115.8007491706596,23262.7,17.333333333333332,13.659373474827326,25,466865,3853.571589587047,4561.868902884385,2021,TRUE,TRUE,TRUE,approved_gate1_design; model_choice_pending_gate2
24,2023,Maryland,23800000,23800000,FALSE,TRUE,18453,18355,TRUE,TRUE,Maryland,1250208,1078069,2023,,TRUE,legacy_parsed_archive; HTML footnotes verified; 2023 original reconciled,20864.7,420558,469239.6,SMU24000002023700001,17.166666666666668,12,23.18,29.15,12.82,19.4,5599,nrstate,6570,slstate,27,280,552146,27,FALSE,TRUE,TRUE,304.70300000000003,12,6.80673076923077,52,4.126962791295052,0.8044587680462614,1005.7407874815804,867.2620596088649,4504.164642291017,5285.294106063937,15.60650010009747,24400000,22860,1038.056546692498,21459.3,17.608333333333334,16.970960846836284,26,480819,4258.655722868492,4984.90562682738,2022,TRUE,TRUE,TRUE,approved_gate1_design; model_choice_pending_gate2
25,2015,Massachusetts,12100000,12100000,FALSE,TRUE,17424,14908,TRUE,FALSE,Massachusetts  3/,1064039,887053,2011,3,FALSE,legacy_parsed_archive; HTML footnotes verified; 2023 original reconciled,18845.6,514398.7,422547.6,SMU25000002023700001,14.016666666666666,12,15.64,39.7,8.96,19.86,8032,nrstatehs1,7346,slstatehs,52,346,674285,52,FALSE,TRUE,TRUE,237.00175,12,3.850576923076923,52,0.12113723253701636,1.0342581858572777,,,8307.161748805654,7597.6606333075615,20.540367571125536,,,,,,,,,,,,TRUE,FALSE,FALSE,approved_gate1_design; model_choice_pending_gate2
25,2016,Massachusetts,12600000,12600000,FALSE,TRUE,16288,13885,TRUE,FALSE,Massachusetts  3/,1064039,887053,2011,3,FALSE,legacy_parsed_archive; HTML footnotes verified; 2023 original reconciled,19845.7,521662.8,438598.5,SMU25000002023700001,14.733333333333334,12,12.82,39.2,7.18,17.79,8868,nrstatehs1,6260,slstatehs,53,380,718808,53,FALSE,TRUE,TRUE,240.00541666666663,12,3.6540384615384616,52,1.2673605433996429,1.0213144495002715,,,9057.016538168407,6393.428453871699,18.16918405660983,12100000,17424,,18845.6,14.016666666666666,20.540367571125536,52,674285,8307.161748805654,7597.6606333075615,2015,TRUE,FALSE,FALSE,approved_gate1_design; model_choice_pending_gate2
25,2017,Massachusetts,12900000,12900000,FALSE,TRUE,17728,15441,TRUE,FALSE,Massachusetts,1756843,1516896,2017,,TRUE,legacy_parsed_archive; HTML footnotes verified; 2023 original reconciled,20871,530129.4,459778.7,SMU25000002023700001,14.275,12,13.95,40.69,7.79,18.14,11080,nrstatehs1,5891,slstatehs,53,366,686283,53,FALSE,TRUE,TRUE,245.121,12,3.989807692307693,52,2.1314449500271726,1,1756.843,1516.896,11080,5891,18.14,12600000,16288,,19845.7,14.733333333333334,18.16918405660983,53,718808,9057.016538168407,6393.428453871699,2016,TRUE,TRUE,FALSE,approved_gate1_design; model_choice_pending_gate2
25,2018,Massachusetts,13900000,13900000,FALSE,TRUE,17044,14035,TRUE,FALSE,Massachusetts  3/,1756843,1516896,2017,3,FALSE,legacy_parsed_archive; HTML footnotes verified; 2023 original reconciled,21578.9,549262.1,483954.4,SMU25000002023700001,14.008333333333333,12,18.22,43.64,10,20.64,11720,nrstatehs1,5985,slstatehs,51,372,712231,51,FALSE,TRUE,TRUE,251.0995,12,4.544615384615384,52,2.438999514525486,0.9761907132431566,,,11440.955159209796,5842.501418760293,20.148576321338755,12900000,17728,1756.843,20871,14.275,18.14,53,686283,11080,5891,2017,TRUE,FALSE,TRUE,approved_gate1_design; model_choice_pending_gate2
25,2019,Massachusetts,13400000,13400000,FALSE,TRUE,17365,14220,TRUE,FALSE,Massachusetts,877552,771099,2019,,TRUE,legacy_parsed_archive; HTML footnotes verified; 2023 original reconciled,22127.1,566326.8,507884.7,SMU25000002023700001,13.916666666666666,12,16.71,43.25,9.62,19.97,11285,nrstatehs1,6977,slstatehs,53,438,828375,53,FALSE,TRUE,TRUE,255.65258333333333,12,3.935769230769231,52,1.8132586219141489,0.958805097151701,841.4013306156696,739.3336516085795,10820.115521356945,6689.583162827418,19.14733779011947,13900000,17044,,21578.9,14.008333333333333,20.148576321338755,51,712231,11440.955159209796,5842.501418760293,2018,TRUE,TRUE,FALSE,approved_gate1_design; model_choice_pending_gate2
25,2020,Massachusetts,13000000,13000000,FALSE,TRUE,17025,11350,TRUE,FALSE,Massachusetts  (3),877552,771099,2019,3,FALSE,legacy_parsed_archive; HTML footnotes verified; 2023 original reconciled,20983.7,560395.8,542032.6,SMU25000002023700001,13.783333333333331,12,11.97,42.52,9.03,19.16,11310,nrstatehs1,7815,slstatehs,53,377,718240,53,FALSE,TRUE,TRUE,258.85575,12,3.111698113207547,53,1.2529373358571627,0.9469405257561404,,,10709.897346301948,7400.340208784237,18.14338047348765,13400000,17365,841.4013306156696,22127.1,13.916666666666666,19.14733779011947,53,828375,10820.115521356945,6689.583162827418,2019,TRUE,FALSE,TRUE,approved_gate1_design; model_choice_pending_gate2
25,2021,Massachusetts,12400000,12400000,FALSE,TRUE,19853,14558,TRUE,FALSE,Massachusetts,1080845,966839,2021,,TRUE,legacy_parsed_archive; HTML footnotes verified; 2023 original reconciled,21832,597420,588651,SMU25000002023700001,14.008333333333333,12,16.4,44.49,9.83,20.73,13288,nrstatehs1,7906,slstatehs,52,366,717587,52,FALSE,TRUE,TRUE,270.97341666666665,12,2.957692307692308,52,4.681242996018686,0.9045942698561144,977.726193602632,874.5970192734158,12020.248657848048,7151.72229748244,18.75223921411725,13000000,17025,,20983.7,13.783333333333331,18.14338047348765,53,718240,10709.897346301948,7400.340208784237,2020,TRUE,TRUE,FALSE,approved_gate1_design; model_choice_pending_gate2
25,2022,Massachusetts,12800000,12800000,FALSE,TRUE,16830,13972,TRUE,FALSE,Massachusetts,974656,817912,2022,,TRUE,legacy_parsed_archive; HTML footnotes verified; 2023 original reconciled,20032.8,607470.6,600009.6,SMU25000002023700001,14.35,12,27.34,49.99,13.99,26.07,13715,nrstate,8512,slstate,53,384,707301,53,FALSE,TRUE,TRUE,292.62641666666667,12,5.344038461538461,52,7.990820747791694,0.8376584820748412,816.4288655051364,685.1309243907975,11488.486081656447,7130.148999421048,21.83775662769111,12400000,19853,977.726193602632,21832,14.008333333333333,18.75223921411725,52,717587,12020.248657848048,7151.72229748244,2021,TRUE,TRUE,TRUE,approved_gate1_design; model_choice_pending_gate2
25,2023,Massachusetts,12300000,12300000,FALSE,TRUE,13214,11556,TRUE,TRUE,Massachusetts,1089003,904146,2023,,TRUE,legacy_parsed_archive; HTML footnotes verified; 2023 original reconciled,19434.3,614786.1,635619.8,SMU25000002023700001,14.816666666666666,12,24.08,52.41,12.89,25.56,13909,nrstate,9563,slstate,49,377,696028,49,FALSE,TRUE,TRUE,304.70300000000003,12,6.80673076923077,52,4.126962791295052,0.8044587680462614,876.0580117786827,727.348177293955,11189.21700475545,7693.039198826397,20.56196611126244,12800000,16830,816.4288655051364,20032.8,14.35,21.83775662769111,53,707301,11488.486081656447,7130.148999421048,2022,TRUE,TRUE,TRUE,approved_gate1_design; model_choice_pending_gate2
26,2015,Michigan,32500000,32500000,FALSE,TRUE,18226,16374,TRUE,FALSE,Michigan,1082544,1016513,2015,,TRUE,legacy_parsed_archive; HTML footnotes verified; 2023 original reconciled,17600,490618.7,429284.9,SMU26000002023700001,15.758333333333333,12,15.04,20.59,6.39,10.91,6498,nrstatehs1,6038,slstatehs,21,239,532797,21,FALSE,TRUE,TRUE,237.00175,12,3.850576923076923,52,0.12113723253701636,1.0342581858572777,1119.6299935506809,1051.336891280339,6720.609691700591,6244.850926206243,11.2837568077029,,,,,,,,,,,,TRUE,TRUE,FALSE,approved_gate1_design; model_choice_pending_gate2
26,2016,Michigan,38000000,38000000,FALSE,TRUE,20408,18017,TRUE,FALSE,Michigan,1018096,921212,2016,,TRUE,legacy_parsed_archive; HTML footnotes verified; 2023 original reconciled,18142.1,500159.5,441557.2,SMU26000002023700001,16.575,12,12.1,20.25,5.51,10.24,7188,nrstatehs1,5224,slstatehs,22,245,516520,22,FALSE,TRUE,TRUE,240.00541666666663,12,3.6540384615384616,52,1.2673605433996429,1.0213144495002715,1039.7961557784283,940.8471266530441,7341.208263007951,5335.346684189419,10.45825996288278,32500000,18226,1119.6299935506809,17600,15.758333333333333,11.2837568077029,21,532797,6720.609691700591,6244.850926206243,2015,TRUE,TRUE,TRUE,approved_gate1_design; model_choice_pending_gate2
26,2017,Michigan,33600000,33600000,FALSE,TRUE,23623,21184,TRUE,FALSE,Michigan,1235729,1085279,2017,,TRUE,legacy_parsed_archive; HTML footnotes verified; 2023 original reconciled,18720,505101.5,454894.8,SMU26000002023700001,17,12,14.63,21.09,5.71,10.54,7417,nrstatehs1,5636,slstatehs,21,256,554012,21,FALSE,TRUE,TRUE,245.121,12,3.989807692307693,52,2.1314449500271726,1,1235.729,1085.279,7417,5636,10.54,38000000,20408,1039.7961557784283,18142.1,16.575,10.45825996288278,22,516520,7341.208263007951,5335.346684189419,2016,TRUE,TRUE,TRUE,approved_gate1_design; model_choice_pending_gate2
26,2018,Michigan,37400000,37400000,FALSE,TRUE,19580,17913,TRUE,FALSE,Michigan,1231419,1164647,2018,,TRUE,legacy_parsed_archive; HTML footnotes verified; 2023 original reconciled,19043.8,516843,474208,SMU26000002023700001,18.208333333333332,12,17.76,20.81,5.71,10.9,7369,nrstatehs1,5291,slstatehs,25,270,565914,25,FALSE,TRUE,TRUE,251.0995,12,4.544615384615384,52,2.438999514525486,0.9761907132431566,1202.0997919111749,1136.9175856065026,7193.549365888822,5165.025063769542,10.640478774350408,33600000,23623,1235.729,18720,17,10.54,21,554012,7417,5636,2017,TRUE,TRUE,TRUE,approved_gate1_design; model_choice_pending_gate2
26,2019,Michigan,35400000,35400000,FALSE,TRUE,20600,18361,TRUE,FALSE,Michigan,1453437,1382296,2019,,TRUE,legacy_parsed_archive; HTML footnotes verified; 2023 original reconciled,18405.4,521085.1,489569.6,SMU26000002023700001,18.858333333333334,12,16.73,20.73,5.68,10.85,8981,nrstatehs1,5474,slstatehs,23,261,540047,23,FALSE,TRUE,TRUE,255.65258333333333,12,3.935769230769231,52,1.8132586219141489,0.958805097151701,1393.5628039888768,1325.3524505724079,8611.028577519426,5248.499101808411,10.403035304095956,37400000,19580,1202.0997919111749,19043.8,18.208333333333332,10.640478774350408,25,565914,7193.549365888822,5165.025063769542,2018,TRUE,TRUE,TRUE,approved_gate1_design; model_choice_pending_gate2
26,2020,Michigan,32800000,32800000,FALSE,TRUE,19735,16524,TRUE,FALSE,Michigan,1505939,1467112,2020,,TRUE,legacy_parsed_archive; HTML footnotes verified; 2023 original reconciled,17733.6,502622.3,532019.9,SMU26000002023700001,18.975,12,12.33,21.23,5.52,10.44,8429,nrstatehs1,7499,slstatehs,24,249,517548,24,FALSE,TRUE,TRUE,258.85575,12,3.111698113207547,53,1.2529373358571627,0.9469405257561404,1426.0346684166764,1389.2678086231426,7981.761691598507,7101.107002645297,9.886059088894106,35400000,20600,1393.5628039888768,18405.4,18.858333333333334,10.403035304095956,23,540047,8611.028577519426,5248.499101808411,2019,TRUE,TRUE,TRUE,approved_gate1_design; model_choice_pending_gate2
26,2021,Michigan,36000000,36000000,FALSE,TRUE,21732,18533,TRUE,FALSE,Michigan,1679568,1405498,2021,,TRUE,legacy_parsed_archive; HTML footnotes verified; 2023 original reconciled,18651.8,528701.8,573255.7,SMU26000002023700001,19.541666666666664,12,17.42,22.54,6.33,11.63,6787,nrstatehs1,8170,slstatehs,24,269,547636,24,FALSE,TRUE,TRUE,270.97341666666665,12,2.957692307692308,52,4.681242996018686,0.9045942698561144,1519.3275886336942,1271.405437094229,6139.481309513448,7390.535184724455,10.520431358426611,32800000,19735,1426.0346684166764,17733.6,18.975,9.886059088894106,24,517548,7981.761691598507,7101.107002645297,2020,TRUE,TRUE,TRUE,approved_gate1_design; model_choice_pending_gate2
26,2022,Michigan,37200000,37200000,FALSE,TRUE,21780,19402,TRUE,FALSE,Michigan,1983891,1622234,2022,,TRUE,legacy_parsed_archive; HTML footnotes verified; 2023 original reconciled,17837.4,539807.5,583072.1,SMU26000002023700001,20.533333333333335,12,28.51,24.41,8.33,14.47,8273,nrstate,7639,slstate,24,285,587003,24,FALSE,TRUE,TRUE,292.62641666666667,12,5.344038461538461,52,7.990820747791694,0.8376584820748412,1661.8231236619388,1358.878070010198,6929.948622205161,6398.873144569711,12.120918235622952,36000000,21732,1519.3275886336942,18651.8,19.541666666666664,10.520431358426611,24,547636,6139.481309513448,7390.535184724455,2021,TRUE,TRUE,TRUE,approved_gate1_design; model_choice_pending_gate2
26,2023,Michigan,34400000,34400000,FALSE,TRUE,20592,17897,TRUE,TRUE,Michigan,2471768,2100832,2023,,TRUE,legacy_parsed_archive; HTML footnotes verified; 2023 original reconciled,18235.6,554556.2,617163.2,SMU26000002023700001,21.525,12,23.46,23.9,8.08,13.8,12355,nrstate,10357,slstate,26,315,631371,26,FALSE,TRUE,TRUE,304.70300000000003,12,6.80673076923077,52,4.126962791295052,0.8044587680462614,1988.4354401761714,1690.0327225921633,9939.088079211559,8331.779460655129,11.101530999038408,37200000,21780,1661.8231236619388,17837.4,20.533333333333335,12.120918235622952,24,587003,6929.948622205161,6398.873144569711,2022,TRUE,TRUE,TRUE,approved_gate1_design; model_choice_pending_gate2
27,2015,Minnesota,7780000,7780000,FALSE,TRUE,19545,18654,TRUE,FALSE,Minnesota,1225943,739387,2015,,TRUE,legacy_parsed_archive; HTML footnotes verified; 2023 original reconciled,14856.8,345456.2,282988,SMU27000002023700001,16.633333333333333,12,17.5,20.58,4.69,10.85,4939,nrstatehs1,6806,slstatehs,63,334,558203,63,FALSE,TRUE,TRUE,237.00175,12,3.850576923076923,52,0.12113723253701636,1.0342581858572777,1267.9415831444285,764.717057266455,5108.201179949095,7039.161212944632,11.221701316551462,,,,,,,,,,,,TRUE,TRUE,FALSE,approved_gate1_design; model_choice_pending_gate2
27,2016,Minnesota,7340000,7340000,FALSE,TRUE,21449,20264,TRUE,FALSE,Minnesota,1403704,1057875,2016,,TRUE,legacy_parsed_archive; HTML footnotes verified; 2023 original reconciled,15526.4,350603.6,288866.6,SMU27000002023700001,16.191666666666666,12,13.54,21.61,4.05,9.77,4564,nrstatehs1,7260,slstatehs,62,313,544709,62,FALSE,TRUE,TRUE,240.00541666666663,12,3.6540384615384616,52,1.2673605433996429,1.0213144495002715,1433.623178021329,1080.4230232650998,4661.279147519239,7414.742903371971,9.978242171617651,7780000,19545,1267.9415831444285,14856.8,16.633333333333333,11.221701316551462,63,558203,5108.201179949095,7039.161212944632,2015,TRUE,TRUE,TRUE,approved_gate1_design; model_choice_pending_gate2
27,2017,Minnesota,7120000,7120000,FALSE,TRUE,21953,20879,TRUE,FALSE,Minnesota,1056937,982357,2017,,TRUE,legacy_parsed_archive; HTML footnotes verified; 2023 original reconciled,16350.9,354721.9,301749,SMU27000002023700001,15.983333333333333,12,16.32,21.61,4.35,10.42,4555,nrstatehs1,6726,slstatehs,64,307,533124,64,FALSE,TRUE,TRUE,245.121,12,3.989807692307693,52,2.1314449500271726,1,1056.937,982.357,4555,6726,10.42,7340000,21449,1433.623178021329,15526.4,16.191666666666666,9.978242171617651,62,544709,4661.279147519239,7414.742903371971,2016,TRUE,TRUE,TRUE,approved_gate1_design; model_choice_pending_gate2
27,2018,Minnesota,7710000,7710000,FALSE,TRUE,25673,24637,TRUE,FALSE,Minnesota,991426,837081,2018,,TRUE,legacy_parsed_archive; HTML footnotes verified; 2023 original reconciled,16449.8,364799.7,317564.8,SMU27000002023700001,15.975,12,18.68,22.05,4.59,11.31,5104,nrstatehs1,6477,slstatehs,63,301,512108,63,FALSE,TRUE,TRUE,251.0995,12,4.544615384615384,52,2.438999514525486,0.9761907132431566,967.8208540678098,817.1506984322948,4982.477400393072,6322.7872496759255,11.040716966780103,7120000,21953,1056.937,16350.9,15.983333333333333,10.42,64,533124,4555,6726,2017,TRUE,TRUE,TRUE,approved_gate1_design; model_choice_pending_gate2
27,2019,Minnesota,8010000,8010000,FALSE,TRUE,28586,27917,TRUE,FALSE,Minnesota,1197615,988626,2019,,TRUE,legacy_parsed_archive; HTML footnotes verified; 2023 original reconciled,17004.2,369617.4,329291.6,SMU27000002023700001,16.558333333333334,12,18.49,22.06,4.23,11.03,5877,nrstatehs1,8125,slstatehs,60,304,512949,60,FALSE,TRUE,TRUE,255.65258333333333,12,3.935769230769231,52,1.8132586219141489,0.958805097151701,1148.2793664253345,947.8996479766976,5634.897555960547,7790.291414357571,10.575620221583263,7710000,25673,967.8208540678098,16449.8,15.975,11.040716966780103,63,512108,4982.477400393072,6322.7872496759255,2018,TRUE,TRUE,TRUE,approved_gate1_design; model_choice_pending_gate2
27,2020,Minnesota,8580000,8580000,FALSE,TRUE,28148,27049,TRUE,FALSE,Minnesota,1265830,1031346,2020,,TRUE,legacy_parsed_archive; HTML footnotes verified; 2023 original reconciled,16555,357831.5,350470,SMU27000002023700001,16.941666666666666,12,14.77,22.49,3.8,10.53,5170,nrstatehs1,9009,slstatehs,60,293,505609,60,FALSE,TRUE,TRUE,258.85575,12,3.111698113207547,53,1.2529373358571627,0.9469405257561404,1198.6657257178952,976.6233234764924,4895.682518159246,8530.98719653707,9.971283736212158,8010000,28586,1148.2793664253345,17004.2,16.558333333333334,10.575620221583263,60,512949,5634.897555960547,7790.291414357571,2019,TRUE,TRUE,TRUE,approved_gate1_design; model_choice_pending_gate2
27,2021,Minnesota,9130000,9130000,FALSE,TRUE,33652,32039,TRUE,FALSE,Minnesota,1263727,1027207,2021,,TRUE,legacy_parsed_archive; HTML footnotes verified; 2023 original reconciled,17518.6,377975.8,387015.8,SMU27000002023700001,19.358333333333334,12,17.89,24.3,5.19,12.31,4455,nrstatehs1,8683,slstatehs,60,301,536208,60,FALSE,TRUE,TRUE,270.97341666666665,12,2.957692307692308,52,4.681242996018686,0.9045942698561144,1143.160202862458,929.2055661560897,4029.9674722089894,7854.592045160641,11.135555461928767,8580000,28148,1198.6657257178952,16555,16.941666666666666,9.971283736212158,60,505609,4895.682518159246,8530.98719653707,2020,TRUE,TRUE,TRUE,approved_gate1_design; model_choice_pending_gate2
27,2022,Minnesota,8550000,8550000,FALSE,TRUE,31126,30015,TRUE,FALSE,Minnesota,1212303,955177,2022,,TRUE,legacy_parsed_archive; HTML footnotes verified; 2023 original reconciled,15914.8,385921.8,397877.4,SMU27000002023700001,17.691666666666666,12,28.05,27.12,8,16.02,5662,nrstate,9532,slstate,56,283,498837,56,FALSE,TRUE,TRUE,292.62641666666667,12,5.344038461538461,52,7.990820747791694,0.8376584820748412,1015.4958907947763,800.1121159328006,4742.822325507751,7984.560651137386,13.419288882838956,9130000,33652,1143.160202862458,17518.6,19.358333333333334,11.135555461928767,60,536208,4029.9674722089894,7854.592045160641,2021,TRUE,TRUE,TRUE,approved_gate1_design; model_choice_pending_gate2
27,2023,Minnesota,8810000,8810000,FALSE,TRUE,25667,24585,TRUE,TRUE,Minnesota,1433622,1084645,2023,,TRUE,legacy_parsed_archive; HTML footnotes verified; 2023 original reconciled,16097.9,389864.5,418091,SMU27000002023700001,18.175,12,26.24,26.98,5.84,14.28,5716,nrstate,9124,slstate,54,281,485676,54,FALSE,TRUE,TRUE,304.70300000000003,12,6.80673076923077,52,4.126962791295052,0.8044587680462614,1153.2897879640175,872.5521804675371,4598.28631815243,7339.881799654088,11.487671207700611,8550000,31126,1015.4958907947763,15914.8,17.691666666666666,13.419288882838956,56,498837,4742.822325507751,7984.560651137386,2022,TRUE,TRUE,TRUE,approved_gate1_design; model_choice_pending_gate2
28,2015,Mississippi,1900000,1900000,FALSE,TRUE,6845,5074,TRUE,FALSE,Mississippi,716925,567067,2015,,TRUE,legacy_parsed_archive; HTML footnotes verified; 2023 original reconciled,4124.8,109401.7,104772.2,,,,14.03,19.23,4.6,9,1902,nrstatehs1,1509,slstatehs,3,7,7463,3,FALSE,TRUE,TRUE,237.00175,12,3.850576923076923,52,0.12113723253701636,1.0342581858572777,741.4855498957288,586.4936866795289,1967.1590695005423,1560.695602458632,9.308323672715499,,,,,,,,,,,,TRUE,TRUE,FALSE,approved_gate1_design; model_choice_pending_gate2
28,2016,Mississippi,2170000,2170000,FALSE,TRUE,6886,4871,TRUE,FALSE,Mississippi,725208,572577,2016,,TRUE,legacy_parsed_archive; HTML footnotes verified; 2023 original reconciled,3887.4,109911,106355.5,,,,12.37,16.98,4.23,8.18,856,nrstatehs1,2211,slstatehs,2,6,12613,2,FALSE,TRUE,TRUE,240.00541666666663,12,3.6540384615384616,52,1.2673605433996429,1.0213144495002715,740.6654092931929,584.781163551517,874.2451687722324,2258.1262478451004,8.35435219691222,1900000,6845,741.4855498957288,4124.8,,9.308323672715499,3,7463,1967.1590695005423,1560.695602458632,2015,TRUE,TRUE,TRUE,approved_gate1_design; model_choice_pending_gate2
28,2017,Mississippi,2090000,2090000,FALSE,TRUE,7481,5647,TRUE,FALSE,Mississippi,860884,700257,2017,,TRUE,legacy_parsed_archive; HTML footnotes verified; 2023 original reconciled,3643.8,110281.4,109132.8,,,,15.05,17.55,4.9,8.72,683,nrstatehs1,2535,slstatehs,3,8,18034,3,FALSE,TRUE,TRUE,245.121,12,3.989807692307693,52,2.1314449500271726,1,860.884,700.257,683,2535,8.72,2170000,6886,740.6654092931929,3887.4,,8.35435219691222,2,12613,874.2451687722324,2258.1262478451004,2016,TRUE,TRUE,TRUE,approved_gate1_design; model_choice_pending_gate2
28,2018,Mississippi,2060000,2060000,FALSE,TRUE,6883,5112,TRUE,FALSE,Mississippi,710243,575296,2018,,TRUE,legacy_parsed_archive; HTML footnotes verified; 2023 original reconciled,3644.7,110174.8,111917.8,,,,18.5,17.59,4.96,9.02,1134,nrstatehs1,2234,slstatehs,3,10,13611,3,FALSE,TRUE,TRUE,251.0995,12,4.544615384615384,52,2.438999514525486,0.9761907132431566,693.3326207459594,561.5986125659351,1107.0002688177397,2180.810053385212,8.805240233453272,2090000,7481,860.884,3643.8,,8.72,3,18034,683,2535,2017,TRUE,TRUE,TRUE,approved_gate1_design; model_choice_pending_gate2
28,2019,Mississippi,2090000,2090000,FALSE,TRUE,6952,5569,TRUE,FALSE,Mississippi,708631,581001,2019,,TRUE,legacy_parsed_archive; HTML footnotes verified; 2023 original reconciled,3658.7,111207.8,116213.5,,,,17.06,17.15,4.57,8.5,1243,nrstatehs1,1518,slstatehs,3,8,16487,3,FALSE,TRUE,TRUE,255.65258333333333,12,3.935769230769231,52,1.8132586219141489,0.958805097151701,679.439014799707,557.0667202502354,1191.7947357595644,1455.4661374762823,8.149843325789458,2060000,6883,693.3326207459594,3644.7,,8.805240233453272,3,13611,1107.0002688177397,2180.810053385212,2018,TRUE,TRUE,TRUE,approved_gate1_design; model_choice_pending_gate2
28,2020,Mississippi,1320000,1320000,FALSE,TRUE,7810,5654,TRUE,FALSE,Mississippi,689563,559242,2020,,TRUE,legacy_parsed_archive; HTML footnotes verified; 2023 original reconciled,3626.1,111195,125624.9,,,,11.86,16.51,3.96,7.5,991,nrstatehs1,2183,slstatehs,3,10,15629,3,FALSE,TRUE,TRUE,258.85575,12,3.111698113207547,53,1.2529373358571627,0.9469405257561404,652.9751497619815,529.5689135049155,938.4180610243351,2067.1711677256544,7.102053943171053,2090000,6952,679.439014799707,3658.7,,8.149843325789458,3,16487,1191.7947357595644,1455.4661374762823,2019,TRUE,TRUE,TRUE,approved_gate1_design; model_choice_pending_gate2
28,2021,Mississippi,1320000,1320000,FALSE,TRUE,7988,6086,TRUE,FALSE,Mississippi,712097,573422,2021,,TRUE,legacy_parsed_archive; HTML footnotes verified; 2023 original reconciled,3805.2,116078.4,138640.2,,,,18.25,17.45,5.52,9.23,976,nrstatehs1,1782,slstatehs,3,9,18196,3,FALSE,TRUE,TRUE,270.97341666666665,12,2.957692307692308,52,4.681242996018686,0.9045942698561144,644.1588657817294,518.7142554094328,882.8840073795676,1611.9869888835958,8.349405110771936,1320000,7810,652.9751497619815,3626.1,,7.102053943171053,3,15629,938.4180610243351,2067.1711677256544,2020,TRUE,TRUE,TRUE,approved_gate1_design; model_choice_pending_gate2
28,2022,Mississippi,1700000,1700000,FALSE,TRUE,7568,6290,TRUE,FALSE,Mississippi,696862,555791,2022,,TRUE,legacy_parsed_archive; HTML footnotes verified; 2023 original reconciled,3473.5,115700.3,138223.7,,,,28.6,19.66,8.08,11.96,1122,nrstate,2341,slstate,3,10,19449,3,FALSE,TRUE,TRUE,292.62641666666667,12,5.344038461538461,52,7.990820747791694,0.8376584820748412,583.7323651356379,465.5630454108581,939.8528168879718,1960.9585065372032,10.0183954456151,1320000,7988,644.1588657817294,3805.2,,8.349405110771936,3,18196,882.8840073795676,1611.9869888835958,2021,TRUE,TRUE,TRUE,approved_gate1_design; model_choice_pending_gate2
28,2023,Mississippi,2300000,2300000,FALSE,TRUE,7700,6393,TRUE,TRUE,Mississippi,939676,799520,2023,,TRUE,legacy_parsed_archive; HTML footnotes verified; 2023 original reconciled,3622.8,119454.2,146160.9,,,,23.07,20.39,5.48,10.62,1700,nrstate,4082,slstate,3,11,20730,3,FALSE,TRUE,TRUE,304.70300000000003,12,6.80673076923077,52,4.126962791295052,0.8044587680462614,755.9305973226387,643.1808742283469,1367.5799056786443,3283.800691164839,8.543352116651295,1700000,7568,583.7323651356379,3473.5,,10.0183954456151,3,19449,939.8528168879718,1960.9585065372032,2022,TRUE,TRUE,TRUE,approved_gate1_design; model_choice_pending_gate2
29,2015,Missouri,70800000,70800000,FALSE,TRUE,18344,16515,TRUE,FALSE,Missouri,869878,731542,2015,,TRUE,legacy_parsed_archive; HTML footnotes verified; 2023 original reconciled,11587.4,308009.9,259350,,,,14.78,18.86,7.51,12.02,4083,nrstatehs1,3399,slstatehs,201,1160,2133387,201,FALSE,TRUE,TRUE,237.00175,12,3.850576923076923,52,0.12113723253701636,1.0342581858572777,899.6784421971571,756.6033017984047,4222.8761728552645,3515.443573728887,12.431783394004478,,,,,,,,,,,,TRUE,TRUE,FALSE,approved_gate1_design; model_choice_pending_gate2
29,2016,Missouri,72000000,72000000,FALSE,TRUE,18997,17877,TRUE,FALSE,Missouri,759083,635376,2016,,TRUE,legacy_parsed_archive; HTML footnotes verified; 2023 original reconciled,12615.5,308423.3,267048.6,,,,11.9,20.87,6.15,11.68,4830,nrstatehs1,3780,slstatehs,205,1187,2301038,205,FALSE,TRUE,TRUE,240.00541666666663,12,3.6540384615384616,52,1.2673605433996429,1.0213144495002715,775.2624362700145,648.9186896656845,4932.948791086312,3860.5686191110262,11.928952770163171,70800000,18344,899.6784421971571,11587.4,,12.431783394004478,201,2133387,4222.8761728552645,3515.443573728887,2015,TRUE,TRUE,TRUE,approved_gate1_design; model_choice_pending_gate2
29,2017,Missouri,74600000,74600000,FALSE,TRUE,18811,17371,TRUE,FALSE,Missouri,758828,615530,2017,,TRUE,legacy_parsed_archive; HTML footnotes verified; 2023 original reconciled,13523.8,311273.8,273774.2,,,,14.38,21.48,6.6,12.36,5161,nrstatehs1,4112,slstatehs,208,1179,2294208,208,FALSE,TRUE,TRUE,245.121,12,3.989807692307693,52,2.1314449500271726,1,758.828,615.53,5161,4112,12.36,72000000,18997,775.2624362700145,12615.5,,11.928952770163171,205,2301038,4932.948791086312,3860.5686191110262,2016,TRUE,TRUE,TRUE,approved_gate1_design; model_choice_pending_gate2
29,2018,Missouri,71400000,71400000,FALSE,TRUE,16875,15671,TRUE,FALSE,Missouri,919865,758946,2018,,TRUE,legacy_parsed_archive; HTML footnotes verified; 2023 original reconciled,13440.7,314182.4,286084.3,,,,17.46,21.15,6.37,12.85,5791,nrstatehs1,2973,slstatehs,206,1249,2321396,206,FALSE,TRUE,TRUE,251.0995,12,4.544615384615384,52,2.438999514525486,0.9761907132431566,897.9636704374163,740.8760370530408,5653.12042039112,2902.214990471905,12.544050665174563,74600000,18811,758.828,13523.8,,12.36,208,2294208,5161,4112,2017,TRUE,TRUE,TRUE,approved_gate1_design; model_choice_pending_gate2
29,2019,Missouri,74000000,74000000,FALSE,TRUE,17460,15852,TRUE,FALSE,Missouri,805193,713146,2019,,TRUE,legacy_parsed_archive; HTML footnotes verified; 2023 original reconciled,13752.3,321329.1,297492.6,,,,16.45,20.83,6.07,12.19,6354,nrstatehs1,3158,slstatehs,208,1235,2319447,208,FALSE,TRUE,TRUE,255.65258333333333,12,3.935769230769231,52,1.8132586219141489,0.958805097151701,772.0231525908696,683.768019813347,6092.247587301908,3027.906496805072,11.687834134279235,71400000,16875,897.9636704374163,13440.7,,12.544050665174563,206,2321396,5653.12042039112,2902.214990471905,2018,TRUE,TRUE,TRUE,approved_gate1_design; model_choice_pending_gate2
29,2020,Missouri,81700000,81700000,FALSE,TRUE,19839,18647,TRUE,FALSE,Missouri,1026758,801142,2020,,TRUE,legacy_parsed_archive; HTML footnotes verified; 2023 original reconciled,14091.9,316158.6,321316.7,,,,12.12,20.05,5.65,11.11,5163,nrstatehs1,3570,slstatehs,202,1218,2338817,202,FALSE,TRUE,TRUE,258.85575,12,3.111698113207547,53,1.2529373358571627,0.9469405257561404,972.2787603443232,758.6338266853259,4889.053934478953,3380.5776769494214,10.52050924115072,74000000,17460,772.0231525908696,13752.3,,11.687834134279235,208,2319447,6092.247587301908,3027.906496805072,2019,TRUE,TRUE,TRUE,approved_gate1_design; model_choice_pending_gate2
29,2021,Missouri,85500000,85500000,FALSE,TRUE,21372,20616,TRUE,FALSE,Missouri,1095674,798670,2021,,TRUE,legacy_parsed_archive; HTML footnotes verified; 2023 original reconciled,14664.8,331578,351191.9,,,,17.13,20.83,6.49,12.75,5532,nrstatehs1,4166,slstatehs,202,1264,2432905,202,FALSE,TRUE,TRUE,270.97341666666665,12,2.957692307692308,52,4.681242996018686,0.9045942698561144,991.1404220303282,722.4723055059828,5004.215500844025,3768.539728220572,11.533576940665458,81700000,19839,972.2787603443232,14091.9,,10.52050924115072,202,2338817,4889.053934478953,3380.5776769494214,2020,TRUE,TRUE,TRUE,approved_gate1_design; model_choice_pending_gate2
29,2022,Missouri,85200000,85200000,FALSE,TRUE,20901,19985,TRUE,FALSE,Missouri,1096090,712584,2022,,TRUE,legacy_parsed_archive; HTML footnotes verified; 2023 original reconciled,13531.7,337225.4,361652.1,,,,28.02,22.46,9.61,17.22,6755,nrstate,5211,slstate,203,1316,2557799,203,FALSE,TRUE,TRUE,292.62641666666667,12,5.344038461538461,52,7.990820747791694,0.8376584820748412,918.1490856174125,596.9020317908186,5658.383046415552,4365.038350091997,14.424479061328764,85500000,21372,991.1404220303282,14664.8,,11.533576940665458,202,2432905,5004.215500844025,3768.539728220572,2021,TRUE,TRUE,TRUE,approved_gate1_design; model_choice_pending_gate2
29,2023,Missouri,86100000,86100000,FALSE,TRUE,16781,15716,TRUE,TRUE,Missouri,1422605,1121636,2023,,TRUE,legacy_parsed_archive; HTML footnotes verified; 2023 original reconciled,13764.9,346895.3,387601.3,,,,23.08,23.14,9.4,15.82,7650,nrstate,6486,slstate,201,1316,2557360,201,FALSE,TRUE,TRUE,304.70300000000003,12,6.80673076923077,52,4.126962791295052,0.8044587680462614,1144.4270657164516,902.3099147563364,6154.1095755539,5217.719569548051,12.726537710491856,85200000,20901,918.1490856174125,13531.7,,14.424479061328764,203,2557799,5658.383046415552,4365.038350091997,2022,TRUE,TRUE,TRUE,approved_gate1_design; model_choice_pending_gate2
30,2015,Montana,2820000,2820000,FALSE,TRUE,4826,4569,TRUE,FALSE,Montana,453865,368877,2015,,TRUE,legacy_parsed_archive; HTML footnotes verified; 2023 original reconciled,2668.9,47765.6,44583.3,SMU30000002023700001,5.45,12,14.06,15.59,6.29,11.59,1272,nrstatehs1,873,slstatehs,38,178,250836,38,FALSE,TRUE,TRUE,237.00175,12,3.850576923076923,52,0.12113723253701636,1.0342581858572777,469.4135915241134,381.514056824475,1315.5764124104571,902.9073962534035,11.987052374085849,,,,,,,,,,,,TRUE,TRUE,FALSE,approved_gate1_design; model_choice_pending_gate2
30,2016,Montana,2800000,2800000,FALSE,TRUE,4781,4616,TRUE,FALSE,Montana,445024,358298,2016,,TRUE,legacy_parsed_archive; HTML footnotes verified; 2023 original reconciled,2669.8,47189.6,45283.3,SMU30000002023700001,5.291666666666667,12,11.31,14.82,5.86,9.89,841,nrstatehs1,930,slstatehs,40,193,251370,40,FALSE,TRUE,TRUE,240.00541666666663,12,3.6540384615384616,52,1.2673605433996429,1.0213144495002715,454.5094415744088,365.9349246270483,858.9254520297284,949.8224380352525,10.100799905557686,2820000,4826,469.4135915241134,2668.9,5.45,11.987052374085849,38,250836,1315.5764124104571,902.9073962534035,2015,TRUE,TRUE,TRUE,approved_gate1_design; model_choice_pending_gate2
30,2017,Montana,2690000,2690000,FALSE,TRUE,4932,3984,TRUE,FALSE,Montana,401266,315532,2017,,TRUE,legacy_parsed_archive; HTML footnotes verified; 2023 original reconciled,2677.1,48470.5,48003.3,SMU30000002023700001,5.258333333333333,12,13.95,15.38,6.34,10.39,869,nrstatehs1,1104,slstatehs,38,162,214803,38,FALSE,TRUE,TRUE,245.121,12,3.989807692307693,52,2.1314449500271726,1,401.266,315.532,869,1104,10.39,2800000,4781,454.5094415744088,2669.8,5.291666666666667,10.100799905557686,40,251370,858.9254520297284,949.8224380352525,2016,TRUE,TRUE,TRUE,approved_gate1_design; model_choice_pending_gate2
30,2018,Montana,2760000,2760000,FALSE,TRUE,5099,4093,TRUE,FALSE,Montana,446364,358823,2018,,TRUE,legacy_parsed_archive; HTML footnotes verified; 2023 original reconciled,2759.3,49455,50352,SMU30000002023700001,5.55,12,17.46,15.22,6.15,11.33,765,nrstatehs1,1565,slstatehs,40,165,218274,40,FALSE,TRUE,TRUE,251.0995,12,4.544615384615384,52,2.438999514525486,0.9761907132431566,435.73639152606836,350.2796802980492,746.7858956310148,1527.7384662255402,11.060240781044964,2690000,4932,401.266,2677.1,5.258333333333333,10.39,38,214803,869,1104,2017,TRUE,TRUE,TRUE,approved_gate1_design; model_choice_pending_gate2
30,2019,Montana,2900000,2900000,FALSE,TRUE,4776,3843,TRUE,FALSE,Montana,528455,438092,2019,,TRUE,legacy_parsed_archive; HTML footnotes verified; 2023 original reconciled,2794.8,50263.5,53402.3,SMU30000002023700001,5.8,12,15.66,15.98,5.57,11.68,812,nrstatehs1,1257,slstatehs,39,156,200528,39,FALSE,TRUE,TRUE,255.65258333333333,12,3.935769230769231,52,1.8132586219141489,0.958805097151701,506.6853476153022,420.044842621383,778.5497388871812,1205.2180071196883,11.198843534731868,2760000,5099,435.73639152606836,2759.3,5.55,11.060240781044964,40,218274,746.7858956310148,1527.7384662255402,2018,TRUE,TRUE,TRUE,approved_gate1_design; model_choice_pending_gate2
30,2020,Montana,2890000,2890000,FALSE,TRUE,5980,5018,TRUE,FALSE,Montana,585442,479516,2020,,TRUE,legacy_parsed_archive; HTML footnotes verified; 2023 original reconciled,2931.1,50062.9,58241.5,SMU30000002023700001,5.525,12,11.01,15.17,5.58,10,850,nrstatehs1,1499,slstatehs,34,134,192616,34,FALSE,TRUE,TRUE,258.85575,12,3.111698113207547,53,1.2529373358571627,0.9469405257561404,554.3787552797263,454.0731331484814,804.8994468927193,1419.4638481084544,9.469405257561403,2900000,4776,506.6853476153022,2794.8,5.8,11.198843534731868,39,200528,778.5497388871812,1205.2180071196883,2019,TRUE,TRUE,TRUE,approved_gate1_design; model_choice_pending_gate2
30,2021,Montana,2890000,2890000,FALSE,TRUE,7272,5886,TRUE,FALSE,Montana,517090,414590,2021,,TRUE,legacy_parsed_archive; HTML footnotes verified; 2023 original reconciled,3152.9,53345.9,65539.6,SMU30000002023700001,5.541666666666667,12,17.67,18.28,6.75,12.48,1026,nrstatehs1,1697,slstatehs,34,151,207489,34,FALSE,TRUE,TRUE,270.97341666666665,12,2.957692307692308,52,4.681242996018686,0.9045942698561144,467.7566509998982,375.0357383396464,928.1137208723733,1535.0964759458261,11.289336487804308,2890000,5980,554.3787552797263,2931.1,5.525,9.469405257561403,34,192616,804.8994468927193,1419.4638481084544,2020,TRUE,TRUE,TRUE,approved_gate1_design; model_choice_pending_gate2
30,2022,Montana,2880000,2880000,FALSE,TRUE,6460,4936,TRUE,FALSE,Montana,455575,384198,2022,,TRUE,legacy_parsed_archive; HTML footnotes verified; 2023 original reconciled,3196.6,55806.9,69666.5,SMU30000002023700001,6.575,12,27.72,21.94,8.69,16.97,1388,nrstate,1302,slstate,36,161,223478,36,FALSE,TRUE,TRUE,292.62641666666667,12,5.344038461538461,52,7.990820747791694,0.8376584820748412,381.61626297124576,321.8267134961898,1162.6699731198796,1090.6313436614432,14.215064440810053,2890000,7272,467.7566509998982,3152.9,5.541666666666667,11.289336487804308,34,207489,928.1137208723733,1535.0964759458261,2021,TRUE,TRUE,TRUE,approved_gate1_design; model_choice_pending_gate2
30,2023,Montana,2870000,2870000,FALSE,TRUE,4307,3017,TRUE,TRUE,Montana,585145,504092,2023,,TRUE,legacy_parsed_archive; HTML footnotes verified; 2023 original reconciled,3165.6,58604.9,74870.4,SMU30000002023700001,6.216666666666667,12,22.56,22.86,7.46,15.75,1290,nrstate,1866,slstate,35,150,221284,35,FALSE,TRUE,TRUE,304.70300000000003,12,6.80673076923077,52,4.126962791295052,0.8044587680462614,470.7250258284296,405.52122930197595,1037.7518107796773,1501.1200611743238,12.670225596728617,2880000,6460,381.61626297124576,3196.6,6.575,14.215064440810053,36,223478,1162.6699731198796,1090.6313436614432,2022,TRUE,TRUE,TRUE,approved_gate1_design; model_choice_pending_gate2
31,2015,Nebraska,7030000,7030000,FALSE,TRUE,8096,7035,TRUE,FALSE,Nebraska,490154,426724,2015,,TRUE,legacy_parsed_archive; HTML footnotes verified; 2023 original reconciled,4608.3,119640.8,94681.7,SMU31000002023700001,6.941666666666666,12,14.97,22.25,4.31,10.05,1612,nrstatehs1,2556,slstatehs,13,94,187626,13,FALSE,TRUE,TRUE,237.00175,12,3.850576923076923,52,0.12113723253701636,1.0342581858572777,506.94578683068806,441.34279010176095,1667.2241956019316,2643.563923051202,10.394294767865642,,,,,,,,,,,,TRUE,TRUE,FALSE,approved_gate1_design; model_choice_pending_gate2
31,2016,Nebraska,6880000,6880000,FALSE,TRUE,8078,5838,TRUE,FALSE,Nebraska,572870,504521,2016,,TRUE,legacy_parsed_archive; HTML footnotes verified; 2023 original reconciled,4763.7,121303.1,93559.7,SMU31000002023700001,7.066666666666666,12,12.04,22.54,3.82,9.26,2068,nrstatehs1,2645,slstatehs,12,92,193409,12,FALSE,TRUE,TRUE,240.00541666666663,12,3.6540384615384616,52,1.2673605433996429,1.0213144495002715,585.0804086852205,515.2745873763265,2112.0782815665616,2701.376718928218,9.457371802372514,7030000,8096,506.94578683068806,4608.3,6.941666666666666,10.394294767865642,13,187626,1667.2241956019316,2643.563923051202,2015,TRUE,TRUE,TRUE,approved_gate1_design; model_choice_pending_gate2
31,2017,Nebraska,7060000,7060000,FALSE,TRUE,8863,6407,TRUE,FALSE,Nebraska,545976,477676,2017,,TRUE,legacy_parsed_archive; HTML footnotes verified; 2023 original reconciled,5086.4,123219.9,95823.7,SMU31000002023700001,6.816666666666666,12,14.56,22.45,4.28,10.01,2254,nrstatehs1,1878,slstatehs,10,93,198876,10,FALSE,TRUE,TRUE,245.121,12,3.989807692307693,52,2.1314449500271726,1,545.976,477.676,2254,1878,10.01,6880000,8078,585.0804086852205,4763.7,7.066666666666666,9.457371802372514,12,193409,2112.0782815665616,2701.376718928218,2016,TRUE,TRUE,TRUE,approved_gate1_design; model_choice_pending_gate2
31,2018,Nebraska,7060000,7060000,FALSE,TRUE,7866,7639,TRUE,FALSE,Nebraska,546366,462285,2018,,TRUE,legacy_parsed_archive; HTML footnotes verified; 2023 original reconciled,5184,125543.4,100067.8,SMU31000002023700001,6.825,12,17.67,22.27,4.23,10.42,2863,nrstatehs1,1793,slstatehs,11,99,187428,11,FALSE,TRUE,TRUE,251.0995,12,4.544615384615384,52,2.438999514525486,0.9761907132431566,533.3574152318105,451.2783238716127,2794.8340120151574,1750.3099488449798,10.171907231993693,7060000,8863,545.976,5086.4,6.816666666666666,10.01,10,198876,2254,1878,2017,TRUE,TRUE,TRUE,approved_gate1_design; model_choice_pending_gate2
31,2019,Nebraska,W,,TRUE,TRUE,8025,6102,TRUE,FALSE,Nebraska,483546,419079,2019,,TRUE,legacy_parsed_archive; HTML footnotes verified; 2023 original reconciled,5454.1,127568.9,104615.9,SMU31000002023700001,6.758333333333334,12,16.65,22.43,3.99,10.1,2614,nrstatehs1,1626,slstatehs,11,99,193709,11,FALSE,TRUE,TRUE,255.65258333333333,12,3.935769230769231,52,1.8132586219141489,0.958805097151701,463.62636950731644,401.8150813092377,2506.3165239545465,1559.017087968666,9.68393148123218,7060000,7866,533.3574152318105,5184,6.825,10.171907231993693,11,187428,2794.8340120151574,1750.3099488449798,2018,FALSE,FALSE,FALSE,approved_gate1_design; model_choice_pending_gate2
31,2020,Nebraska,W,,TRUE,TRUE,9483,7470,TRUE,FALSE,Nebraska,638239,532560,2020,,TRUE,legacy_parsed_archive; HTML footnotes verified; 2023 original reconciled,5701.9,126711.2,111734.1,SMU31000002023700001,7.458333333333333,12,12.27,21.63,3.64,9.2,2536,nrstatehs1,2193,slstatehs,11,59,99136,11,FALSE,TRUE,TRUE,258.85575,12,3.111698113207547,53,1.2529373358571627,0.9469405257561404,604.3743742180733,504.3026463966901,2401.441173317572,2076.640572983216,8.71185283695649,,8025,463.62636950731644,5454.1,6.758333333333334,9.68393148123218,11,193709,2506.3165239545465,1559.017087968666,2019,FALSE,FALSE,FALSE,approved_gate1_design; model_choice_pending_gate2
31,2021,Nebraska,W,,TRUE,TRUE,10723,10480,TRUE,FALSE,Nebraska,595457,513020,2021,,TRUE,legacy_parsed_archive; HTML footnotes verified; 2023 original reconciled,5727.2,135166.4,125057.8,SMU31000002023700001,7.566666666666666,12,17.34,21.29,5.04,10.98,2485,nrstatehs1,3011,slstatehs,9,45,84866,9,FALSE,TRUE,TRUE,270.97341666666665,12,2.957692307692308,52,4.681242996018686,0.9045942698561144,538.6469901457123,464.0749523215838,2247.916760592444,2723.73334653676,9.932445083020136,,9483,604.3743742180733,5701.9,7.458333333333333,8.71185283695649,11,99136,2401.441173317572,2076.640572983216,2020,FALSE,FALSE,FALSE,approved_gate1_design; model_choice_pending_gate2
31,2022,Nebraska,W,,TRUE,TRUE,11115,10737,TRUE,FALSE,Nebraska,668685,596603,2022,,TRUE,legacy_parsed_archive; HTML footnotes verified; 2023 original reconciled,5455.8,139878.1,130888.6,SMU31000002023700001,7.491666666666666,12,28.37,21.14,7.59,14.27,3399,nrstate,3138,slstate,12,54,86209,12,FALSE,TRUE,TRUE,292.62641666666667,12,5.344038461538461,52,7.990820747791694,0.8376584820748412,560.1296620862151,499.7495633812964,2847.201180572385,2628.5723167508518,11.953386539207983,,10723,538.6469901457123,5727.2,7.566666666666666,9.932445083020136,9,84866,2247.916760592444,2723.73334653676,2021,FALSE,FALSE,FALSE,approved_gate1_design; model_choice_pending_gate2
31,2023,Nebraska,W,,TRUE,TRUE,8877,8728,TRUE,TRUE,Nebraska,831469,744029,2023,,TRUE,legacy_parsed_archive; HTML footnotes verified; 2023 original reconciled,5796.9,147146.5,142166.5,SMU31000002023700001,7.8,12,23.36,22.37,5.79,12.43,4786,nrstate,3305,slstate,12,51,89129,12,FALSE,TRUE,TRUE,304.70300000000003,12,6.80673076923077,52,4.126962791295052,0.8044587680462614,668.882527408657,598.5406527306918,3850.139663869407,2658.7362283928937,9.999422486815028,,11115,560.1296620862151,5455.8,7.491666666666666,11.953386539207983,12,86209,2847.201180572385,2628.5723167508518,2022,FALSE,FALSE,FALSE,approved_gate1_design; model_choice_pending_gate2
32,2015,Nevada,8770000,8770000,FALSE,TRUE,14083,14079,TRUE,FALSE,Nevada,443125,229598,2015,,TRUE,legacy_parsed_archive; HTML footnotes verified; 2023 original reconciled,8047.8,151055.9,125088.6,,,,15.21,19.78,7.76,15.71,5830,nrstatehs1,2216,slstatehs,18,147,278427,18,FALSE,TRUE,TRUE,237.00175,12,3.850576923076923,52,0.12113723253701636,1.0342581858572777,458.3056586080062,237.46361095645926,6029.725223547929,2291.9161398597275,16.248196099817832,,,,,,,,,,,,TRUE,TRUE,FALSE,approved_gate1_design; model_choice_pending_gate2
32,2016,Nevada,9420000,9420000,FALSE,TRUE,17952,17924,TRUE,FALSE,Nevada,600834,430504,2016,,TRUE,legacy_parsed_archive; HTML footnotes verified; 2023 original reconciled,9126.9,156007.4,129879.1,,,,13.13,17.23,5.67,13.38,6482,nrstatehs1,2649,slstatehs,18,156,294424,18,FALSE,TRUE,TRUE,240.00541666666663,12,3.6540384615384616,52,1.2673605433996429,1.0213144495002715,613.6404459510461,439.6799557676649,6620.16026166076,2705.4619767262193,13.665187334313634,8770000,14083,458.3056586080062,8047.8,,16.248196099817832,18,278427,6029.725223547929,2291.9161398597275,2015,TRUE,TRUE,TRUE,approved_gate1_design; model_choice_pending_gate2
32,2017,Nevada,11900000,11900000,FALSE,TRUE,19544,19536,TRUE,FALSE,Nevada,732140,549308,2017,,TRUE,legacy_parsed_archive; HTML footnotes verified; 2023 original reconciled,10717.4,163199.1,138847,,,,15.64,18.03,4.87,14.08,4867,nrstatehs1,2340,slstatehs,17,148,299116,17,FALSE,TRUE,TRUE,245.121,12,3.989807692307693,52,2.1314449500271726,1,732.14,549.308,4867,2340,14.08,9420000,17952,613.6404459510461,9126.9,,13.665187334313634,18,294424,6620.16026166076,2705.4619767262193,2016,TRUE,TRUE,TRUE,approved_gate1_design; model_choice_pending_gate2
32,2018,Nevada,12200000,12200000,FALSE,TRUE,17645,17636,TRUE,FALSE,Nevada,762411,605986,2018,,TRUE,legacy_parsed_archive; HTML footnotes verified; 2023 original reconciled,11614.3,168638.5,148408.1,,,,18.94,17.89,5.16,14.97,4247,nrstatehs1,2949,slstatehs,18,162,305717,18,FALSE,TRUE,TRUE,251.0995,12,4.544615384615384,52,2.438999514525486,0.9761907132431566,744.2585378744283,591.5579055553675,4145.881959143686,2878.786413354069,14.613574977250055,11900000,19544,732.14,10717.4,,14.08,17,299116,4867,2340,2017,TRUE,TRUE,TRUE,approved_gate1_design; model_choice_pending_gate2
32,2019,Nevada,12400000,12400000,FALSE,TRUE,20143,20143,TRUE,FALSE,Nevada,690578,530156,2019,,TRUE,legacy_parsed_archive; HTML footnotes verified; 2023 original reconciled,12886.7,176029.7,159393,,,,17.77,17.99,5.58,14.85,4517,nrstatehs1,4491,slstatehs,19,169,312081,19,FALSE,TRUE,TRUE,255.65258333333333,12,3.935769230769231,52,1.8132586219141489,0.958805097151701,662.1297063808274,508.31627508555715,4330.9226238342335,4305.993691308289,14.23825569270276,12200000,17645,744.2585378744283,11614.3,,14.613574977250055,18,305717,4145.881959143686,2878.786413354069,2018,TRUE,TRUE,TRUE,approved_gate1_design; model_choice_pending_gate2
32,2020,Nevada,11200000,11200000,FALSE,TRUE,19716,15676,TRUE,FALSE,Nevada,486705,352765,2020,,TRUE,legacy_parsed_archive; HTML footnotes verified; 2023 original reconciled,13639.9,165924.8,170447.5,,,,12.4,16.45,5.79,13.07,5145,nrstatehs1,3683,slstatehs,18,155,310017,18,FALSE,TRUE,TRUE,258.85575,12,3.111698113207547,53,1.2529373358571627,0.9469405257561404,460.8806885881423,334.04747456836486,4872.009005015342,3487.581956359865,12.376512671632755,12400000,20143,662.1297063808274,12886.7,,14.23825569270276,19,312081,4330.9226238342335,4305.993691308289,2019,TRUE,TRUE,TRUE,approved_gate1_design; model_choice_pending_gate2
32,2021,Nevada,9960000,9960000,FALSE,TRUE,23406,18463,TRUE,FALSE,Nevada,555653,431487,2021,,TRUE,legacy_parsed_archive; HTML footnotes verified; 2023 original reconciled,14007.6,182618.3,192132.9,,,,18.72,17.64,5.4,15.32,5952,nrstatehs1,3080,slstatehs,18,164,317200,18,FALSE,TRUE,TRUE,270.97341666666665,12,2.957692307692308,52,4.681242996018686,0.9045942698561144,502.6405198283595,390.32066771740523,5384.145094183593,2786.150351156832,13.858384214195672,11200000,19716,460.8806885881423,13639.9,,12.376512671632755,18,310017,4872.009005015342,3487.581956359865,2020,TRUE,TRUE,TRUE,approved_gate1_design; model_choice_pending_gate2
32,2022,Nevada,10100000,10100000,FALSE,TRUE,20031,15503,TRUE,FALSE,Nevada,649197,477398,2022,,TRUE,legacy_parsed_archive; HTML footnotes verified; 2023 original reconciled,13396.3,194463.9,199226.6,,,,29.1,24.9,7.89,21.85,7073,nrstate,2892,slstate,18,164,319701,18,FALSE,TRUE,TRUE,292.62641666666667,12,5.344038461538461,52,7.990820747791694,0.8376584820748412,543.8053735875407,399.89648402556503,5924.758443715352,2422.508330160441,18.302837833335282,9960000,23406,502.6405198283595,14007.6,,13.858384214195672,18,317200,5384.145094183593,2786.150351156832,2021,TRUE,TRUE,TRUE,approved_gate1_design; model_choice_pending_gate2
32,2023,Nevada,10000000,10000000,FALSE,TRUE,18451,14347,TRUE,TRUE,Nevada,715421,543192,2023,,TRUE,legacy_parsed_archive; HTML footnotes verified; 2023 original reconciled,13934.8,201158.6,214392.7,,,,24.77,30.36,11.24,23.42,8278,nrstate,4165,slstate,19,176,349752,19,FALSE,TRUE,TRUE,304.70300000000003,12,6.80673076923077,52,4.126962791295052,0.8044587680462614,575.5266962944244,436.97556713258484,6659.309681886952,3350.5707689126784,18.84042434764344,10100000,20031,543.8053735875407,13396.3,,18.302837833335282,18,319701,5924.758443715352,2422.508330160441,2022,TRUE,TRUE,TRUE,approved_gate1_design; model_choice_pending_gate2
33,2015,New Hampshire,5550000,5550000,FALSE,TRUE,3763,3487,TRUE,FALSE,New Hampshire,311666,274188,2015,,TRUE,legacy_parsed_archive; HTML footnotes verified; 2023 original reconciled,2393.6,79319.3,72779.6,,,,14.72,37.33,10.03,18.73,564,nrstatehs1,751,slstatehs,29,178,322894,29,FALSE,TRUE,TRUE,237.00175,12,3.850576923076923,52,0.12113723253701636,1.0342581858572777,322.3431117533943,283.58118346383526,583.3216168235047,776.7278975788156,19.371655821106813,,,,,,,,,,,,TRUE,TRUE,FALSE,approved_gate1_design; model_choice_pending_gate2
33,2016,New Hampshire,5660000,5660000,FALSE,TRUE,3796,3382,TRUE,FALSE,New Hampshire,239972,206661,2016,,TRUE,legacy_parsed_archive; HTML footnotes verified; 2023 original reconciled,2463.5,80736.1,75229,,,,12.07,36.16,8.34,17.28,627,nrstatehs1,871,slstatehs,29,189,343712,29,FALSE,TRUE,TRUE,240.00541666666663,12,3.6540384615384616,52,1.2673605433996429,1.0213144495002715,245.08687107547917,211.0658654481756,640.3641598366702,889.5648855147365,17.64831368736469,5550000,3763,322.3431117533943,2393.6,,19.371655821106813,29,322894,583.3216168235047,776.7278975788156,2015,TRUE,TRUE,TRUE,approved_gate1_design; model_choice_pending_gate2
33,2017,New Hampshire,5190000,5190000,FALSE,TRUE,3625,3210,TRUE,FALSE,New Hampshire,260665,240199,2017,,TRUE,legacy_parsed_archive; HTML footnotes verified; 2023 original reconciled,2561,81179.6,78661,,,,13.13,36.16,8.82,16.49,893,nrstatehs1,885,slstatehs,29,183,313325,29,FALSE,TRUE,TRUE,245.121,12,3.989807692307693,52,2.1314449500271726,1,260.665,240.199,893,885,16.49,5660000,3796,245.08687107547917,2463.5,,17.64831368736469,29,343712,640.3641598366702,889.5648855147365,2016,TRUE,TRUE,TRUE,approved_gate1_design; model_choice_pending_gate2
33,2018,New Hampshire,5250000,5250000,FALSE,TRUE,4445,3683,TRUE,FALSE,New Hampshire,279037,246996,2018,,TRUE,legacy_parsed_archive; HTML footnotes verified; 2023 original reconciled,2602.3,82269.5,82353.7,,,,17.15,39.33,9.51,19.36,713,nrstatehs1,887,slstatehs,27,172,320826,27,FALSE,TRUE,TRUE,251.0995,12,4.544615384615384,52,2.438999514525486,0.9761907132431566,272.3933280512307,241.11520140820673,696.0239785423707,865.88116264668,18.899052208387513,5190000,3625,260.665,2561,,16.49,29,313325,893,885,2017,TRUE,TRUE,TRUE,approved_gate1_design; model_choice_pending_gate2
33,2019,New Hampshire,5430000,5430000,FALSE,TRUE,4743,4274,TRUE,FALSE,New Hampshire,273146,243390,2019,,TRUE,legacy_parsed_archive; HTML footnotes verified; 2023 original reconciled,2688.6,84438.2,87724.1,,,,15.73,38.36,9.16,18.99,726,nrstatehs1,624,slstatehs,27,172,321517,27,FALSE,TRUE,TRUE,255.65258333333333,12,3.935769230769231,52,1.8132586219141489,0.958805097151701,261.89377706659855,233.36357259575252,696.092500532135,598.2943806226615,18.2077087949108,5250000,4445,272.3933280512307,2602.3,,18.899052208387513,27,320826,696.0239785423707,865.88116264668,2018,TRUE,TRUE,TRUE,approved_gate1_design; model_choice_pending_gate2
33,2020,New Hampshire,5310000,5310000,FALSE,TRUE,4320,3658,TRUE,FALSE,New Hampshire,283372,253924,2020,,TRUE,legacy_parsed_archive; HTML footnotes verified; 2023 original reconciled,2348.9,83682.9,93153.8,,,,11.27,38.43,8.2,17.97,630,nrstatehs1,544,slstatehs,25,167,315017,25,FALSE,TRUE,TRUE,258.85575,12,3.111698113207547,53,1.2529373358571627,0.9469405257561404,268.33643066456904,240.4509260621022,596.5725312263685,515.1356460113403,17.016521247837844,5430000,4743,261.89377706659855,2688.6,,18.2077087949108,27,321517,696.092500532135,598.2943806226615,2019,TRUE,TRUE,TRUE,approved_gate1_design; model_choice_pending_gate2
33,2021,New Hampshire,5070000,5070000,FALSE,TRUE,4892,4397,TRUE,FALSE,New Hampshire,235818,203724,2021,,TRUE,legacy_parsed_archive; HTML footnotes verified; 2023 original reconciled,2739.2,90296.7,102663.3,,,,15.43,40.47,9.23,20.17,886,nrstatehs1,777,slstatehs,26,179,318056,26,FALSE,TRUE,TRUE,270.97341666666665,12,2.957692307692308,52,4.681242996018686,0.9045942698561144,213.3196115289292,184.28756303216704,801.4705230925173,702.8697476782008,18.24566642299783,5310000,4320,268.33643066456904,2348.9,,17.016521247837844,25,315017,596.5725312263685,515.1356460113403,2020,TRUE,TRUE,TRUE,approved_gate1_design; model_choice_pending_gate2
33,2022,New Hampshire,5150000,5150000,FALSE,TRUE,4783,4145,TRUE,FALSE,New Hampshire,204976,177270,2022,,TRUE,legacy_parsed_archive; HTML footnotes verified; 2023 original reconciled,2581.5,91702.1,105210.8,,,,26.25,44.39,12.73,24.87,1012,nrstate,990,slstate,28,173,310549,28,FALSE,TRUE,TRUE,292.62641666666667,12,5.344038461538461,52,7.990820747791694,0.8376584820748412,171.69988502177264,148.49171911740711,847.7103838597393,829.2818972540928,20.832566449201302,5070000,4892,213.3196115289292,2739.2,,18.24566642299783,26,318056,801.4705230925173,702.8697476782008,2021,TRUE,TRUE,TRUE,approved_gate1_design; model_choice_pending_gate2
33,2023,New Hampshire,5130000,5130000,FALSE,TRUE,4555,3784,TRUE,TRUE,New Hampshire,282162,255017,2023,,TRUE,legacy_parsed_archive; HTML footnotes verified; 2023 original reconciled,2636.7,93645.8,111148.6,,,,22.6,46.2,12.82,24.39,1322,nrstate,1214,slstate,27,166,316058,27,FALSE,TRUE,TRUE,304.70300000000003,12,6.80673076923077,52,4.126962791295052,0.8044587680462614,226.98769490946918,205.15066165085344,1063.4944913571576,976.6129444081613,19.620749352648314,5150000,4783,171.69988502177264,2581.5,,20.832566449201302,28,310549,847.7103838597393,829.2818972540928,2022,TRUE,TRUE,TRUE,approved_gate1_design; model_choice_pending_gate2
34,2015,New Jersey,17800000,17800000,FALSE,TRUE,30560,18812,TRUE,FALSE,New Jersey,3080659,2834567,2015,,TRUE,legacy_parsed_archive; HTML footnotes verified; 2023 original reconciled,21526.3,581414.9,530303.1,SMU34000002023700001,20.441666666666663,12,14.68,31.19,7.72,17.92,4340,nrstatehs1,6704,slstatehs,16,312,776521,16,FALSE,TRUE,TRUE,237.00175,12,3.850576923076923,52,0.12113723253701636,1.0342581858572777,3186.1967885848953,2931.674123110906,4488.680526620586,6933.66687798719,18.533906690562418,,,,,,,,,,,,TRUE,TRUE,FALSE,approved_gate1_design; model_choice_pending_gate2
34,2016,New Jersey,16600000,16600000,FALSE,TRUE,26793,21581,TRUE,FALSE,New Jersey,2631624,2347943,2016,,TRUE,legacy_parsed_archive; HTML footnotes verified; 2023 original reconciled,21242.1,587049.7,545301.7,SMU34000002023700001,19.466666666666665,12,11.49,29.78,6.31,15.88,4833,nrstatehs1,6940,slstatehs,17,331,820093,17,FALSE,TRUE,TRUE,240.00541666666663,12,3.6540384615384616,52,1.2673605433996429,1.0213144495002715,2687.715616851702,2397.988112503016,4936.012734434812,7087.922279531885,16.218473458064313,17800000,30560,3186.1967885848953,21526.3,20.441666666666663,18.533906690562418,16,776521,4488.680526620586,6933.66687798719,2015,TRUE,TRUE,TRUE,approved_gate1_design; model_choice_pending_gate2
34,2017,New Jersey,17200000,17200000,FALSE,TRUE,28501,24196,TRUE,FALSE,New Jersey,2301582,2051341,2017,,TRUE,legacy_parsed_archive; HTML footnotes verified; 2023 original reconciled,21117.5,590086.7,566237.1,SMU34000002023700001,20.1,12,15.12,29.65,7.6,17.41,6475,nrstatehs1,5135,slstatehs,19,351,846050,19,FALSE,TRUE,TRUE,245.121,12,3.989807692307693,52,2.1314449500271726,1,2301.582,2051.341,6475,5135,17.41,16600000,26793,2687.715616851702,21242.1,19.466666666666665,16.218473458064313,17,820093,4936.012734434812,7087.922279531885,2016,TRUE,TRUE,TRUE,approved_gate1_design; model_choice_pending_gate2
34,2018,New Jersey,17800000,17800000,FALSE,TRUE,27942,23358,TRUE,FALSE,New Jersey,2932895,2638862,2018,,TRUE,legacy_parsed_archive; HTML footnotes verified; 2023 original reconciled,20977.7,606892.2,591910.4,SMU34000002023700001,20.133333333333333,12,16.25,29.51,7.72,18.55,6982,nrstatehs1,5490,slstatehs,18,347,823251,18,FALSE,TRUE,TRUE,251.0995,12,4.544615384615384,52,2.438999514525486,0.9761907132431566,2863.064861917288,2576.032577930263,6815.76355986372,5359.28701570493,18.108337730660555,17200000,28501,2301.582,21117.5,20.1,17.41,19,846050,6475,5135,2017,TRUE,TRUE,TRUE,approved_gate1_design; model_choice_pending_gate2
34,2019,New Jersey,18400000,18400000,FALSE,TRUE,36505,36237,TRUE,FALSE,New Jersey,2944934,2624942,2019,,TRUE,legacy_parsed_archive; HTML footnotes verified; 2023 original reconciled,21269.4,618691,625170.3,SMU34000002023700001,20.05,12,15.04,29.77,7.33,17.02,6975,nrstatehs1,5918,slstatehs,18,375,914174,18,FALSE,TRUE,TRUE,255.65258333333333,12,3.935769230769231,52,1.8132586219141489,0.958805097151701,2823.6177299753476,2516.8077693275804,6687.665552633115,5674.208564943767,16.31886275352195,17800000,27942,2863.064861917288,20977.7,20.133333333333333,18.108337730660555,18,823251,6815.76355986372,5359.28701570493,2018,TRUE,TRUE,TRUE,approved_gate1_design; model_choice_pending_gate2
34,2020,New Jersey,17300000,17300000,FALSE,TRUE,36146,31155,TRUE,FALSE,New Jersey,2760187,2501185,2020,,TRUE,legacy_parsed_archive; HTML footnotes verified; 2023 original reconciled,20415.5,598481.3,653214.2,SMU34000002023700001,19.45,12,10.74,29.33,7.24,16.11,6202,nrstatehs1,6627,slstatehs,18,399,912907,18,FALSE,TRUE,TRUE,258.85575,12,3.111698113207547,53,1.2529373358571627,0.9469405257561404,2613.732928965264,2368.473438913372,5872.925140739583,6275.374864185943,15.255211869931422,18400000,36505,2823.6177299753476,21269.4,20.05,16.31886275352195,18,914174,6687.665552633115,5674.208564943767,2019,TRUE,TRUE,TRUE,approved_gate1_design; model_choice_pending_gate2
34,2021,New Jersey,17700000,17700000,FALSE,TRUE,37094,36337,TRUE,FALSE,New Jersey,2465160,2188054,2021,,TRUE,legacy_parsed_archive; HTML footnotes verified; 2023 original reconciled,20846.4,631158.3,707402.6,SMU34000002023700001,19.066666666666663,12,14.75,31.36,9.06,20.74,6526,nrstatehs1,5883,slstatehs,17,377,885975,17,FALSE,TRUE,TRUE,270.97341666666665,12,2.957692307692308,52,4.681242996018686,0.9045942698561144,2229.9696102784987,1979.3011105357505,5903.382205081002,5321.72808956352,18.76128515681581,17300000,36146,2613.732928965264,20415.5,19.45,15.255211869931422,18,912907,5872.925140739583,6275.374864185943,2020,TRUE,TRUE,TRUE,approved_gate1_design; model_choice_pending_gate2
34,2022,New Jersey,17800000,17800000,FALSE,TRUE,36906,36168,TRUE,FALSE,New Jersey,1912849,1725449,2022,,TRUE,legacy_parsed_archive; HTML footnotes verified; 2023 original reconciled,19180.4,648512.4,719848.2,SMU34000002023700001,19.291666666666668,12,27.34,35.52,11.02,22.36,8086,nrstate,6625,slstate,17,393,936016,17,FALSE,TRUE,TRUE,292.62641666666667,12,5.344038461538461,52,7.990820747791694,0.8376584820748412,1602.3141897783778,1445.3369902375528,6773.306486057166,5549.487443745823,18.73004365919345,17700000,37094,2229.9696102784987,20846.4,19.066666666666663,18.76128515681581,17,885975,5903.382205081002,5321.72808956352,2021,TRUE,TRUE,TRUE,approved_gate1_design; model_choice_pending_gate2
34,2023,New Jersey,18700000,18700000,FALSE,TRUE,32840,24846,TRUE,TRUE,New Jersey,2974261,2756460,2023,,TRUE,legacy_parsed_archive; HTML footnotes verified; 2023 original reconciled,19374.1,662320.1,765228.3,SMU34000002023700001,19.616666666666667,12,23.52,34.24,8.86,19.21,8214,nrstate,8119,slstate,16,412,988247,16,FALSE,TRUE,TRUE,304.70300000000003,12,6.80673076923077,52,4.126962791295052,0.8044587680462614,2392.6703399080416,2217.4584157687977,6607.824320731991,6531.400737767596,15.453652934168682,17800000,36906,1602.3141897783778,19180.4,19.291666666666668,18.73004365919345,17,936016,6773.306486057166,5549.487443745823,2022,TRUE,TRUE,TRUE,approved_gate1_design; model_choice_pending_gate2
35,2015,New Mexico,5120000,5120000,FALSE,TRUE,4599,3496,TRUE,FALSE,New Mexico,445814,427654,2015,,TRUE,legacy_parsed_archive; HTML footnotes verified; 2023 original reconciled,3582.3,93503.9,79130.8,,,,13.78,18.56,4.45,15.58,1401,nrstatehs1,1584,slstatehs,45,261,459053,45,FALSE,TRUE,TRUE,237.00175,12,3.850576923076923,52,0.12113723253701636,1.0342581858572777,461.0867788697764,442.3046502146082,1448.995718386046,1638.2649663979278,16.113742535656385,,,,,,,,,,,,TRUE,TRUE,FALSE,approved_gate1_design; model_choice_pending_gate2
35,2016,New Mexico,4760000,4760000,FALSE,TRUE,4863,3195,TRUE,FALSE,New Mexico,392440,374618,2016,,TRUE,legacy_parsed_archive; HTML footnotes verified; 2023 original reconciled,3579.4,93043.5,80782.3,,,,12.15,17.11,4,14.04,1128,nrstatehs1,1387,slstatehs,45,262,428949,45,FALSE,TRUE,TRUE,240.00541666666663,12,3.6540384615384616,52,1.2673605433996429,1.0213144495002715,400.80464256188657,382.6027764428927,1152.0426990363062,1416.5631414568766,14.339254870983812,5120000,4599,461.0867788697764,3582.3,,16.113742535656385,45,459053,1448.995718386046,1638.2649663979278,2015,TRUE,TRUE,TRUE,approved_gate1_design; model_choice_pending_gate2
35,2017,New Mexico,4500000,4500000,FALSE,TRUE,4741,2801,TRUE,FALSE,New Mexico,381462,363798,2017,,TRUE,legacy_parsed_archive; HTML footnotes verified; 2023 original reconciled,3748.2,93210.1,82354.1,,,,14.79,18.04,4.86,15.4,1791,nrstatehs1,1282,slstatehs,60,287,468248,60,FALSE,TRUE,TRUE,245.121,12,3.989807692307693,52,2.1314449500271726,1,381.462,363.798,1791,1282,15.4,4760000,4863,400.80464256188657,3579.4,,14.339254870983812,45,428949,1152.0426990363062,1416.5631414568766,2016,TRUE,TRUE,TRUE,approved_gate1_design; model_choice_pending_gate2
35,2018,New Mexico,4300000,4300000,FALSE,TRUE,4813,3708,TRUE,FALSE,New Mexico,439747,414266,2018,,TRUE,legacy_parsed_archive; HTML footnotes verified; 2023 original reconciled,3884.5,96077,86179.5,,,,18.18,17.13,3.59,15.6,1897,nrstatehs1,1682,slstatehs,63,293,501236,63,FALSE,TRUE,TRUE,251.0995,12,4.544615384615384,52,2.438999514525486,0.9761907132431566,429.27693757653844,404.40262201238954,1851.833783022268,1641.9527796749894,15.228575126593244,4500000,4741,381.462,3748.2,,15.4,60,468248,1791,1282,2017,TRUE,TRUE,TRUE,approved_gate1_design; model_choice_pending_gate2
35,2019,New Mexico,4220000,4220000,FALSE,TRUE,5020,3757,TRUE,FALSE,New Mexico,435393,412161,2019,,TRUE,legacy_parsed_archive; HTML footnotes verified; 2023 original reconciled,4130.7,100342.2,91208.9,,,,16.76,16.06,3.37,15.24,1570,nrstatehs1,1662,slstatehs,68,304,526260,68,FALSE,TRUE,TRUE,255.65258333333333,12,3.935769230769231,52,1.8132586219141489,0.958805097151701,417.45702766417054,395.1820676471423,1505.3240025281707,1593.5340714661272,14.612189680591923,4300000,4813,429.27693757653844,3884.5,,15.228575126593244,63,501236,1851.833783022268,1641.9527796749894,2018,TRUE,TRUE,TRUE,approved_gate1_design; model_choice_pending_gate2
35,2020,New Mexico,4930000,4930000,FALSE,TRUE,5219,3718,TRUE,FALSE,New Mexico,474163,454834,2020,,TRUE,legacy_parsed_archive; HTML footnotes verified; 2023 original reconciled,4066.5,98004,98634.3,,,,11.65,16.35,2.97,13.86,1653,nrstatehs1,1912,slstatehs,54,293,503608,54,FALSE,TRUE,TRUE,258.85575,12,3.111698113207547,53,1.2529373358571627,0.9469405257561404,449.00416051410883,430.7007470917684,1565.2926890749002,1810.5502852457405,13.124595686980106,4220000,5020,417.45702766417054,4130.7,,14.612189680591923,68,526260,1505.3240025281707,1593.5340714661272,2019,TRUE,TRUE,TRUE,approved_gate1_design; model_choice_pending_gate2
35,2021,New Mexico,4270000,4270000,FALSE,TRUE,7753,5540,TRUE,FALSE,New Mexico,664292,640442,2021,,TRUE,legacy_parsed_archive; HTML footnotes verified; 2023 original reconciled,3984.6,101499.2,107674.3,,,,17.93,18.05,5.85,16.82,1573,nrstatehs1,1463,slstatehs,44,259,464367,44,FALSE,TRUE,TRUE,270.97341666666665,12,2.957692307692308,52,4.681242996018686,0.9045942698561144,600.9147367112579,579.3401633751896,1422.926786483668,1323.4214167994953,15.215275618979843,4930000,5219,449.00416051410883,4066.5,,13.124595686980106,54,503608,1565.2926890749002,1810.5502852457405,2020,TRUE,TRUE,TRUE,approved_gate1_design; model_choice_pending_gate2
35,2022,New Mexico,4810000,4810000,FALSE,TRUE,8633,8187,TRUE,FALSE,New Mexico,607404,574514,2022,,TRUE,legacy_parsed_archive; HTML footnotes verified; 2023 original reconciled,3726.2,104212.8,112280.3,,,,28.08,19.22,9.32,21.52,3045,nrstate,1952,slstate,45,268,486303,45,FALSE,TRUE,TRUE,292.62641666666667,12,5.344038461538461,52,7.990820747791694,0.8376584820748412,508.7971126461868,481.2465251707453,2550.6700779178914,1635.10935701009,18.02641053425058,4270000,7753,600.9147367112579,3984.6,,15.215275618979843,44,464367,1422.926786483668,1323.4214167994953,2021,TRUE,TRUE,TRUE,approved_gate1_design; model_choice_pending_gate2
35,2023,New Mexico,4480000,4480000,FALSE,TRUE,8511,8287,TRUE,TRUE,New Mexico,710034,676752,2023,,TRUE,legacy_parsed_archive; HTML footnotes verified; 2023 original reconciled,4030.2,114059.2,117634.3,,,,22.62,16.86,4.92,19.17,3617,nrstate,2412,slstate,44,255,469490,44,FALSE,TRUE,TRUE,304.70300000000003,12,6.80673076923077,52,4.126962791295052,0.8044587680462614,571.1930769109591,544.4190801928435,2909.7273640233275,1940.3545485275824,15.421474583446832,4810000,8633,508.7971126461868,3726.2,,18.02641053425058,45,486303,2550.6700779178914,1635.10935701009,2022,TRUE,TRUE,TRUE,approved_gate1_design; model_choice_pending_gate2
36,2015,New York,40700000,40700000,FALSE,TRUE,74611,72014,TRUE,FALSE,New York,4296048,3861353,2015,,TRUE,legacy_parsed_archive; HTML footnotes verified; 2023 original reconciled,48804.3,1565835.2,1137082.3,SMU36000002023700001,29.025,12,15.05,18.49,6.41,12.5,24596,nrstatehs1,21448,slstatehs,158,820,1512353,158,FALSE,TRUE,TRUE,237.00175,12,3.850576923076923,52,0.12113723253701636,1.0342581858572777,4443.222810835786,3993.6359487345567,25438.6143393456,22182.769570266893,12.928227323215971,,,,,,,,,,,,TRUE,TRUE,FALSE,approved_gate1_design; model_choice_pending_gate2
36,2016,New York,38300000,38300000,FALSE,TRUE,33711,31169,TRUE,FALSE,New York,4288149,3928506,2016,,TRUE,legacy_parsed_archive; HTML footnotes verified; 2023 original reconciled,51969.4,1590567.8,1176654.7,SMU36000002023700001,30.21666666666667,12,11.28,17.67,5.74,11.06,30901,nrstatehs1,20434,slstatehs,162,886,1668490,162,FALSE,TRUE,TRUE,240.00541666666663,12,3.6540384615384616,52,1.2673605433996429,1.0213144495002715,4379.54853531014,4012.2399427485134,31559.63780400789,20869.53946108855,11.295737811473003,40700000,74611,4443.222810835786,48804.3,29.025,12.928227323215971,158,1512353,25438.6143393456,22182.769570266893,2015,TRUE,TRUE,TRUE,approved_gate1_design; model_choice_pending_gate2
36,2017,New York,37000000,37000000,FALSE,TRUE,39350,36199,TRUE,FALSE,New York,4018762,3407402,2017,,TRUE,legacy_parsed_archive; HTML footnotes verified; 2023 original reconciled,53737.5,1624800.7,1255776.7,SMU36000002023700001,30.6,12,14.71,17.36,6.98,11.85,27879,nrstatehs1,20392,slstatehs,170,885,1622873,170,FALSE,TRUE,TRUE,245.121,12,3.989807692307693,52,2.1314449500271726,1,4018.762,3407.402,27879,20392,11.85,38300000,33711,4379.54853531014,51969.4,30.21666666666667,11.295737811473003,162,1668490,31559.63780400789,20869.53946108855,2016,TRUE,TRUE,TRUE,approved_gate1_design; model_choice_pending_gate2
36,2018,New York,39800000,39800000,FALSE,TRUE,37778,34173,TRUE,FALSE,New York,2895878,2332839,2018,,TRUE,legacy_parsed_archive; HTML footnotes verified; 2023 original reconciled,54280.3,1665186.8,1298669,SMU36000002023700001,32.6,12,17.33,17.64,7.58,12.92,31481,nrstatehs1,21217,slstatehs,168,893,1665700,168,FALSE,TRUE,TRUE,251.0995,12,4.544615384615384,52,2.438999514525486,0.9761907132431566,2826.929210285166,2277.295767291452,30731.459843607816,20711.838362880055,12.612384015101584,37000000,39350,4018.762,53737.5,30.6,11.85,170,1622873,27879,20392,2017,TRUE,TRUE,TRUE,approved_gate1_design; model_choice_pending_gate2
36,2019,New York,39100000,39100000,FALSE,TRUE,45219,41266,TRUE,FALSE,New York,3937980,3537715,2019,,TRUE,legacy_parsed_archive; HTML footnotes verified; 2023 original reconciled,54140.7,1704364.3,1343851.2,SMU36000002023700001,32.86666666666667,12,14.67,16.45,7.46,12.5,32538,nrstatehs1,24578,slstatehs,166,914,1674073,166,FALSE,TRUE,TRUE,255.65258333333333,12,3.935769230769231,52,1.8132586219141489,0.958805097151701,3775.755296481456,3391.97917427003,31197.600251122047,23565.511677794508,11.985063714396263,39800000,37778,2826.929210285166,54280.3,32.6,12.612384015101584,168,1665700,30731.459843607816,20711.838362880055,2018,TRUE,TRUE,TRUE,approved_gate1_design; model_choice_pending_gate2
36,2020,New York,36700000,36700000,FALSE,TRUE,37330,32765,TRUE,FALSE,New York,4274851,3608225,2020,,TRUE,legacy_parsed_archive; HTML footnotes verified; 2023 original reconciled,49029.1,1667234.8,1415644.9,SMU36000002023700001,30.85,12,10.47,16.25,6.77,11.74,32002,nrstatehs1,25594,slstatehs,164,869,1488067,164,FALSE,TRUE,TRUE,258.85575,12,3.111698113207547,53,1.2529373358571627,0.9469405257561404,4048.0296534691624,3416.7744785464497,30303.990705248005,24235.995816202656,11.11708177237709,39100000,45219,3775.755296481456,54140.7,32.86666666666667,11.985063714396263,166,1674073,31197.600251122047,23565.511677794508,2019,TRUE,TRUE,TRUE,approved_gate1_design; model_choice_pending_gate2
36,2021,New York,40600000,40600000,FALSE,TRUE,40135,35480,TRUE,FALSE,New York,3669404,2841479,2021,,TRUE,legacy_parsed_archive; HTML footnotes verified; 2023 original reconciled,49583.2,1750551.2,1515619.3,SMU36000002023700001,31.6,12,14.39,18.59,8.12,13.83,31258,nrstatehs1,23308,slstatehs,173,945,1649775,173,FALSE,TRUE,TRUE,270.97341666666665,12,2.957692307692308,52,4.681242996018686,0.9045942698561144,3319.3218321871054,2570.385621316482,28275.80768716242,21084.28324180631,12.510538752110062,36700000,37330,4048.0296534691624,49029.1,30.85,11.11708177237709,164,1488067,30303.990705248005,24235.995816202656,2020,TRUE,TRUE,TRUE,approved_gate1_design; model_choice_pending_gate2
36,2022,New York,42000000,42000000,FALSE,TRUE,53360,50005,TRUE,FALSE,New York,3596634,2865949,2022,,TRUE,legacy_parsed_archive; HTML footnotes verified; 2023 original reconciled,44866.3,1781554.1,1526280.6,SMU36000002023700001,32.891666666666666,12,27.52,22.13,10.54,18.18,30554,nrstate,24605,slstate,164,929,1657143,164,FALSE,TRUE,TRUE,292.62641666666667,12,5.344038461538461,52,7.990820747791694,0.8376584820748412,3012.7509770187644,2400.686489043909,25593.817261314696,20610.586951451467,15.228631204120612,40600000,40135,3319.3218321871054,49583.2,31.6,12.510538752110062,173,1649775,28275.80768716242,21084.28324180631,2021,TRUE,TRUE,TRUE,approved_gate1_design; model_choice_pending_gate2
36,2023,New York,42200000,42200000,FALSE,TRUE,48807,45075,TRUE,TRUE,New York,4428338,2802017,2023,,TRUE,legacy_parsed_archive; HTML footnotes verified; 2023 original reconciled,43942.7,1793384.5,1617130.9,SMU36000002023700001,33.56666666666667,12,23.13,20.13,10.08,16.17,31807,nrstate,28212,slstate,160,939,1766921,160,FALSE,TRUE,TRUE,304.70300000000003,12,6.80673076923077,52,4.126962791295052,0.8044587680462614,3562.4153319724446,2254.107143864681,25587.420035247436,22695.390764121126,13.008098279308047,42000000,53360,3012.7509770187644,44866.3,32.891666666666666,15.228631204120612,164,1657143,25593.817261314696,20610.586951451467,2022,TRUE,TRUE,TRUE,approved_gate1_design; model_choice_pending_gate2
37,2015,North Carolina,50200000,50200000,FALSE,TRUE,54757,52077,TRUE,FALSE,North Carolina,2372864,1987151,2015,,TRUE,legacy_parsed_archive; HTML footnotes verified; 2023 original reconciled,19604.1,525229.1,414760.4,SMU37000002023700001,28.55,12,15.23,19.09,6.12,11.4,5218,nrstatehs1,5717,slstatehs,124,795,1611391,124,FALSE,TRUE,TRUE,237.00175,12,3.850576923076923,52,0.12113723253701636,1.0342581858572777,2454.1540159260435,2055.2271882844752,5396.759213803275,5912.854048546056,11.790543318772967,,,,,,,,,,,,TRUE,TRUE,FALSE,approved_gate1_design; model_choice_pending_gate2
37,2016,North Carolina,57900000,57900000,FALSE,TRUE,60550,56268,TRUE,FALSE,North Carolina,2676904,2145501,2016,,TRUE,legacy_parsed_archive; HTML footnotes verified; 2023 original reconciled,21416.2,536308.5,429054.9,SMU37000002023700001,30.858333333333334,12,12.76,18.5,5.25,10.42,7751,nrstatehs1,6823,slstatehs,122,809,1734701,122,FALSE,TRUE,TRUE,240.00541666666663,12,3.6540384615384616,52,1.2673605433996429,1.0213144495002715,2733.9607351250747,2191.2311727172823,7916.2082980766045,6968.4284889403525,10.64209656379283,50200000,54757,2454.1540159260435,19604.1,28.55,11.790543318772967,124,1611391,5396.759213803275,5912.854048546056,2015,TRUE,TRUE,TRUE,approved_gate1_design; model_choice_pending_gate2
37,2017,North Carolina,55400000,55400000,FALSE,TRUE,67047,62661,TRUE,FALSE,North Carolina,3069561,2400061,2017,,TRUE,legacy_parsed_archive; HTML footnotes verified; 2023 original reconciled,22761.1,546810.1,449817.7,SMU37000002023700001,32.925,12,14.49,18.18,6.02,10.79,9617,nrstatehs1,6610,slstatehs,127,861,1837427,127,FALSE,TRUE,TRUE,245.121,12,3.989807692307693,52,2.1314449500271726,1,3069.561,2400.061,9617,6610,10.79,57900000,60550,2733.9607351250747,21416.2,30.858333333333334,10.64209656379283,122,1734701,7916.2082980766045,6968.4284889403525,2016,TRUE,TRUE,TRUE,approved_gate1_design; model_choice_pending_gate2
37,2018,North Carolina,56100000,56100000,FALSE,TRUE,71691,64037,TRUE,FALSE,North Carolina,3835043,3001298,2018,,TRUE,legacy_parsed_archive; HTML footnotes verified; 2023 original reconciled,23781.3,556573.7,473093.3,SMU37000002023700001,34.9,12,17.5,18.56,6,11.45,10159,nrstatehs1,7677,slstatehs,134,865,1827716,134,FALSE,TRUE,TRUE,251.0995,12,4.544615384615384,52,2.438999514525486,0.9761907132431566,3743.7333614881754,2929.8392352752594,9917.121455837228,7494.216105567713,11.177383666634142,55400000,67047,3069.561,22761.1,32.925,10.79,127,1837427,9617,6610,2017,TRUE,TRUE,TRUE,approved_gate1_design; model_choice_pending_gate2
37,2019,North Carolina,60700000,60700000,FALSE,TRUE,71307,66932,TRUE,FALSE,North Carolina,4844323,3765243,2019,,TRUE,legacy_parsed_archive; HTML footnotes verified; 2023 original reconciled,25020.2,567975,501618.1,SMU37000002023700001,36.31666666666667,12,16.19,18.47,5.6,10.99,10193,nrstatehs1,9745,slstatehs,130,882,1870658,130,FALSE,TRUE,TRUE,255.65258333333333,12,3.935769230769231,52,1.8132586219141489,0.958805097151701,4644.76158464922,3610.1341804147623,9773.100355267288,9343.555671743326,10.537268017697194,56100000,71691,3743.7333614881754,23781.3,34.9,11.177383666634142,134,1827716,9917.121455837228,7494.216105567713,2018,TRUE,TRUE,TRUE,approved_gate1_design; model_choice_pending_gate2
37,2020,North Carolina,55900000,55900000,FALSE,TRUE,80474,72378,TRUE,FALSE,North Carolina,4558684,3583028,2020,,TRUE,legacy_parsed_archive; HTML footnotes verified; 2023 original reconciled,25119.8,564278.8,541462.5,SMU37000002023700001,34.93333333333334,12,11.5,18.5,5.07,9.92,8389,nrstatehs1,8432,slstatehs,129,897,1724825,129,FALSE,TRUE,TRUE,258.85575,12,3.111698113207547,53,1.2529373358571627,0.9469405257561404,4316.802623716106,3392.914418118972,7943.884070568261,7984.602513175776,9.393650015500913,60700000,71307,4644.76158464922,25020.2,36.31666666666667,10.537268017697194,130,1870658,9773.100355267288,9343.555671743326,2019,TRUE,TRUE,TRUE,approved_gate1_design; model_choice_pending_gate2
37,2021,North Carolina,62300000,62300000,FALSE,TRUE,94874,89141,TRUE,FALSE,North Carolina,3901128,3200600,2021,,TRUE,legacy_parsed_archive; HTML footnotes verified; 2023 original reconciled,26119,599293.8,604630.7,SMU37000002023700001,34.8,12,15.87,17.99,6.12,11.13,7892,nrstatehs1,7673,slstatehs,131,925,1854951,131,FALSE,TRUE,TRUE,270.97341666666665,12,2.957692307692308,52,4.681242996018686,0.9045942698561144,3528.938034775244,2895.2444201014796,7139.057977704454,6940.951832605965,10.068134223498554,55900000,80474,4316.802623716106,25119.8,34.93333333333334,9.393650015500913,129,1724825,7943.884070568261,7984.602513175776,2020,TRUE,TRUE,TRUE,approved_gate1_design; model_choice_pending_gate2
37,2022,North Carolina,62700000,62700000,FALSE,TRUE,94118,89977,TRUE,FALSE,North Carolina,4403076,3301971,2022,,TRUE,legacy_parsed_archive; HTML footnotes verified; 2023 original reconciled,25211.9,620666.5,632926.5,SMU37000002023700001,36.858333333333334,12,27.28,19.18,9,14.25,13081,nrstate,8983,slstate,131,927,1889289,131,FALSE,TRUE,TRUE,292.62641666666667,12,5.344038461538461,52,7.990820747791694,0.8376584820748412,3688.2739586201633,2765.9240157151453,10957.410604020997,7524.686144478298,11.936633369566486,62300000,94874,3528.938034775244,26119,34.8,10.068134223498554,131,1854951,7139.057977704454,6940.951832605965,2021,TRUE,TRUE,TRUE,approved_gate1_design; model_choice_pending_gate2
37,2023,North Carolina,66800000,66800000,FALSE,TRUE,98853,91673,TRUE,TRUE,North Carolina,4815068,3197827,2023,,TRUE,legacy_parsed_archive; HTML footnotes verified; 2023 original reconciled,25864,643045.8,677170.4,SMU37000002023700001,39.583333333333336,12,23.68,20.94,6.51,13.48,19078,nrstate,10661,slstate,128,926,1956665,128,FALSE,TRUE,TRUE,304.70300000000003,12,6.80673076923077,52,4.126962791295052,0.8044587680462614,3873.523671338976,2572.519968845072,15347.464376786575,8576.334926141193,10.844104193263604,62700000,94118,3688.2739586201633,25211.9,36.858333333333334,11.936633369566486,131,1889289,10957.410604020997,7524.686144478298,2022,TRUE,TRUE,TRUE,approved_gate1_design; model_choice_pending_gate2
38,2015,North Dakota,788000,788000,FALSE,TRUE,6256,5690,TRUE,FALSE,North Dakota,651295,559589,2015,,TRUE,legacy_parsed_archive; HTML footnotes verified; 2023 original reconciled,4350.8,58694.5,40408.2,SMU38000002023700001,9.058333333333334,12,14.89,23.64,2.88,8.45,2028,nrstatehs1,3185,slstatehs,5,14,11269,5,FALSE,TRUE,TRUE,237.00175,12,3.850576923076923,52,0.12113723253701636,1.0342581858572777,673.6071851579156,578.7595039656882,2097.475600918559,3294.1123219554293,8.739481670493996,,,,,,,,,,,,TRUE,TRUE,FALSE,approved_gate1_design; model_choice_pending_gate2
38,2016,North Dakota,734000,734000,FALSE,TRUE,3981,3665,TRUE,FALSE,North Dakota,549947,442864,2016,,TRUE,legacy_parsed_archive; HTML footnotes verified; 2023 original reconciled,3906,54756,39232,SMU38000002023700001,8.041666666666666,12,11.99,23.39,2.41,7.21,2880,nrstatehs1,2914,slstatehs,3,11,8289,3,FALSE,TRUE,TRUE,240.00541666666663,12,3.6540384615384616,52,1.2673605433996429,1.0213144495002715,561.6688175593258,452.3034023634882,2941.385614560782,2976.110305843791,7.363677180896958,788000,6256,673.6071851579156,4350.8,9.058333333333334,8.739481670493996,5,11269,2097.475600918559,3294.1123219554293,2015,TRUE,TRUE,TRUE,approved_gate1_design; model_choice_pending_gate2
38,2017,North Dakota,427000,427000,FALSE,TRUE,3411,3278,TRUE,FALSE,North Dakota,613462,520899,2017,,TRUE,legacy_parsed_archive; HTML footnotes verified; 2023 original reconciled,3228.4,56530.2,39743.7,SMU38000002023700001,6.025,12,14.49,22.37,2.91,8.19,1668,nrstatehs1,2515,slstatehs,2,4,5119,2,FALSE,TRUE,TRUE,245.121,12,3.989807692307693,52,2.1314449500271726,1,613.462,520.899,1668,2515,8.19,734000,3981,561.6688175593258,3906,8.041666666666666,7.363677180896958,3,8289,2941.385614560782,2976.110305843791,2016,TRUE,TRUE,TRUE,approved_gate1_design; model_choice_pending_gate2
38,2018,North Dakota,326000,326000,FALSE,TRUE,3211,3053,TRUE,FALSE,North Dakota,263882,204518,2018,,TRUE,legacy_parsed_archive; HTML footnotes verified; 2023 original reconciled,2993.4,58516.4,42565.9,SMU38000002023700001,6.208333333333333,12,17.59,23.39,3.04,9.19,1220,nrstatehs1,1421,slstatehs,2,4,2110,2,FALSE,TRUE,TRUE,251.0995,12,4.544615384615384,52,2.438999514525486,0.9761907132431566,257.59915779203067,199.6485722910639,1190.952670156651,1387.1670035185257,8.971192654704609,427000,3411,613.462,3228.4,6.025,8.19,2,5119,1668,2515,2017,TRUE,TRUE,TRUE,approved_gate1_design; model_choice_pending_gate2
38,2019,North Dakota,337000,337000,FALSE,TRUE,2495,2350,TRUE,FALSE,North Dakota,376287,300592,2019,,TRUE,legacy_parsed_archive; HTML footnotes verified; 2023 original reconciled,3138.1,59408.5,43997.2,SMU38000002023700001,7.283333333333333,12,16.57,23.28,2.56,9.27,1461,nrstatehs1,1652,slstatehs,2,4,681,2,FALSE,TRUE,TRUE,255.65258333333333,12,3.935769230769231,52,1.8132586219141489,0.958805097151701,360.7858935919221,288.2091417630241,1400.8142469386353,1583.9460204946101,8.888123250596268,326000,3211,257.59915779203067,2993.4,6.208333333333333,8.971192654704609,2,2110,1190.952670156651,1387.1670035185257,2018,TRUE,TRUE,TRUE,approved_gate1_design; model_choice_pending_gate2
38,2020,North Dakota,411000,411000,FALSE,TRUE,3493,3389,TRUE,FALSE,North Dakota,372599,328440,2020,,TRUE,legacy_parsed_archive; HTML footnotes verified; 2023 original reconciled,2845.2,56602.8,47122.5,SMU38000002023700001,5.833333333333333,12,12.21,21.29,1.9,7.66,1282,nrstatehs1,1609,slstatehs,0,0,0,0,TRUE,TRUE,TRUE,258.85575,12,3.111698113207547,53,1.2529373358571627,0.9469405257561404,352.82909295621215,311.01314627934676,1213.977754019372,1523.6273059416299,7.253564427292035,337000,2495,360.7858935919221,3138.1,7.283333333333333,8.888123250596268,2,681,1400.8142469386353,1583.9460204946101,2019,TRUE,TRUE,TRUE,approved_gate1_design; model_choice_pending_gate2
38,2021,North Dakota,321000,321000,FALSE,TRUE,3600,3445,TRUE,FALSE,North Dakota,382065,321732,2021,,TRUE,legacy_parsed_archive; HTML footnotes verified; 2023 original reconciled,2715.3,57351.3,51468.4,SMU38000002023700001,5.133333333333333,12,17.26,21.59,4.33,9.82,1310,nrstatehs1,2308,slstatehs,0,0,0,0,TRUE,TRUE,TRUE,270.97341666666665,12,2.957692307692308,52,4.681242996018686,0.9045942698561144,345.6138097125763,291.0369236293474,1185.0184935115099,2087.803574827912,8.883115729987043,411000,3493,352.82909295621215,2845.2,5.833333333333333,7.253564427292035,0,0,1213.977754019372,1523.6273059416299,2020,TRUE,TRUE,TRUE,approved_gate1_design; model_choice_pending_gate2
38,2022,North Dakota,311000,311000,FALSE,TRUE,3440,3330,TRUE,FALSE,North Dakota,428934,371041,2022,,TRUE,legacy_parsed_archive; HTML footnotes verified; 2023 original reconciled,2466.5,57031.1,55463.3,SMU38000002023700001,5.308333333333334,12,28.23,21.35,6.37,12.87,1682,nrstate,2180,slstate,0,0,0,0,TRUE,TRUE,TRUE,292.62641666666667,12,5.344038461538461,52,7.990820747791694,0.8376584820748412,359.30020335028996,310.80564084753115,1408.9415668498827,1826.0954909231536,10.780664664303206,321000,3600,345.6138097125763,2715.3,5.133333333333333,8.883115729987043,0,0,1185.0184935115099,2087.803574827912,2021,TRUE,TRUE,TRUE,approved_gate1_design; model_choice_pending_gate2
38,2023,North Dakota,410000,410000,FALSE,TRUE,2618,2513,TRUE,TRUE,North Dakota,628016,528629,2023,,TRUE,legacy_parsed_archive; HTML footnotes verified; 2023 original reconciled,2593.9,62114.7,56452.5,SMU38000002023700001,5.725,12,23.25,21.6,3.1,11.88,2851,nrstate,2293,slstate,0,0,0,0,TRUE,TRUE,TRUE,304.70300000000003,12,6.80673076923077,52,4.126962791295052,0.8044587680462614,505.21297767334084,425.2602340935271,2293.511947699891,1844.6239551300773,9.556970164389586,311000,3440,359.30020335028996,2466.5,5.308333333333334,10.780664664303206,0,0,1408.9415668498827,1826.0954909231536,2022,TRUE,TRUE,TRUE,approved_gate1_design; model_choice_pending_gate2
39,2015,Ohio,58400000,58400000,FALSE,TRUE,20047,18598,TRUE,FALSE,Ohio,2732780,2330963,2015,,TRUE,legacy_parsed_archive; HTML footnotes verified; 2023 original reconciled,22497.8,633274.8,511339.8,SMU39000002023700001,27.46666666666667,12,15,20.57,5,10.53,7446,nrstatehs1,8804,slstatehs,101,664,1305005,101,FALSE,TRUE,TRUE,237.00175,12,3.850576923076923,52,0.12113723253701636,1.0342581858572777,2826.4000851470514,2410.8175636804376,7701.086451893289,9105.609068287473,10.890738697077133,,,,,,,,,,,,TRUE,TRUE,FALSE,approved_gate1_design; model_choice_pending_gate2
39,2016,Ohio,61100000,61100000,FALSE,TRUE,22816,21205,TRUE,FALSE,Ohio,2665280,2333164,2016,,TRUE,legacy_parsed_archive; HTML footnotes verified; 2023 original reconciled,23348.7,638157.5,521622.5,SMU39000002023700001,27.216666666666665,12,12.07,20.45,4.48,9.82,8550,nrstatehs1,9430,slstatehs,101,668,1278726,101,FALSE,TRUE,TRUE,240.00541666666663,12,3.6540384615384616,52,1.2673605433996429,1.0213144495002715,2722.088975964084,2382.8941062538515,8732.238543227322,9630.99525878756,10.029307894092666,58400000,20047,2826.4000851470514,22497.8,27.46666666666667,10.890738697077133,101,1305005,7701.086451893289,9105.609068287473,2015,TRUE,TRUE,TRUE,approved_gate1_design; model_choice_pending_gate2
39,2017,Ohio,60700000,60700000,FALSE,TRUE,23917,22590,TRUE,FALSE,Ohio,2406441,2075466,2017,,TRUE,legacy_parsed_archive; HTML footnotes verified; 2023 original reconciled,25111.1,652187.5,541289.4,SMU39000002023700001,33.766666666666666,12,14.59,20.27,6.25,10.87,8698,nrstatehs1,8515,slstatehs,101,714,1296357,101,FALSE,TRUE,TRUE,245.121,12,3.989807692307693,52,2.1314449500271726,1,2406.441,2075.466,8698,8515,10.87,61100000,22816,2722.088975964084,23348.7,27.216666666666665,10.029307894092666,101,1278726,8732.238543227322,9630.99525878756,2016,TRUE,TRUE,TRUE,approved_gate1_design; model_choice_pending_gate2
39,2018,Ohio,66000000,66000000,FALSE,TRUE,24221,22654,TRUE,FALSE,Ohio,2098321,1804035,2018,,TRUE,legacy_parsed_archive; HTML footnotes verified; 2023 original reconciled,25069.9,656212,562523,SMU39000002023700001,31.958333333333332,12,17.71,20.55,6.16,11.17,9686,nrstatehs1,9044,slstatehs,101,737,1380183,101,FALSE,TRUE,TRUE,251.0995,12,4.544615384615384,52,2.438999514525486,0.9761907132431566,2048.3614736030936,1761.0822133656181,9455.383248473216,8828.66881057111,10.90405026692606,60700000,23917,2406.441,25111.1,33.766666666666666,10.87,101,1296357,8698,8515,2017,TRUE,TRUE,TRUE,approved_gate1_design; model_choice_pending_gate2
39,2019,Ohio,67900000,67900000,FALSE,TRUE,23047,21693,TRUE,FALSE,Ohio,1970380,1630763,2019,,TRUE,legacy_parsed_archive; HTML footnotes verified; 2023 original reconciled,25609.4,674063.9,582299.9,SMU39000002023700001,31.266666666666666,12,16.69,19.2,5.82,10.69,10145,nrstatehs1,9926,slstatehs,102,760,1389102,102,FALSE,TRUE,TRUE,255.65258333333333,12,3.935769230769231,52,1.8132586219141489,0.958805097151701,1889.2103873257688,1563.5838766463994,9727.077710604008,9517.099394327784,10.249626488551684,66000000,24221,2048.3614736030936,25069.9,31.958333333333332,10.90405026692606,101,1380183,9455.383248473216,8828.66881057111,2018,TRUE,TRUE,TRUE,approved_gate1_design; model_choice_pending_gate2
39,2020,Ohio,66800000,66800000,FALSE,TRUE,29686,27532,TRUE,FALSE,Ohio,2223112,1806581,2020,,TRUE,legacy_parsed_archive; HTML footnotes verified; 2023 original reconciled,25303.7,655730.1,623575,SMU39000002023700001,29.008333333333333,12,12.3,18.05,5.54,9.93,11647,nrstatehs1,9988,slstatehs,98,720,1330576,98,FALSE,TRUE,TRUE,258.85575,12,3.111698113207547,53,1.2529373358571627,0.9469405257561404,2105.1548460947847,1710.724761961054,11029.016303481767,9458.04197125233,9.403119420758474,67900000,23047,1889.2103873257688,25609.4,31.266666666666666,10.249626488551684,102,1389102,9727.077710604008,9517.099394327784,2019,TRUE,TRUE,TRUE,approved_gate1_design; model_choice_pending_gate2
39,2021,Ohio,72600000,72600000,FALSE,TRUE,30418,28349,TRUE,FALSE,Ohio,2324962,1985421,2021,,TRUE,legacy_parsed_archive; HTML footnotes verified; 2023 original reconciled,25555.1,691630,676718.3,SMU39000002023700001,28.658333333333335,12,17.38,19.21,7.45,11.58,12532,nrstatehs1,10094,slstatehs,96,698,1300744,96,FALSE,TRUE,TRUE,270.97341666666665,12,2.957692307692308,52,4.681242996018686,0.9045942698561144,2103.147302833211,1796.0004598519965,11336.375389836825,9130.974559927618,10.475201644933804,66800000,29686,2105.1548460947847,25303.7,29.008333333333333,9.403119420758474,98,1330576,11029.016303481767,9458.04197125233,2020,TRUE,TRUE,TRUE,approved_gate1_design; model_choice_pending_gate2
39,2022,Ohio,75600000,75600000,FALSE,TRUE,30843,28951,TRUE,FALSE,Ohio,1665471,1435424,2022,,TRUE,legacy_parsed_archive; HTML footnotes verified; 2023 original reconciled,23782.4,694473.4,685892.1,SMU39000002023700001,29.708333333333332,12,28.45,21.83,10.15,15.06,14308,nrstate,9742,slstate,103,778,1360944,103,FALSE,TRUE,TRUE,292.62641666666667,12,5.344038461538461,52,7.990820747791694,0.8376584820748412,1395.0959097996679,1202.3950889737969,11985.217561526828,8160.468932373103,12.615136740047108,72600000,30418,2103.147302833211,25555.1,28.658333333333335,10.475201644933804,96,1300744,11336.375389836825,9130.974559927618,2021,TRUE,TRUE,TRUE,approved_gate1_design; model_choice_pending_gate2
39,2023,Ohio,73900000,73900000,FALSE,TRUE,27318,25168,TRUE,TRUE,Ohio,2090265,399476,2023,,TRUE,legacy_parsed_archive; HTML footnotes verified; 2023 original reconciled,23601.9,707996.2,730013.2,SMU39000002023700001,30.733333333333334,12,23.4,20.61,7.22,12.89,31505,nrstate,13269,slstate,104,742,1391431,104,FALSE,TRUE,TRUE,304.70300000000003,12,6.80673076923077,52,4.126962791295052,0.8044587680462614,1681.5320067902185,321.3619708240483,25344.473487297466,10674.363393205842,10.36947352011631,75600000,30843,1395.0959097996679,23782.4,29.708333333333332,12.615136740047108,103,1360944,11985.217561526828,8160.468932373103,2022,TRUE,TRUE,TRUE,approved_gate1_design; model_choice_pending_gate2
40,2015,Oklahoma,38400000,38400000,FALSE,TRUE,11545,10965,TRUE,FALSE,Oklahoma,1108668,949207,2015,,TRUE,legacy_parsed_archive; HTML footnotes verified; 2023 original reconciled,7787.6,193792.6,172726.3,SMU40000002023700001,15.65,12,14.82,15.68,7.18,10.09,4676,nrstatehs1,5622,slstatehs,142,1277,2628628,142,FALSE,TRUE,TRUE,237.00175,12,3.850576923076923,52,0.12113723253701636,1.0342581858572777,1146.6489543980163,981.725109823029,4836.19127706863,5814.599520889615,10.435665095299932,,,,,,,,,,,,TRUE,TRUE,FALSE,approved_gate1_design; model_choice_pending_gate2
40,2016,Oklahoma,37200000,37200000,FALSE,TRUE,12092,10956,TRUE,FALSE,Oklahoma,1450103,1294357,2016,,TRUE,legacy_parsed_archive; HTML footnotes verified; 2023 original reconciled,7423,190093.5,164709,SMU40000002023700001,15.616666666666667,12,11.93,14.71,2.8,6.79,4035,nrstatehs1,5376,slstatehs,145,1287,2675283,145,FALSE,TRUE,TRUE,240.00541666666663,12,3.6540384615384616,52,1.2673605433996429,1.0213144495002715,1481.0111471636924,1321.9455069118228,4121.003803733595,5490.58648051346,6.934725112106843,38400000,11545,1146.6489543980163,7787.6,15.65,10.435665095299932,142,2628628,4836.19127706863,5814.599520889615,2015,TRUE,TRUE,TRUE,approved_gate1_design; model_choice_pending_gate2
40,2017,Oklahoma,35800000,35800000,FALSE,TRUE,11092,10503,TRUE,FALSE,Oklahoma,1593750,1469594,2017,,TRUE,legacy_parsed_archive; HTML footnotes verified; 2023 original reconciled,7165.7,192538.6,171995.4,SMU40000002023700001,17.908333333333335,12,14.42,15.89,3.16,7.76,3872,nrstatehs1,4226,slstatehs,147,1257,2481407,147,FALSE,TRUE,TRUE,245.121,12,3.989807692307693,52,2.1314449500271726,1,1593.75,1469.594,3872,4226,7.76,37200000,12092,1481.0111471636924,7423,15.616666666666667,6.934725112106843,145,2675283,4121.003803733595,5490.58648051346,2016,TRUE,TRUE,TRUE,approved_gate1_design; model_choice_pending_gate2
40,2018,Oklahoma,36800000,36800000,FALSE,TRUE,10502,9427,TRUE,FALSE,Oklahoma,1334489,1248318,2018,,TRUE,legacy_parsed_archive; HTML footnotes verified; 2023 original reconciled,7218.1,196030.5,180824,SMU40000002023700001,19.25,12,17.5,15.66,2.58,7.79,3848,nrstatehs1,3701,slstatehs,149,1221,2418089,149,FALSE,TRUE,TRUE,251.0995,12,4.544615384615384,52,2.438999514525486,0.9761907132431566,1302.715768725147,1218.5964387742708,3756.3818645596666,3612.881829712923,7.60452565616419,35800000,11092,1593.75,7165.7,17.908333333333335,7.76,147,2481407,3872,4226,2017,TRUE,TRUE,TRUE,approved_gate1_design; model_choice_pending_gate2
40,2019,Oklahoma,38400000,38400000,FALSE,TRUE,12152,11858,TRUE,FALSE,Oklahoma,1360030,1166790,2019,,TRUE,legacy_parsed_archive; HTML footnotes verified; 2023 original reconciled,7348.3,200072.2,189996.8,SMU40000002023700001,19.333333333333332,12,16.49,14.85,2.42,7.4,4297,nrstatehs1,4339,slstatehs,147,1201,2297670,147,FALSE,TRUE,TRUE,255.65258333333333,12,3.935769230769231,52,1.8132586219141489,0.958805097151701,1304.0036962792278,1118.7241993056332,4119.98550246086,4160.255316541231,7.095157718922588,36800000,10502,1302.715768725147,7218.1,19.25,7.60452565616419,149,2418089,3756.3818645596666,3612.881829712923,2018,TRUE,TRUE,TRUE,approved_gate1_design; model_choice_pending_gate2
40,2020,Oklahoma,38300000,38300000,FALSE,TRUE,13733,12964,TRUE,FALSE,Oklahoma,1491475,1327037,2020,,TRUE,legacy_parsed_archive; HTML footnotes verified; 2023 original reconciled,7253.2,191377,198234.3,SMU40000002023700001,16.766666666666666,12,12.16,13.51,2.22,6.03,3308,nrstatehs1,3767,slstatehs,144,1197,2325128,144,FALSE,TRUE,TRUE,258.85575,12,3.111698113207547,53,1.2529373358571627,0.9469405257561404,1412.3381206521394,1256.6251144778514,3132.4792592013123,3567.124960523381,5.710051370309527,38400000,12152,1304.0036962792278,7348.3,19.333333333333332,7.095157718922588,147,2297670,4119.98550246086,4160.255316541231,2019,TRUE,TRUE,TRUE,approved_gate1_design; model_choice_pending_gate2
40,2021,Oklahoma,41500000,41500000,FALSE,TRUE,14733,13825,TRUE,FALSE,Oklahoma,1449120,1287790,2021,,TRUE,legacy_parsed_archive; HTML footnotes verified; 2023 original reconciled,7266,194991.2,217902.1,SMU40000002023700001,16.558333333333334,12,17.17,16.13,4.4,8.91,3879,nrstatehs1,3728,slstatehs,145,1431,2929947,145,FALSE,TRUE,TRUE,270.97341666666665,12,2.957692307692308,52,4.681242996018686,0.9045942698561144,1310.8656483338923,1164.9274547780055,3508.9211727718675,3372.3274380235944,8.059934944417979,38300000,13733,1412.3381206521394,7253.2,16.766666666666666,5.710051370309527,144,2325128,3132.4792592013123,3567.124960523381,2020,TRUE,TRUE,TRUE,approved_gate1_design; model_choice_pending_gate2
40,2022,Oklahoma,39900000,39900000,FALSE,TRUE,13876,13304,TRUE,FALSE,Oklahoma,1550535,1337660,2022,,TRUE,legacy_parsed_archive; HTML footnotes verified; 2023 original reconciled,6585.6,194170.9,233182.3,SMU40000002023700001,15.95,12,28.1,20.4,7.13,12.86,4529,nrstate,4685,slstate,141,1478,3072892,141,FALSE,TRUE,TRUE,292.62641666666667,12,5.344038461538461,52,7.990820747791694,0.8376584820748412,1298.818794503914,1120.502245132232,3793.7552653169555,3924.429988520631,10.772288079482458,41500000,14733,1310.8656483338923,7266,16.558333333333334,8.059934944417979,145,2929947,3508.9211727718675,3372.3274380235944,2021,TRUE,TRUE,TRUE,approved_gate1_design; model_choice_pending_gate2
40,2023,Oklahoma,39500000,39500000,FALSE,TRUE,13405,12513,TRUE,TRUE,Oklahoma,1530893,1313997,2023,,TRUE,legacy_parsed_archive; HTML footnotes verified; 2023 original reconciled,6570.4,207072.7,247300.5,SMU40000002023700001,16.55,12,23.14,18.35,3.29,9.44,4657,nrstate,5460,slstate,140,1457,3068091,140,FALSE,TRUE,TRUE,304.70300000000003,12,6.80673076923077,52,4.126962791295052,0.8044587680462614,1231.5402967906452,1057.0564078364835,3746.364482791439,4392.344873532587,7.594090770356707,39900000,13876,1298.818794503914,6585.6,15.95,10.772288079482458,141,3072892,3793.7552653169555,3924.429988520631,2022,TRUE,TRUE,TRUE,approved_gate1_design; model_choice_pending_gate2
41,2015,Oregon,18300000,18300000,FALSE,TRUE,17510,17079,TRUE,FALSE,Oregon,628405,510737,2015,,TRUE,legacy_parsed_archive; HTML footnotes verified; 2023 original reconciled,8338.2,205581.8,177478.1,SMU41000002023700001,9.158333333333331,12,14.23,17.49,6.74,10.9,3375,nrstatehs1,2429,slstatehs,155,752,1131787,155,FALSE,TRUE,TRUE,237.00175,12,3.850576923076923,52,0.12113723253701636,1.0342581858572777,649.9330152836426,528.2339230701884,3490.6213772683122,2512.2131334473274,11.273414225844327,,,,,,,,,,,,TRUE,TRUE,FALSE,approved_gate1_design; model_choice_pending_gate2
41,2016,Oregon,20300000,20300000,FALSE,TRUE,19586,18750,TRUE,FALSE,Oregon,544865,426281,2016,,TRUE,legacy_parsed_archive; HTML footnotes verified; 2023 original reconciled,9243.2,214769.3,186105,SMU41000002023700001,9.283333333333331,12,12.28,17.74,5.35,10.09,3498,nrstatehs1,2793,slstatehs,166,812,1238037,166,FALSE,TRUE,TRUE,240.00541666666663,12,3.6540384615384616,52,1.2673605433996429,1.0213144495002715,556.4784975269655,435.36694484742526,3572.5579443519496,2852.531257454258,10.30506279545774,18300000,17510,649.9330152836426,8338.2,9.158333333333331,11.273414225844327,155,1131787,3490.6213772683122,2512.2131334473274,2015,TRUE,TRUE,TRUE,approved_gate1_design; model_choice_pending_gate2
41,2017,Oregon,19900000,19900000,FALSE,TRUE,20053,19183,TRUE,FALSE,Oregon,924356,803428,2017,,TRUE,legacy_parsed_archive; HTML footnotes verified; 2023 original reconciled,10077.3,225534.5,197262.3,SMU41000002023700001,9.608333333333333,12,14.63,17.54,4.96,10.17,3858,nrstatehs1,3882,slstatehs,164,780,1252879,164,FALSE,TRUE,TRUE,245.121,12,3.989807692307693,52,2.1314449500271726,1,924.356,803.428,3858,3882,10.17,20300000,19586,556.4784975269655,9243.2,9.283333333333331,10.30506279545774,166,1238037,3572.5579443519496,2852.531257454258,2016,TRUE,TRUE,TRUE,approved_gate1_design; model_choice_pending_gate2
41,2018,Oregon,22200000,22200000,FALSE,TRUE,20132,18875,TRUE,FALSE,Oregon    3/,924356,803428,2017,3,FALSE,legacy_parsed_archive; HTML footnotes verified; 2023 original reconciled,10897.5,234308.3,210044.9,SMU41000002023700001,10.141666666666667,12,17.72,17.17,4.69,10.62,4387,nrstatehs1,4591,slstatehs,164,823,1393518,164,FALSE,TRUE,TRUE,251.0995,12,4.544615384615384,52,2.438999514525486,0.9761907132431566,,,4282.548658997728,4481.691564499332,10.367145374642323,19900000,20053,924.356,10077.3,9.608333333333333,10.17,164,1252879,3858,3882,2017,TRUE,FALSE,TRUE,approved_gate1_design; model_choice_pending_gate2
41,2019,Oregon,20700000,20700000,FALSE,TRUE,22037,21479,TRUE,FALSE,Oregon    (3),924356,803428,2017,3,FALSE,legacy_parsed_archive; HTML footnotes verified; 2023 original reconciled,11230.1,239794.8,220029.4,SMU41000002023700001,10.541666666666666,12,16.63,17.16,4.39,10.53,5244,nrstatehs1,4860,slstatehs,168,840,1293329,168,FALSE,TRUE,TRUE,255.65258333333333,12,3.935769230769231,52,1.8132586219141489,0.958805097151701,,,5027.97392946352,4659.792772157267,10.096217673007411,22200000,20132,,10897.5,10.141666666666667,10.367145374642323,164,1393518,4282.548658997728,4481.691564499332,2018,TRUE,FALSE,FALSE,approved_gate1_design; model_choice_pending_gate2
41,2020,Oregon,20200000,20200000,FALSE,TRUE,18665,17335,TRUE,FALSE,Oregon,1219205,1043418,2020,,TRUE,legacy_parsed_archive; HTML footnotes verified; 2023 original reconciled,11422.5,236651.4,240450.4,SMU41000002023700001,10.233333333333334,12,11.61,16.69,4.48,9.8,6319,nrstatehs1,5260,slstatehs,158,810,1368628,158,FALSE,TRUE,TRUE,258.85575,12,3.111698113207547,53,1.2529373358571627,0.9469405257561404,1154.514623704515,988.0547895034204,5983.717182253051,4980.907165477299,9.280017152410176,20700000,22037,,11230.1,10.541666666666666,10.096217673007411,168,1293329,5027.97392946352,4659.792772157267,2019,TRUE,TRUE,FALSE,approved_gate1_design; model_choice_pending_gate2
41,2021,Oregon,21600000,21600000,FALSE,TRUE,21916,21305,TRUE,FALSE,Oregon,620120,394770,2021,,TRUE,legacy_parsed_archive; HTML footnotes verified; 2023 original reconciled,11668.8,250919.9,266544.6,SMU41000002023700001,10.175,12,17.52,17.51,4.79,11.24,4951,nrstatehs1,5440,slstatehs,165,821,1300118,165,FALSE,TRUE,TRUE,270.97341666666665,12,2.957692307692308,52,4.681242996018686,0.9045942698561144,560.9569986231736,357.10667991109824,4478.646230057622,4920.992828017262,10.167639593182725,20200000,18665,1154.514623704515,11422.5,10.233333333333334,9.280017152410176,158,1368628,5983.717182253051,4980.907165477299,2020,TRUE,TRUE,TRUE,approved_gate1_design; model_choice_pending_gate2
41,2022,Oregon,24900000,24900000,FALSE,TRUE,20321,20085,TRUE,FALSE,Oregon,860112,603733,2022,,TRUE,legacy_parsed_archive; HTML footnotes verified; 2023 original reconciled,11252.5,254237.5,270427.9,SMU41000002023700001,10.55,12,27.28,19.96,5.91,14.25,5133,nrstate,6395,slstate,165,829,1388850,165,FALSE,TRUE,TRUE,292.62641666666667,12,5.344038461538461,52,7.990820747791694,0.8376584820748412,720.4801123343558,505.72206835849005,4299.70098849016,5356.825992868609,11.936633369566486,21600000,21916,560.9569986231736,11668.8,10.175,10.167639593182725,165,1300118,4478.646230057622,4920.992828017262,2021,TRUE,TRUE,TRUE,approved_gate1_design; model_choice_pending_gate2
41,2023,Oregon,23600000,23600000,FALSE,TRUE,17697,17026,TRUE,TRUE,Oregon,1021762,723000,2023,,TRUE,legacy_parsed_archive; HTML footnotes verified; 2023 original reconciled,10977.3,258023.4,286979.9,SMU41000002023700001,11.05,12,23.2,22.04,7.43,14.13,4304,nrstate,7195,slstate,173,825,1370923,173,FALSE,TRUE,TRUE,304.70300000000003,12,6.80673076923077,52,4.126962791295052,0.8044587680462614,821.9653997564841,581.623689297447,3462.390537671109,5788.08083609285,11.367002392493674,24900000,20321,720.4801123343558,11252.5,10.55,11.936633369566486,165,1388850,4299.70098849016,5356.825992868609,2022,TRUE,TRUE,TRUE,approved_gate1_design; model_choice_pending_gate2
42,2015,Pennsylvania,89300000,89300000,FALSE,TRUE,22854,22293,TRUE,FALSE,Pennsylvania,3551258,3074062,2015,,TRUE,legacy_parsed_archive; HTML footnotes verified; 2023 original reconciled,29052.4,734145.1,635818,SMU42000002023700001,34.95,12,14.59,21.09,8.19,11.33,7640,nrstatehs1,9280,slstatehs,373,2249,4071947,373,FALSE,TRUE,TRUE,237.00175,12,3.850576923076923,52,0.12113723253701636,1.0342581858572777,3672.917656591144,3179.3737873327946,7901.732539949601,9597.915964755537,11.718145245762956,,,,,,,,,,,,TRUE,TRUE,FALSE,approved_gate1_design; model_choice_pending_gate2
42,2016,Pennsylvania,86600000,86600000,FALSE,TRUE,23303,21491,TRUE,FALSE,Pennsylvania,4658248,4020083,2016,,TRUE,legacy_parsed_archive; HTML footnotes verified; 2023 original reconciled,29198.3,744847.1,653328.9,SMU42000002023700001,34.2,12,11.62,20.29,7.1,10.56,7138,nrstatehs1,8406,slstatehs,363,2249,4154588,363,FALSE,TRUE,TRUE,240.00541666666663,12,3.6540384615384616,52,1.2673605433996429,1.0213144495002715,4757.535991755741,4105.7688560904,7290.142540532938,8585.169262499283,10.785080586722868,89300000,22854,3672.917656591144,29052.4,34.95,11.718145245762956,373,4071947,7901.732539949601,9597.915964755537,2015,TRUE,TRUE,TRUE,approved_gate1_design; model_choice_pending_gate2
42,2017,Pennsylvania,89500000,89500000,FALSE,TRUE,22584,18631,TRUE,FALSE,Pennsylvania,3356765,2854220,2017,,TRUE,legacy_parsed_archive; HTML footnotes verified; 2023 original reconciled,30059.4,754318,671702.8,SMU42000002023700001,39.733333333333334,12,15.03,19.84,8.03,11.22,8245,nrstatehs1,7470,slstatehs,361,2172,3967459,361,FALSE,TRUE,TRUE,245.121,12,3.989807692307693,52,2.1314449500271726,1,3356.765,2854.22,8245,7470,11.22,86600000,23303,4757.535991755741,29198.3,34.2,10.785080586722868,363,4154588,7290.142540532938,8585.169262499283,2016,TRUE,TRUE,TRUE,approved_gate1_design; model_choice_pending_gate2
42,2018,Pennsylvania,87600000,87600000,FALSE,TRUE,23325,21369,TRUE,FALSE,Pennsylvania,4126697,3531382,2018,,TRUE,legacy_parsed_archive; HTML footnotes verified; 2023 original reconciled,30425.6,763855.4,707043.4,SMU42000002023700001,42.291666666666664,12,16.14,20.04,8.36,11.84,12638,nrstatehs1,8141,slstatehs,363,2204,3942627,363,FALSE,TRUE,TRUE,251.0995,12,4.544615384615384,52,2.438999514525486,0.9761907132431566,4028.443287768395,3447.302313314045,12337.098233967014,7947.168596512538,11.558098044798975,89500000,22584,3356.765,30059.4,39.733333333333334,11.22,361,3967459,8245,7470,2017,TRUE,TRUE,TRUE,approved_gate1_design; model_choice_pending_gate2
42,2019,Pennsylvania,95500000,95500000,FALSE,TRUE,23539,20785,TRUE,FALSE,Pennsylvania,3817048,3239347,2019,,TRUE,legacy_parsed_archive; HTML footnotes verified; 2023 original reconciled,30646.4,771852.5,729329.5,SMU42000002023700001,41.525,12,14.95,18.78,8.2,11.37,13214,nrstatehs1,9698,slstatehs,354,2213,3985624,354,FALSE,TRUE,TRUE,255.65258333333333,12,3.935769230769231,52,1.8132586219141489,0.958805097151701,3659.805078472706,3105.9024150430714,12669.650553762578,9298.491832177197,10.90161395461484,87600000,23325,4028.443287768395,30425.6,42.291666666666664,11.558098044798975,363,3942627,12337.098233967014,7947.168596512538,2018,TRUE,TRUE,TRUE,approved_gate1_design; model_choice_pending_gate2
42,2020,Pennsylvania,88500000,88500000,FALSE,TRUE,25706,19916,TRUE,FALSE,Pennsylvania,3719359,3116874,2020,,TRUE,legacy_parsed_archive; HTML footnotes verified; 2023 original reconciled,28088.1,738176.1,783389.5,SMU42000002023700001,36.88333333333333,12,10.67,18.05,7.68,10.95,11843,nrstatehs1,9268,slstatehs,357,2236,3797931,357,FALSE,TRUE,TRUE,258.85575,12,3.111698113207547,53,1.2529373358571627,0.9469405257561404,3522.0117669358324,2951.494304275644,11214.61664652997,8776.24479270791,10.368998757029736,95500000,23539,3659.805078472706,30646.4,41.525,10.90161395461484,354,3985624,12669.650553762578,9298.491832177197,2019,TRUE,TRUE,TRUE,approved_gate1_design; model_choice_pending_gate2
42,2021,Pennsylvania,93400000,93400000,FALSE,TRUE,47894,43056,TRUE,FALSE,Pennsylvania,3854349,3352825,2021,,TRUE,legacy_parsed_archive; HTML footnotes verified; 2023 original reconciled,29135,766140,833103.4,SMU42000002023700001,37.483333333333334,12,14.67,19.16,8.19,11.91,11875,nrstatehs1,8752,slstatehs,353,2313,3857438,353,FALSE,TRUE,TRUE,270.97341666666665,12,2.957692307692308,52,4.681242996018686,0.9045942698561144,3486.622019425645,3032.9462828303263,10742.056954541358,7917.009049780713,10.773717753986322,88500000,25706,3522.0117669358324,28088.1,36.88333333333333,10.368998757029736,357,3797931,11214.61664652997,8776.24479270791,2020,TRUE,TRUE,TRUE,approved_gate1_design; model_choice_pending_gate2
42,2022,Pennsylvania,91400000,91400000,FALSE,TRUE,28149,27258,TRUE,FALSE,Pennsylvania,3108224,2521212,2022,,TRUE,legacy_parsed_archive; HTML footnotes verified; 2023 original reconciled,26987.4,776824.7,845037.9,SMU42000002023700001,33.525,12,27.92,24.07,10.76,15,11819,nrstate,9860,slstate,357,2367,4016807,357,FALSE,TRUE,TRUE,292.62641666666667,12,5.344038461538461,52,7.990820747791694,0.8376584820748412,2603.6301977885914,2111.9146169088745,9900.285599642548,8259.312633257934,12.564877231122617,93400000,47894,3486.622019425645,29135,37.483333333333334,10.773717753986322,353,3857438,10742.056954541358,7917.009049780713,2021,TRUE,TRUE,TRUE,approved_gate1_design; model_choice_pending_gate2
42,2023,Pennsylvania,88300000,88300000,FALSE,TRUE,25320,24423,TRUE,TRUE,Pennsylvania,4094391,3446674,2023,,TRUE,legacy_parsed_archive; HTML footnotes verified; 2023 original reconciled,26731.9,789918.5,885950,SMU42000002023700001,33.108333333333334,12,23.38,22.71,11.3,13.73,12123,nrstate,12134,slstate,345,2213,4098656,345,FALSE,TRUE,TRUE,304.70300000000003,12,6.80673076923077,52,4.126962791295052,0.8044587680462614,3293.7687397597,2772.70711989708,9752.453645024827,9761.302691473336,11.045218885275169,91400000,28149,2603.6301977885914,26987.4,33.525,12.564877231122617,357,4016807,9900.285599642548,8259.312633257934,2022,TRUE,TRUE,TRUE,approved_gate1_design; model_choice_pending_gate2
44,2015,Rhode Island,2360000,2360000,FALSE,TRUE,998,944,TRUE,FALSE,Rhode Island  4/,246706,194665,2013,4,FALSE,legacy_parsed_archive; HTML footnotes verified; 2023 original reconciled,2077,58387.9,51775.2,,,,15.75,40.32,9.01,16.44,500,nrstatehs1,573,slstatehs,10,67,101868,10,FALSE,TRUE,TRUE,237.00175,12,3.850576923076923,52,0.12113723253701636,1.0342581858572777,,,517.1290929286389,592.6299404962201,17.003204575493648,,,,,,,,,,,,TRUE,FALSE,FALSE,approved_gate1_design; model_choice_pending_gate2
44,2016,Rhode Island,2280000,2280000,FALSE,TRUE,1226,1162,TRUE,FALSE,Rhode Island,270486,199711,2016,,TRUE,legacy_parsed_archive; HTML footnotes verified; 2023 original reconciled,2124.2,58630,52514.5,,,,12.91,39.52,8.44,14.69,530,nrstatehs1,648,slstatehs,10,69,118163,10,FALSE,TRUE,TRUE,240.00541666666663,12,3.6540384615384616,52,1.2673605433996429,1.0213144495002715,276.2512601875304,203.96773002414872,541.2966582351439,661.811763276176,15.003109263158988,2360000,998,,2077,,17.003204575493648,10,101868,517.1290929286389,592.6299404962201,2015,TRUE,TRUE,FALSE,approved_gate1_design; model_choice_pending_gate2
44,2017,Rhode Island,2230000,2230000,FALSE,TRUE,1153,1092,TRUE,FALSE,Rhode Island,187377,124872,2017,,TRUE,legacy_parsed_archive; HTML footnotes verified; 2023 original reconciled,2117.1,58771.6,54704.3,,,,14.05,42.69,8.23,15.38,874,nrstatehs1,553,slstatehs,10,65,125663,10,FALSE,TRUE,TRUE,245.121,12,3.989807692307693,52,2.1314449500271726,1,187.377,124.872,874,553,15.38,2280000,1226,276.2512601875304,2124.2,,15.003109263158988,10,118163,541.2966582351439,661.811763276176,2016,TRUE,TRUE,TRUE,approved_gate1_design; model_choice_pending_gate2
44,2018,Rhode Island,1800000,1800000,FALSE,TRUE,1294,1132,TRUE,FALSE,Rhode Island,258238,169403,2018,,TRUE,legacy_parsed_archive; HTML footnotes verified; 2023 original reconciled,2247.4,58740.1,56918.9,,,,18.35,45.1,10.16,17.65,1187,nrstatehs1,721,slstatehs,10,51,102627,10,FALSE,TRUE,TRUE,251.0995,12,4.544615384615384,52,2.438999514525486,0.9761907132431566,252.08953740648627,165.36963539553045,1158.738376619627,703.833504248316,17.229766088741712,2230000,1153,187.377,2117.1,,15.38,10,125663,874,553,2017,TRUE,TRUE,TRUE,approved_gate1_design; model_choice_pending_gate2
44,2019,Rhode Island,1930000,1930000,FALSE,TRUE,1400,1372,TRUE,FALSE,Rhode Island,356087,304380,2019,,TRUE,legacy_parsed_archive; HTML footnotes verified; 2023 original reconciled,2322.7,60157.6,60337,,,,16.83,45.69,9.42,17.31,1517,nrstatehs1,813,slstatehs,10,57,109174,10,FALSE,TRUE,TRUE,255.65258333333333,12,3.935769230769231,52,1.8132586219141489,0.958805097151701,341.41803062945775,291.84109547103475,1454.5073323791305,779.508543984333,16.596916231695943,1800000,1294,252.08953740648627,2247.4,,17.229766088741712,10,102627,1158.738376619627,703.833504248316,2018,TRUE,TRUE,TRUE,approved_gate1_design; model_choice_pending_gate2
44,2020,Rhode Island,2030000,2030000,FALSE,TRUE,1374,1316,TRUE,FALSE,Rhode Island,402173,344717,2020,,TRUE,legacy_parsed_archive; HTML footnotes verified; 2023 original reconciled,2202.3,58132.3,64996.8,,,,12.06,46.18,8.9,16.22,1202,nrstatehs1,855,slstatehs,13,77,138790,13,FALSE,TRUE,TRUE,258.85575,12,3.111698113207547,53,1.2529373358571627,0.9469405257561404,380.8339120649243,326.42649721707943,1138.2225119588807,809.6341495215,15.359375327764596,1930000,1400,341.41803062945775,2322.7,,16.596916231695943,10,109174,1454.5073323791305,779.508543984333,2019,TRUE,TRUE,TRUE,approved_gate1_design; model_choice_pending_gate2
44,2021,Rhode Island,2150000,2150000,FALSE,TRUE,1392,1195,TRUE,FALSE,Rhode Island,400682,350293,2021,,TRUE,legacy_parsed_archive; HTML footnotes verified; 2023 original reconciled,2233.9,60660,69245.5,,,,16.51,47.06,9.53,17.64,637,nrstatehs1,807,slstatehs,14,73,144832,14,FALSE,TRUE,TRUE,270.97341666666665,12,2.957692307692308,52,4.681242996018686,0.9045942698561144,362.4546412344876,316.8730405707079,576.2265498983448,730.0075757738842,15.957042920261857,2030000,1374,380.8339120649243,2202.3,,15.359375327764596,13,138790,1138.2225119588807,809.6341495215,2020,TRUE,TRUE,TRUE,approved_gate1_design; model_choice_pending_gate2
44,2022,Rhode Island,2490000,2490000,FALSE,TRUE,1372,1196,TRUE,FALSE,Rhode Island,365183,312313,2022,,TRUE,legacy_parsed_archive; HTML footnotes verified; 2023 original reconciled,2057,61517.3,70880.1,,,,28.5,52.64,10.65,21.29,707,nrstate,898,slstate,14,82,178663,14,FALSE,TRUE,TRUE,292.62641666666667,12,5.344038461538461,52,7.990820747791694,0.8376584820748412,305.8986374595367,261.61163351223985,592.2245468269127,752.2173169032073,17.833749083373366,2150000,1392,362.4546412344876,2233.9,,15.957042920261857,14,144832,576.2265498983448,730.0075757738842,2021,TRUE,TRUE,TRUE,approved_gate1_design; model_choice_pending_gate2
44,2023,Rhode Island,2400000,2400000,FALSE,TRUE,1169,909,TRUE,TRUE,Rhode Island,459574,403096,2023,,TRUE,legacy_parsed_archive; HTML footnotes verified; 2023 original reconciled,2073.4,62119.3,74777.8,,,,24.13,55.64,12.42,21.47,963,nrstate,974,slstate,14,87,162585,14,FALSE,TRUE,TRUE,304.70300000000003,12,6.80673076923077,52,4.126962791295052,0.8044587680462614,369.7083338660925,324.2741115643758,774.6937936285497,783.5428400770586,17.27172974995323,2490000,1372,305.8986374595367,2057,,17.833749083373366,14,178663,592.2245468269127,752.2173169032073,2022,TRUE,TRUE,TRUE,approved_gate1_design; model_choice_pending_gate2
45,2015,South Carolina,23900000,23900000,FALSE,TRUE,31030,25313,TRUE,FALSE,South Carolina,651335,537199,2015,,TRUE,legacy_parsed_archive; HTML footnotes verified; 2023 original reconciled,9807.6,213212.4,192054.7,SMU45000002023700001,15.625,12,15.41,17.72,4.5,9.92,3420,nrstatehs1,2853,slstatehs,36,266,561828,36,FALSE,TRUE,TRUE,237.00175,12,3.850576923076923,52,0.12113723253701636,1.0342581858572777,673.64855548535,555.6024631843437,3537.1629956318898,2950.7386042508133,10.259841203704195,,,,,,,,,,,,TRUE,TRUE,FALSE,approved_gate1_design; model_choice_pending_gate2
45,2016,South Carolina,28300000,28300000,FALSE,TRUE,32165,25692,TRUE,FALSE,South Carolina,741114,442701,2016,,TRUE,legacy_parsed_archive; HTML footnotes verified; 2023 original reconciled,10750.7,220559.3,200027.4,SMU45000002023700001,18.358333333333334,12,12.91,17.85,4.07,9.27,5141,nrstatehs1,4559,slstatehs,38,322,716059,38,FALSE,TRUE,TRUE,240.00541666666663,12,3.6540384615384616,52,1.2673605433996429,1.0213144495002715,756.9104369269443,452.1369281082197,5250.577584880896,4656.1725752717375,9.467584946867516,23900000,31030,673.64855548535,9807.6,15.625,10.259841203704195,36,561828,3537.1629956318898,2950.7386042508133,2015,TRUE,TRUE,TRUE,approved_gate1_design; model_choice_pending_gate2
45,2017,South Carolina,28700000,28700000,FALSE,TRUE,35521,28732,TRUE,FALSE,South Carolina,1071722,865537,2017,,TRUE,legacy_parsed_archive; HTML footnotes verified; 2023 original reconciled,11813.2,224937.6,210387.6,SMU45000002023700001,18.083333333333332,12,14.66,18.13,4.71,9.67,5639,nrstatehs1,4989,slstatehs,37,327,752285,37,FALSE,TRUE,TRUE,245.121,12,3.989807692307693,52,2.1314449500271726,1,1071.722,865.537,5639,4989,9.67,28300000,32165,756.9104369269443,10750.7,18.358333333333334,9.467584946867516,38,716059,5250.577584880896,4656.1725752717375,2016,TRUE,TRUE,TRUE,approved_gate1_design; model_choice_pending_gate2
45,2018,South Carolina,27500000,27500000,FALSE,TRUE,35487,27039,TRUE,FALSE,South Carolina,1217025,982493,2018,,TRUE,legacy_parsed_archive; HTML footnotes verified; 2023 original reconciled,11917.2,231663.3,219942.1,SMU45000002023700001,16.541666666666668,12,17.71,17.88,4.8,9.94,6464,nrstatehs1,5231,slstatehs,39,354,756333,39,FALSE,TRUE,TRUE,251.0995,12,4.544615384615384,52,2.438999514525486,0.9761907132431566,1188.0485027847528,959.1005424264088,6310.096770403765,5106.453620974952,9.703335689636976,28700000,35521,1071.722,11813.2,18.083333333333332,9.67,37,752285,5639,4989,2017,TRUE,TRUE,TRUE,approved_gate1_design; model_choice_pending_gate2
45,2019,South Carolina,29200000,29200000,FALSE,TRUE,36034,31641,TRUE,FALSE,South Carolina,1903048,1652730,2019,,TRUE,legacy_parsed_archive; HTML footnotes verified; 2023 original reconciled,12272.2,239021.3,234295.4,SMU45000002023700001,17.066666666666666,12,16.38,17.92,4.53,9.74,5765,nrstatehs1,4788,slstatehs,40,345,755798,40,FALSE,TRUE,TRUE,255.65258333333333,12,3.935769230769231,52,1.8132586219141489,0.958805097151701,1824.6521225243503,1584.6459482155308,5527.511385079556,4590.758805162344,9.338761646257568,27500000,35487,1188.0485027847528,11917.2,16.541666666666668,9.703335689636976,39,756333,6310.096770403765,5106.453620974952,2018,TRUE,TRUE,TRUE,approved_gate1_design; model_choice_pending_gate2
45,2020,South Carolina,27900000,27900000,FALSE,TRUE,42340,32247,TRUE,FALSE,South Carolina,2109007,1907712,2020,,TRUE,legacy_parsed_archive; HTML footnotes verified; 2023 original reconciled,12047.3,233294.4,250250.5,SMU45000002023700001,16.35,12,11.64,17.52,3.8,8.86,3780,nrstatehs1,4636,slstatehs,39,344,719241,39,FALSE,TRUE,TRUE,258.85575,12,3.111698113207547,53,1.2529373358571627,0.9469405257561404,1997.1041974033806,1806.4898042712982,3579.435187358211,4390.016277405467,8.389893058199403,29200000,36034,1824.6521225243503,12272.2,17.066666666666666,9.338761646257568,40,755798,5527.511385079556,4590.758805162344,2019,TRUE,TRUE,TRUE,approved_gate1_design; model_choice_pending_gate2
45,2021,South Carolina,31000000,31000000,FALSE,TRUE,50680,42640,TRUE,FALSE,South Carolina,1478612,1206979,2021,,TRUE,legacy_parsed_archive; HTML footnotes verified; 2023 original reconciled,12303.3,245812,277322.6,SMU45000002023700001,16.008333333333333,12,16.06,17.79,5.43,10.15,4300,nrstatehs1,3834,slstatehs,40,346,737977,40,FALSE,TRUE,TRUE,270.97341666666665,12,2.957692307692308,52,4.681242996018686,0.9045942698561144,1337.543942540489,1091.8262872366631,3889.7553603812917,3468.2144306283426,9.18163183903956,27900000,42340,1997.1041974033806,12047.3,16.35,8.389893058199403,39,719241,3579.435187358211,4390.016277405467,2020,TRUE,TRUE,TRUE,approved_gate1_design; model_choice_pending_gate2
45,2022,South Carolina,33800000,33800000,FALSE,TRUE,46038,39512,TRUE,FALSE,South Carolina,1602861,942929,2022,,TRUE,legacy_parsed_archive; HTML footnotes verified; 2023 original reconciled,11822.1,256608.5,288512.6,SMU45000002023700001,16.708333333333332,12,27.61,20.9,8.66,13.3,3693,nrstate,4291,slstate,40,362,820945,40,FALSE,TRUE,TRUE,292.62641666666667,12,5.344038461538461,52,7.990820747791694,0.8376584820748412,1342.650112236962,789.8524748443479,3093.4727743023886,3594.3925465831435,11.140857811595389,31000000,50680,1337.543942540489,12303.3,16.008333333333333,9.18163183903956,40,737977,3889.7553603812917,3468.2144306283426,2021,TRUE,TRUE,TRUE,approved_gate1_design; model_choice_pending_gate2
45,2023,South Carolina,34700000,34700000,FALSE,TRUE,42474,33254,TRUE,TRUE,South Carolina,1742815,1424656,2023,,TRUE,legacy_parsed_archive; HTML footnotes verified; 2023 original reconciled,11997.9,266037.8,311235.5,SMU45000002023700001,17.408333333333335,12,23.96,19.57,5.01,11.12,5327,nrstate,5213,slstate,42,391,860725,42,FALSE,TRUE,TRUE,304.70300000000003,12,6.80673076923077,52,4.126962791295052,0.8044587680462614,1402.0228078325451,1146.0770106497146,4285.351857382434,4193.64355782516,8.945581500674425,33800000,46038,1342.650112236962,11822.1,16.708333333333332,11.140857811595389,40,820945,3093.4727743023886,3594.3925465831435,2022,TRUE,TRUE,TRUE,approved_gate1_design; model_choice_pending_gate2
46,2015,South Dakota,6580000,6580000,FALSE,TRUE,4482,4166,TRUE,FALSE,South Dakota,314200,284809,2015,,TRUE,legacy_parsed_archive; HTML footnotes verified; 2023 original reconciled,1940.4,50860.8,41160.1,SMU46000002023700001,3.4416666666666664,12,14.75,21.59,5.07,9.76,646,nrstatehs1,1259,slstatehs,18,228,437631,18,FALSE,TRUE,TRUE,237.00175,12,3.850576923076923,52,0.12113723253701636,1.0342581858572777,324.96392199635665,294.5660396558254,668.1307880638013,1302.1310559943126,10.09435989396703,,,,,,,,,,,,TRUE,TRUE,FALSE,approved_gate1_design; model_choice_pending_gate2
46,2016,South Dakota,6850000,6850000,FALSE,TRUE,5686,5344,TRUE,FALSE,South Dakota,326422,299033,2016,,TRUE,legacy_parsed_archive; HTML footnotes verified; 2023 original reconciled,2008.4,51264.3,41551.5,SMU46000002023700001,3.941666666666667,12,11.91,22.19,4.53,8.69,959,nrstatehs1,1495,slstatehs,16,214,436581,16,FALSE,TRUE,TRUE,240.00541666666663,12,3.6540384615384616,52,1.2673605433996429,1.0213144495002715,333.37950523477764,305.4067237774147,979.4405570707604,1526.8651020029058,8.875222566157358,6580000,4482,324.96392199635665,1940.4,3.4416666666666664,10.09435989396703,18,437631,668.1307880638013,1302.1310559943126,2015,TRUE,TRUE,TRUE,approved_gate1_design; model_choice_pending_gate2
46,2017,South Dakota,6440000,6440000,FALSE,TRUE,5407,5059,TRUE,FALSE,South Dakota,263593,235840,2017,,TRUE,legacy_parsed_archive; HTML footnotes verified; 2023 original reconciled,1943.2,51615.1,42989.3,SMU46000002023700001,3.5416666666666665,12,14.42,22.97,4.85,9.41,1602,nrstatehs1,1223,slstatehs,18,229,434144,18,FALSE,TRUE,TRUE,245.121,12,3.989807692307693,52,2.1314449500271726,1,263.593,235.84,1602,1223,9.41,6850000,5686,333.37950523477764,2008.4,3.941666666666667,8.875222566157358,16,436581,979.4405570707604,1526.8651020029058,2016,TRUE,TRUE,TRUE,approved_gate1_design; model_choice_pending_gate2
46,2018,South Dakota,6520000,6520000,FALSE,TRUE,4963,4537,TRUE,FALSE,South Dakota,217789,190411,2018,,TRUE,legacy_parsed_archive; HTML footnotes verified; 2023 original reconciled,2007.9,51937.8,45144,SMU46000002023700001,3.533333333333333,12,17.5,22.77,4.71,10.03,2304,nrstatehs1,920,slstatehs,17,217,420090,17,FALSE,TRUE,TRUE,251.0995,12,4.544615384615384,52,2.438999514525486,0.9761907132431566,212.60359924651382,185.8774498993427,2249.1434033122327,898.0954561837041,9.79119285382886,6440000,5407,263.593,1943.2,3.5416666666666665,9.41,18,434144,1602,1223,2017,TRUE,TRUE,TRUE,approved_gate1_design; model_choice_pending_gate2
46,2019,South Dakota,6940000,6940000,FALSE,TRUE,4415,4090,TRUE,FALSE,South Dakota,245906,219631,2019,,TRUE,legacy_parsed_archive; HTML footnotes verified; 2023 original reconciled,2101.3,52510.2,48013.9,SMU46000002023700001,3.9916666666666663,12,16.49,22.88,4.41,9.6,1441,nrstatehs1,1525,slstatehs,15,194,395462,15,FALSE,TRUE,TRUE,255.65258333333333,12,3.935769230769231,52,1.8132586219141489,0.958805097151701,235.7759262201862,210.58332229252525,1381.6381449956011,1462.177773156344,9.204528932656329,6520000,4963,212.60359924651382,2007.9,3.533333333333333,9.79119285382886,17,420090,2249.1434033122327,898.0954561837041,2018,TRUE,TRUE,TRUE,approved_gate1_design; model_choice_pending_gate2
46,2020,South Dakota,8000000,8000000,FALSE,TRUE,6660,6327,TRUE,FALSE,South Dakota,445520,397765,2020,,TRUE,legacy_parsed_archive; HTML footnotes verified; 2023 original reconciled,2184.4,53349.2,52908.8,SMU46000002023700001,4.525,12,12.16,22.83,4.09,8.98,887,nrstatehs1,1950,slstatehs,17,199,429219,17,FALSE,TRUE,TRUE,258.85575,12,3.111698113207547,53,1.2529373358571627,0.9469405257561404,421.88094303487566,376.65979822739115,839.9362463456965,1846.5340252244737,8.50352592129014,6940000,4415,235.7759262201862,2101.3,3.9916666666666663,9.204528932656329,15,395462,1381.6381449956011,1462.177773156344,2019,TRUE,TRUE,TRUE,approved_gate1_design; model_choice_pending_gate2
46,2021,South Dakota,8300000,8300000,FALSE,TRUE,7917,7539,TRUE,FALSE,South Dakota,515216,459609,2021,,TRUE,legacy_parsed_archive; HTML footnotes verified; 2023 original reconciled,2252,56015.4,60221,SMU46000002023700001,4.291666666666667,12,17.17,23.51,5.61,10.94,1076,nrstatehs1,2463,slstatehs,15,197,404555,15,FALSE,TRUE,TRUE,270.97341666666665,12,2.957692307692308,52,4.681242996018686,0.9045942698561144,466.0614413381878,415.75966777429886,973.3434343651791,2228.0156866556094,9.89626131222589,8000000,6660,421.88094303487566,2184.4,4.525,8.50352592129014,17,429219,839.9362463456965,1846.5340252244737,2020,TRUE,TRUE,TRUE,approved_gate1_design; model_choice_pending_gate2
46,2022,South Dakota,7790000,7790000,FALSE,TRUE,9421,9046,TRUE,FALSE,South Dakota,490124,444035,2022,,TRUE,legacy_parsed_archive; HTML footnotes verified; 2023 original reconciled,2147.9,55257.2,63454.7,SMU46000002023700001,4.225,12,28.1,23.56,6.96,13.89,1929,nrstate,1745,slstate,17,206,399087,17,FALSE,TRUE,TRUE,292.62641666666667,12,5.344038461538461,52,7.990820747791694,0.8376584820748412,410.55652586844946,371.9496840881021,1615.8432119223687,1461.7140512205979,11.635076316019545,8300000,7917,466.0614413381878,2252,4.291666666666667,9.89626131222589,15,404555,973.3434343651791,2228.0156866556094,2021,TRUE,TRUE,TRUE,approved_gate1_design; model_choice_pending_gate2
46,2023,South Dakota,8150000,8150000,FALSE,TRUE,7072,6377,TRUE,TRUE,South Dakota,607119,548856,2023,,TRUE,legacy_parsed_archive; HTML footnotes verified; 2023 original reconciled,2212.4,57253,68097,SMU46000002023700001,4.525,12,23.11,23.48,5.67,11.95,1857,nrstate,3004,slstate,17,223,424948,17,FALSE,TRUE,TRUE,304.70300000000003,12,6.80673076923077,52,4.126962791295052,0.8044587680462614,488.4022027974782,441.53202159479883,1493.8799322619075,2416.5941392109694,9.613282278152823,7790000,9421,410.55652586844946,2147.9,4.225,11.635076316019545,17,399087,1615.8432119223687,1461.7140512205979,2022,TRUE,TRUE,TRUE,approved_gate1_design; model_choice_pending_gate2
47,2015,Tennessee,40200000,40200000,FALSE,TRUE,32219,30359,TRUE,FALSE,Tennessee,1033817,761910,2015,,TRUE,legacy_parsed_archive; HTML footnotes verified; 2023 original reconciled,11200.2,335461.1,277356.1,SMU47000002023700001,14.583333333333334,12,15.18,18.09,4.89,9.66,5271,nrstatehs1,3326,slstatehs,161,805,1260729,161,FALSE,TRUE,TRUE,237.00175,12,3.850576923076923,52,0.12113723253701636,1.0342581858572777,1069.2336949284133,788.0116543865184,5451.574897653711,3439.9427261613055,9.990934075381302,,,,,,,,,,,,TRUE,TRUE,FALSE,approved_gate1_design; model_choice_pending_gate2
47,2016,Tennessee,43700000,43700000,FALSE,TRUE,36157,33937,TRUE,FALSE,Tennessee,1016158,750517,2016,,TRUE,legacy_parsed_archive; HTML footnotes verified; 2023 original reconciled,11542.8,343544.9,286532.3,SMU47000002023700001,15.108333333333334,12,12.22,16.65,4.27,8.65,5037,nrstatehs1,3367,slstatehs,166,850,1385302,166,FALSE,TRUE,TRUE,240.00541666666663,12,3.6540384615384616,52,1.2673605433996429,1.0213144495002715,1037.816848375297,766.5138566955953,5144.360882132867,3438.7657514674142,8.834369988177349,40200000,32219,1069.2336949284133,11200.2,14.583333333333334,9.990934075381302,161,1260729,5451.574897653711,3439.9427261613055,2015,TRUE,TRUE,TRUE,approved_gate1_design; model_choice_pending_gate2
47,2017,Tennessee,46000000,46000000,FALSE,TRUE,37912,35587,TRUE,FALSE,Tennessee,989681,719640,2017,,TRUE,legacy_parsed_archive; HTML footnotes verified; 2023 original reconciled,12016.2,355417.5,299307.7,SMU47000002023700001,15.941666666666666,12,14.76,17.1,4.85,9.04,6090,nrstatehs1,3565,slstatehs,172,828,1420207,172,FALSE,TRUE,TRUE,245.121,12,3.989807692307693,52,2.1314449500271726,1,989.681,719.64,6090,3565,9.04,43700000,36157,1037.816848375297,11542.8,15.108333333333334,8.834369988177349,166,1385302,5144.360882132867,3438.7657514674142,2016,TRUE,TRUE,TRUE,approved_gate1_design; model_choice_pending_gate2
47,2018,Tennessee,45100000,45100000,FALSE,TRUE,37169,33471,TRUE,FALSE,Tennessee,1124711,828078,2018,,TRUE,legacy_parsed_archive; HTML footnotes verified; 2023 original reconciled,12496.2,362363.7,316176.5,SMU47000002023700001,16.233333333333334,12,17.92,16.66,4.75,8.94,6912,nrstatehs1,3673,slstatehs,182,860,1466907,182,FALSE,TRUE,TRUE,251.0995,12,4.544615384615384,52,2.438999514525486,0.9761907132431566,1097.932433282424,808.3620534409666,6747.430209936699,3585.5484897421143,8.72714497639382,46000000,37912,989.681,12016.2,15.941666666666666,9.04,172,1420207,6090,3565,2017,TRUE,TRUE,TRUE,approved_gate1_design; model_choice_pending_gate2
47,2019,Tennessee,50400000,50400000,FALSE,TRUE,41361,38360,TRUE,FALSE,Tennessee,1172329,825179,2019,,TRUE,legacy_parsed_archive; HTML footnotes verified; 2023 original reconciled,13204.5,370197.4,335601.7,SMU47000002023700001,16.666666666666668,12,16.89,16.64,4.49,8.89,7837,nrstatehs1,5453,slstatehs,189,944,1613546,189,FALSE,TRUE,TRUE,255.65258333333333,12,3.935769230769231,52,1.8132586219141489,0.958805097151701,1124.0350207387564,791.1858312625435,7514.155546377881,5228.364194768225,8.523777313678623,45100000,37169,1097.932433282424,12496.2,16.233333333333334,8.72714497639382,182,1466907,6747.430209936699,3585.5484897421143,2018,TRUE,TRUE,TRUE,approved_gate1_design; model_choice_pending_gate2
47,2020,Tennessee,52300000,52300000,FALSE,TRUE,49719,44986,TRUE,FALSE,Tennessee,1369145,1002154,2020,,TRUE,legacy_parsed_archive; HTML footnotes verified; 2023 original reconciled,13262.2,368057,360094.7,SMU47000002023700001,16.758333333333333,12,12.45,15.63,3.99,8,8814,nrstatehs1,5504,slstatehs,193,942,1629656,193,FALSE,TRUE,TRUE,258.85575,12,3.111698113207547,53,1.2529373358571627,0.9469405257561404,1296.4988861363909,948.9802356486191,8346.333794014621,5211.9606537617965,7.575524206049123,50400000,41361,1124.0350207387564,13204.5,16.666666666666668,8.523777313678623,189,1613546,7514.155546377881,5228.364194768225,2019,TRUE,TRUE,TRUE,approved_gate1_design; model_choice_pending_gate2
47,2021,Tennessee,56900000,56900000,FALSE,TRUE,57484,52771,TRUE,FALSE,Tennessee,1275147,920647,2021,,TRUE,legacy_parsed_archive; HTML footnotes verified; 2023 original reconciled,14268.6,401673.7,402024.7,SMU47000002023700001,17.4,12,17.58,16.14,5.31,9.25,9497,nrstatehs1,4349,slstatehs,188,995,1774595,188,FALSE,TRUE,TRUE,270.97341666666665,12,2.957692307692308,52,4.681242996018686,0.9045942698561144,1153.4906694242145,832.8120007602222,8590.931780823517,3934.080479604241,8.367496996169058,52300000,49719,1296.4988861363909,13262.2,16.758333333333333,7.575524206049123,193,1629656,8346.333794014621,5211.9606537617965,2020,TRUE,TRUE,TRUE,approved_gate1_design; model_choice_pending_gate2
47,2022,Tennessee,60500000,60500000,FALSE,TRUE,52637,48375,TRUE,FALSE,Tennessee,1370242,979627,2022,,TRUE,legacy_parsed_archive; HTML footnotes verified; 2023 original reconciled,14432.6,415451.6,417424.4,SMU47000002023700001,19.216666666666665,12,28.77,19.18,7.69,12.82,13728,nrstate,4589,slstate,196,1152,2046419,196,FALSE,TRUE,TRUE,292.62641666666667,12,5.344038461538461,52,7.990820747791694,0.8376584820748412,1147.7948337951946,820.5928658195304,11499.37564192342,3844.014774241446,10.738781740199464,56900000,57484,1153.4906694242145,14268.6,17.4,8.367496996169058,188,1774595,8590.931780823517,3934.080479604241,2021,TRUE,TRUE,TRUE,approved_gate1_design; model_choice_pending_gate2
47,2023,Tennessee,58900000,58900000,FALSE,TRUE,47463,43165,TRUE,TRUE,Tennessee,1648160,1200013,2023,,TRUE,legacy_parsed_archive; HTML footnotes verified; 2023 original reconciled,15189.2,428276.1,453765.7,SMU47000002023700001,20.525,12,23.69,18.25,5.36,11.1,14940,nrstate,6383,slstate,210,1245,2158520,210,FALSE,TRUE,TRUE,304.70300000000003,12,6.80673076923077,52,4.126962791295052,0.8044587680462614,1325.8767631431263,965.3609796194982,12018.613994611145,5134.860316439286,8.9294923253135,60500000,52637,1147.7948337951946,14432.6,19.216666666666665,10.738781740199464,196,2046419,11499.37564192342,3844.014774241446,2022,TRUE,TRUE,TRUE,approved_gate1_design; model_choice_pending_gate2
48,2015,Texas,155000000,155000000,FALSE,TRUE,175443,161987,TRUE,FALSE,Texas,11847072,10212266,2015,,TRUE,legacy_parsed_archive; HTML footnotes verified; 2023 original reconciled,86858.7,1634127.1,1281170.1,SMU48000002023700001,141.175,12,13.93,16.39,2.79,8.07,46334,nrstatehs1,26951,slstatehs,363,3676,8177636,363,FALSE,TRUE,TRUE,237.00175,12,3.850576923076923,52,0.12113723253701636,1.0342581858572777,12252.93119444055,10562.119706651958,47921.3187835111,27874.292367039492,8.346463559868232,,,,,,,,,,,,TRUE,TRUE,FALSE,approved_gate1_design; model_choice_pending_gate2
48,2016,Texas,159000000,159000000,FALSE,TRUE,165853,151858,TRUE,FALSE,Texas,7175281,5631975,2016,,TRUE,legacy_parsed_archive; HTML footnotes verified; 2023 original reconciled,88504.9,1633863.3,1276330.6,SMU48000002023700001,145.80833333333334,12,12.28,15.61,2.57,7.46,52075,nrstatehs1,28084,slstatehs,369,3764,8348596,369,FALSE,TRUE,TRUE,240.00541666666663,12,3.6540384615384616,52,1.2673605433996429,1.0213144495002715,7328.218164524757,5752.017446724292,53184.94995772664,28682.594999765624,7.619005793272025,155000000,175443,12252.93119444055,86858.7,141.175,8.346463559868232,363,8177636,47921.3187835111,27874.292367039492,2015,TRUE,TRUE,TRUE,approved_gate1_design; model_choice_pending_gate2
48,2017,Texas,162000000,162000000,FALSE,TRUE,175112,168341,TRUE,FALSE,Texas,8716364,6913916,2017,,TRUE,legacy_parsed_archive; HTML footnotes verified; 2023 original reconciled,88478.1,1667313,1367826,SMU48000002023700001,148.65,12,14.94,15.69,3.19,9.06,45980,nrstatehs1,31623,slstatehs,399,4007,8754823,399,FALSE,TRUE,TRUE,245.121,12,3.989807692307693,52,2.1314449500271726,1,8716.364,6913.916,45980,31623,9.06,159000000,165853,7328.218164524757,88504.9,145.80833333333334,7.619005793272025,369,8348596,53184.94995772664,28682.594999765624,2016,TRUE,TRUE,TRUE,approved_gate1_design; model_choice_pending_gate2
48,2018,Texas,178000000,178000000,FALSE,TRUE,192878,178098,TRUE,FALSE,Texas,8207169,6601029,2018,,TRUE,legacy_parsed_archive; HTML footnotes verified; 2023 original reconciled,87963,1746543.3,1463789.8,SMU48000002023700001,161.1,12,18.37,15.8,3.33,10.22,41387,nrstatehs1,33705,slstatehs,411,3886,8587642,411,FALSE,TRUE,TRUE,251.0995,12,4.544615384615384,52,2.438999514525486,0.9761907132431566,8011.7621598171245,6443.863207648761,40401.60504899453,32902.5079898606,9.976669089345062,162000000,175112,8716.364,88478.1,148.65,9.06,399,8754823,45980,31623,2017,TRUE,TRUE,TRUE,approved_gate1_design; model_choice_pending_gate2
48,2019,Texas,191000000,191000000,FALSE,TRUE,209895,205664,TRUE,FALSE,Texas,9622499,7749851,2019,,TRUE,legacy_parsed_archive; HTML footnotes verified; 2023 original reconciled,90412.5,1806736.1,1537205.7,SMU48000002023700001,178.19166666666666,12,16.94,15.96,2.81,8.53,48643,nrstatehs1,36518,slstatehs,415,4058,9229569,415,FALSE,TRUE,TRUE,255.65258333333333,12,3.935769230769231,52,1.8132586219141489,0.958805097151701,9226.101088537145,7430.596640966207,46639.156340750196,35013.64453778582,8.17860747870401,178000000,192878,8011.7621598171245,87963,161.1,9.976669089345062,411,8587642,40401.60504899453,32902.5079898606,2018,TRUE,TRUE,TRUE,approved_gate1_design; model_choice_pending_gate2
48,2020,Texas,189000000,189000000,FALSE,TRUE,230503,218532,TRUE,FALSE,Texas,11374193,9336557,2020,,TRUE,legacy_parsed_archive; HTML footnotes verified; 2023 original reconciled,88221,1782738.2,1602962.6,SMU48000002023700001,166.64166666666668,12,11.77,14.86,2.26,6.82,52773,nrstatehs1,41049,slstatehs,412,4027,8893512,412,FALSE,TRUE,TRUE,258.85575,12,3.111698113207547,53,1.2529373358571627,0.9469405257561404,10770.684299471812,8841.164194332174,49972.892365728796,38870.96164176381,6.458134385656878,191000000,209895,9226.101088537145,90412.5,178.19166666666666,8.17860747870401,415,9229569,46639.156340750196,35013.64453778582,2019,TRUE,TRUE,TRUE,approved_gate1_design; model_choice_pending_gate2
48,2021,Texas,190000000,190000000,FALSE,TRUE,265955,251415,TRUE,FALSE,Texas,11276573,9464358,2021,,TRUE,legacy_parsed_archive; HTML footnotes verified; 2023 original reconciled,88534.6,1905512.4,1786060.9,SMU48000002023700001,158.74166666666667,12,18.13,17.95,4.75,11.52,52561,nrstatehs1,40341,slstatehs,390,3952,8876772,390,FALSE,TRUE,TRUE,270.97341666666665,12,2.957692307692308,52,4.681242996018686,0.9045942698561144,10200.723319414174,8561.404014666874,47546.37941790723,36492.23744026551,10.420925988742438,189000000,230503,10770.684299471812,88221,166.64166666666668,6.458134385656878,412,8893512,49972.892365728796,38870.96164176381,2020,TRUE,TRUE,TRUE,approved_gate1_design; model_choice_pending_gate2
48,2022,Texas,202000000,202000000,FALSE,TRUE,263007,255038,TRUE,FALSE,Texas,9857146,8277977,2022,,TRUE,legacy_parsed_archive; HTML footnotes verified; 2023 original reconciled,84946.7,1975164,1920254.6,SMU48000002023700001,167.375,12,28.4,20.89,6.49,13.19,65142,nrstate,44295,slstate,382,4097,9395141,382,FALSE,TRUE,TRUE,292.62641666666667,12,5.344038461538461,52,7.990820747791694,0.8376584820748412,8256.921955950093,6934.117648470448,54566.748839319305,37104.08246350509,11.048715378567154,190000000,265955,10200.723319414174,88534.6,158.74166666666667,10.420925988742438,390,8876772,47546.37941790723,36492.23744026551,2021,TRUE,TRUE,TRUE,approved_gate1_design; model_choice_pending_gate2
48,2023,Texas,203000000,203000000,FALSE,TRUE,232373,216220,TRUE,TRUE,Texas,11217009,9716446,2023,,TRUE,legacy_parsed_archive; HTML footnotes verified; 2023 original reconciled,85807.6,2137536.7,2074225.2,SMU48000002023700001,175.725,12,22.91,19.34,2.42,9.41,91296,nrstate,51079,slstate,373,4187,9542215,373,FALSE,TRUE,TRUE,304.70300000000003,12,6.80673076923077,52,4.126962791295052,0.8044587680462614,9023.621241303827,7816.480178948024,73443.86768755148,41090.949413034985,7.5699570073153195,202000000,263007,8256.921955950093,84946.7,167.375,11.048715378567154,382,9395141,54566.748839319305,37104.08246350509,2022,TRUE,TRUE,TRUE,approved_gate1_design; model_choice_pending_gate2
49,2015,Utah,8130000,8130000,FALSE,TRUE,18297,16896,TRUE,FALSE,Utah,459847,378573,2015,,TRUE,legacy_parsed_archive; HTML footnotes verified; 2023 original reconciled,9654.3,155431.5,119661.5,SMU49000002023700001,9.35,12,14.89,18.08,5.67,12.1,1847,nrstatehs1,3647,slstatehs,26,218,348063,26,FALSE,TRUE,TRUE,237.00175,12,3.850576923076923,52,0.12113723253701636,1.0342581858572777,475.60052399191153,391.54222419454715,1910.2748692783919,3771.939603821492,12.51452404887306,,,,,,,,,,,,TRUE,TRUE,FALSE,approved_gate1_design; model_choice_pending_gate2
49,2016,Utah,7880000,7880000,FALSE,TRUE,22662,20987,TRUE,FALSE,Utah,456922,358602,2016,,TRUE,legacy_parsed_archive; HTML footnotes verified; 2023 original reconciled,10599.8,162528.2,126540.6,SMU49000002023700001,9.058333333333334,12,11.98,18.54,5.28,11.37,2027,nrstatehs1,2977,slstatehs,22,204,315924,22,FALSE,TRUE,TRUE,240.00541666666663,12,3.6540384615384616,52,1.2673605433996429,1.0213144495002715,466.6610408945631,366.24540421969635,2070.2043891370504,3040.453116162308,11.612345290818086,8130000,18297,475.60052399191153,9654.3,9.35,12.51452404887306,26,348063,1910.2748692783919,3771.939603821492,2015,TRUE,TRUE,TRUE,approved_gate1_design; model_choice_pending_gate2
49,2017,Utah,9970000,9970000,FALSE,TRUE,24679,22384,TRUE,FALSE,Utah,563953,435632,2017,,TRUE,legacy_parsed_archive; HTML footnotes verified; 2023 original reconciled,11447.2,172075,134546.7,SMU49000002023700001,9.616666666666667,12,14.78,17.97,5.28,11.66,2482,nrstatehs1,3371,slstatehs,25,198,305439,25,FALSE,TRUE,TRUE,245.121,12,3.989807692307693,52,2.1314449500271726,1,563.953,435.632,2482,3371,11.66,7880000,22662,466.6610408945631,10599.8,9.058333333333334,11.612345290818086,22,315924,2070.2043891370504,3040.453116162308,2016,TRUE,TRUE,TRUE,approved_gate1_design; model_choice_pending_gate2
49,2018,Utah,10100000,10100000,FALSE,TRUE,25574,23200,TRUE,FALSE,Utah,880398,657978,2018,,TRUE,legacy_parsed_archive; HTML footnotes verified; 2023 original reconciled,12156.1,182106,144645.5,SMU49000002023700001,10.333333333333334,12,18.5,17.29,5.09,12.66,2081,nrstatehs1,3789,slstatehs,27,226,369374,27,FALSE,TRUE,TRUE,251.0995,12,4.544615384615384,52,2.438999514525486,0.9761907132431566,859.4363515578486,642.3120131183057,2031.452874259009,3698.7866124783204,12.358574429658363,9970000,24679,563.953,11447.2,9.616666666666667,11.66,25,305439,2482,3371,2017,TRUE,TRUE,TRUE,approved_gate1_design; model_choice_pending_gate2
49,2019,Utah,10800000,10800000,FALSE,TRUE,28779,27597,TRUE,FALSE,Utah,938924,659566,2019,,TRUE,legacy_parsed_archive; HTML footnotes verified; 2023 original reconciled,12894.3,192760.6,155711.5,SMU49000002023700001,10.991666666666667,12,16.61,17.52,4.77,12.36,2407,nrstatehs1,4490,slstatehs,24,197,319805,24,FALSE,TRUE,TRUE,255.65258333333333,12,3.935769230769231,52,1.8132586219141489,0.958805097151701,900.2451170380638,632.3952427079589,2307.8438688441443,4305.034886211138,11.850831000795024,10100000,25574,859.4363515578486,12156.1,10.333333333333334,12.358574429658363,27,369374,2031.452874259009,3698.7866124783204,2018,TRUE,TRUE,TRUE,approved_gate1_design; model_choice_pending_gate2
49,2020,Utah,12300000,12300000,FALSE,TRUE,31775,29035,TRUE,FALSE,Utah,1160963,850133,2020,,TRUE,legacy_parsed_archive; HTML footnotes verified; 2023 original reconciled,14271,195323.2,169991.6,SMU49000002023700001,12.191666666666666,12,11.68,17.3,4.86,11.67,2855,nrstatehs1,5373,slstatehs,24,210,336187,24,FALSE,TRUE,TRUE,258.85575,12,3.111698113207547,53,1.2529373358571627,0.9469405257561404,1099.362913603426,805.0253899826449,2703.515201033781,5087.911444887743,11.050795935574158,10800000,28779,900.2451170380638,12894.3,10.991666666666667,11.850831000795024,24,319805,2307.8438688441443,4305.034886211138,2019,TRUE,TRUE,TRUE,approved_gate1_design; model_choice_pending_gate2
49,2021,Utah,13200000,13200000,FALSE,TRUE,39058,33562,TRUE,FALSE,Utah,1256642,1052679,2021,,TRUE,legacy_parsed_archive; HTML footnotes verified; 2023 original reconciled,15266.1,211289.5,194799.1,SMU49000002023700001,12.483333333333334,12,18.75,18.14,5.18,13.5,3270,nrstatehs1,5103,slstatehs,22,225,363125,22,FALSE,TRUE,TRUE,270.97341666666665,12,2.957692307692308,52,4.681242996018686,0.9045942698561144,1136.7511524605272,952.2473913978647,2958.023262429494,4616.144559075751,12.212022643057544,12300000,31775,1099.362913603426,14271,12.191666666666666,11.050795935574158,24,336187,2703.515201033781,5087.911444887743,2020,TRUE,TRUE,TRUE,approved_gate1_design; model_choice_pending_gate2
49,2022,Utah,13400000,13400000,FALSE,TRUE,31749,27097,TRUE,FALSE,Utah,1175592,974846,2022,,TRUE,legacy_parsed_archive; HTML footnotes verified; 2023 original reconciled,15033.5,217848.8,206055.7,SMU49000002023700001,12.833333333333334,12,29.41,20.04,7.62,17.51,3563,nrstate,5351,slstate,23,233,409180,23,FALSE,TRUE,TRUE,292.62641666666667,12,5.344038461538461,52,7.990820747791694,0.8376584820748412,984.7446102593268,816.5880206167307,2984.577171632659,4482.310537582475,14.66740002113047,13200000,39058,1136.7511524605272,15266.1,12.483333333333334,12.212022643057544,22,363125,2958.023262429494,4616.144559075751,2021,TRUE,TRUE,TRUE,approved_gate1_design; model_choice_pending_gate2
49,2023,Utah,12100000,12100000,FALSE,TRUE,25361,21143,TRUE,TRUE,Utah,911022,631448,2023,,TRUE,legacy_parsed_archive; HTML footnotes verified; 2023 original reconciled,15018,226322.1,222237.8,SMU49000002023700001,12.975,12,23.93,20.48,9.54,17.22,4758,nrstate,9235,slstate,22,250,414084,22,FALSE,TRUE,TRUE,304.70300000000003,12,6.80673076923077,52,4.126962791295052,0.8044587680462614,732.8796357830412,507.97388016527566,3827.6148183641117,7429.176722907224,13.85277998575662,13400000,31749,984.7446102593268,15033.5,12.833333333333334,14.66740002113047,23,409180,2984.577171632659,4482.310537582475,2022,TRUE,TRUE,TRUE,approved_gate1_design; model_choice_pending_gate2
50,2015,Vermont,4820000,4820000,FALSE,TRUE,1998,1538,TRUE,FALSE,Vermont,203602,187230,2015,,TRUE,legacy_parsed_archive; HTML footnotes verified; 2023 original reconciled,1170.5,32042.9,30598,,,,15.61,30.1,5.37,18.95,440,nrstatehs1,279,slstatehs,101,384,599623,101,FALSE,TRUE,TRUE,237.00175,12,3.850576923076923,52,0.12113723253701636,1.0342581858572777,210.57703515691347,193.64416013805808,455.07360177720216,288.55803385418045,19.59919262199541,,,,,,,,,,,,TRUE,TRUE,FALSE,approved_gate1_design; model_choice_pending_gate2
50,2016,Vermont,4800000,4800000,FALSE,TRUE,1771,1389,TRUE,FALSE,Vermont,183444,165119,2016,,TRUE,legacy_parsed_archive; HTML footnotes verified; 2023 original reconciled,1196.9,32312.7,31073.3,,,,12.79,29.97,5.08,17.33,542,nrstatehs1,253,slstatehs,100,384,607159,100,FALSE,TRUE,TRUE,240.00541666666663,12,3.6540384615384616,52,1.2673605433996429,1.0213144495002715,187.3540078741278,168.63842058703534,553.5524316291471,258.3925557235687,17.699379409839704,4820000,1998,210.57703515691347,1170.5,,19.59919262199541,101,599623,455.07360177720216,288.55803385418045,2015,TRUE,TRUE,TRUE,approved_gate1_design; model_choice_pending_gate2
50,2017,Vermont,4630000,4630000,FALSE,TRUE,1749,1366,TRUE,FALSE,Vermont,180091,161495,2017,,TRUE,legacy_parsed_archive; HTML footnotes verified; 2023 original reconciled,1195.4,32589.2,31960.2,,,,13.92,29.94,4.78,17.35,605,nrstatehs1,519,slstatehs,101,368,566679,101,FALSE,TRUE,TRUE,245.121,12,3.989807692307693,52,2.1314449500271726,1,180.091,161.495,605,519,17.35,4800000,1771,187.3540078741278,1196.9,,17.699379409839704,100,607159,553.5524316291471,258.3925557235687,2016,TRUE,TRUE,TRUE,approved_gate1_design; model_choice_pending_gate2
50,2018,Vermont,5080000,5080000,FALSE,TRUE,2080,1659,TRUE,FALSE,Vermont,209814,190244,2018,,TRUE,legacy_parsed_archive; HTML footnotes verified; 2023 original reconciled,1162.8,32827.8,33117.1,,,,18.18,31.23,4.4,19.73,447,nrstatehs1,615,slstatehs,103,410,602823,103,FALSE,TRUE,TRUE,251.0995,12,4.544615384615384,52,2.438999514525486,0.9761907132431566,204.81847830839968,185.71442605023108,436.357248819691,600.3572886445413,19.26024277228748,4630000,1749,180.091,1195.4,,17.35,101,566679,605,519,2017,TRUE,TRUE,TRUE,approved_gate1_design; model_choice_pending_gate2
50,2019,Vermont,5400000,5400000,FALSE,TRUE,1801,1364,TRUE,FALSE,Vermont,194913,171379,2019,,TRUE,legacy_parsed_archive; HTML footnotes verified; 2023 original reconciled,1147.5,33339.4,34838,,,,16.67,32.37,3.99,19.77,382,nrstatehs1,192,slstatehs,106,415,624591,106,FALSE,TRUE,TRUE,255.65258333333333,12,3.935769230769231,52,1.8132586219141489,0.958805097151701,186.8835779011295,164.31905874476135,366.2635471119498,184.0905786531266,18.955576770689127,5080000,2080,204.81847830839968,1162.8,,19.26024277228748,103,602823,436.357248819691,600.3572886445413,2018,TRUE,TRUE,TRUE,approved_gate1_design; model_choice_pending_gate2
50,2020,Vermont,5230000,5230000,FALSE,TRUE,2077,1459,TRUE,FALSE,Vermont,216302,191806,2020,,TRUE,legacy_parsed_archive; HTML footnotes verified; 2023 original reconciled,1086.4,32408.7,37392.8,,,,11.95,32.83,3.35,17.77,286,nrstatehs1,339,slstatehs,99,410,611034,99,FALSE,TRUE,TRUE,258.85575,12,3.111698113207547,53,1.2529373358571627,0.9469405257561404,204.82512960210468,181.62887448318227,270.82499036625615,321.0128382313316,16.827133142686616,5400000,1801,186.8835779011295,1147.5,,18.955576770689127,106,624591,366.2635471119498,184.0905786531266,2019,TRUE,TRUE,TRUE,approved_gate1_design; model_choice_pending_gate2
50,2021,Vermont,5320000,5320000,FALSE,TRUE,2319,1594,TRUE,FALSE,Vermont,226002,206748,2021,,TRUE,legacy_parsed_archive; HTML footnotes verified; 2023 original reconciled,1138.7,33584.3,39552.8,,,,16.36,33.34,4.95,20.44,316,nrstatehs1,819,slstatehs,94,371,581975,94,FALSE,TRUE,TRUE,270.97341666666665,12,2.957692307692308,52,4.681242996018686,0.9045942698561144,204.44011417602155,187.02305610421192,285.8517892745321,740.8627070121577,18.489906875858978,5230000,2077,204.82512960210468,1086.4,,16.827133142686616,99,611034,270.82499036625615,321.0128382313316,2020,TRUE,TRUE,TRUE,approved_gate1_design; model_choice_pending_gate2
50,2022,Vermont,5400000,5400000,FALSE,TRUE,2403,1797,TRUE,FALSE,Vermont,228791,208782,2022,,TRUE,legacy_parsed_archive; HTML footnotes verified; 2023 original reconciled,1067.1,34915.9,41336.5,,,,27.87,34.83,6.42,25.18,434,nrstate,667,slstate,94,390,615336,94,FALSE,TRUE,TRUE,292.62641666666667,12,5.344038461538461,52,7.990820747791694,0.8376584820748412,191.648721772385,174.8880132045495,363.5437812204811,558.7182075439191,21.0922405786445,5320000,2319,204.44011417602155,1138.7,,18.489906875858978,94,581975,285.8517892745321,740.8627070121577,2021,TRUE,TRUE,TRUE,approved_gate1_design; model_choice_pending_gate2
50,2023,Vermont,5630000,5630000,FALSE,TRUE,2456,1910,TRUE,TRUE,Vermont,278480,258972,2023,,TRUE,legacy_parsed_archive; HTML footnotes verified; 2023 original reconciled,1095.3,35499.4,44058.6,,,,23.95,33.03,5.49,23.08,452,nrstate,597,slstate,95,428,680500,95,FALSE,TRUE,TRUE,304.70300000000003,12,6.80673076923077,52,4.126962791295052,0.8044587680462614,224.02567772552288,208.3322960784764,363.6153631569101,480.26188452361805,18.56690836650771,5400000,2403,191.648721772385,1067.1,,21.0922405786445,94,615336,363.5437812204811,558.7182075439191,2022,TRUE,TRUE,TRUE,approved_gate1_design; model_choice_pending_gate2
51,2015,Virginia,48500000,48500000,FALSE,TRUE,28469,27536,TRUE,FALSE,Virginia,1833512,1402387,2015,,TRUE,legacy_parsed_archive; HTML footnotes verified; 2023 original reconciled,21812.4,498943.6,433088.2,SMU51000002023700001,29.541666666666668,12,15.31,20.37,4.79,9.6,4023,nrstatehs1,6321,slstatehs,97,696,1496942,97,FALSE,TRUE,TRUE,237.00175,12,3.850576923076923,52,0.12113723253701636,1.0342581858572777,1896.324794867549,1450.4302344898301,4160.820681703828,6537.545992803853,9.928878584229865,,,,,,,,,,,,TRUE,TRUE,FALSE,approved_gate1_design; model_choice_pending_gate2
51,2016,Virginia,50000000,50000000,FALSE,TRUE,31132,29697,TRUE,FALSE,Virginia,2014981,1605020,2016,,TRUE,legacy_parsed_archive; HTML footnotes verified; 2023 original reconciled,22406.8,505107.7,444691.4,SMU51000002023700001,29.458333333333332,12,12.82,19.21,4.21,8.66,5386,nrstatehs1,5959,slstatehs,96,729,1565750,96,FALSE,TRUE,TRUE,240.00541666666663,12,3.6540384615384616,52,1.2673605433996429,1.0213144495002715,2057.9292107685064,1639.2301177369256,5500.7996250084625,6086.012804572118,8.844583132672351,48500000,28469,1896.324794867549,21812.4,29.541666666666668,9.928878584229865,97,1496942,4160.820681703828,6537.545992803853,2015,TRUE,TRUE,TRUE,approved_gate1_design; model_choice_pending_gate2
51,2017,Virginia,51000000,51000000,FALSE,TRUE,33760,31858,TRUE,FALSE,Virginia,1887760,1480545,2017,,TRUE,legacy_parsed_archive; HTML footnotes verified; 2023 original reconciled,23295.5,515167.2,462372.2,SMU51000002023700001,29.958333333333332,12,14.56,19.08,4.78,9.02,6838,nrstatehs1,6118,slstatehs,98,729,1539535,98,FALSE,TRUE,TRUE,245.121,12,3.989807692307693,52,2.1314449500271726,1,1887.76,1480.545,6838,6118,9.02,50000000,31132,2057.9292107685064,22406.8,29.458333333333332,8.844583132672351,96,1565750,5500.7996250084625,6086.012804572118,2016,TRUE,TRUE,TRUE,approved_gate1_design; model_choice_pending_gate2
51,2018,Virginia,49500000,49500000,FALSE,TRUE,31977,30411,TRUE,FALSE,Virginia,2553033,2230230,2018,,TRUE,legacy_parsed_archive; HTML footnotes verified; 2023 original reconciled,23424.5,527767.5,479766.6,SMU51000002023700001,30.725,12,17.59,20.11,4.8,9.66,7256,nrstatehs1,7339,slstatehs,97,747,1538585,97,FALSE,TRUE,TRUE,251.0995,12,4.544615384615384,52,2.438999514525486,0.9761907132431566,2492.2471052033156,2177.1298143962854,7083.239815292344,7164.263644491527,9.430002289928893,51000000,33760,1887.76,23295.5,29.958333333333332,9.02,98,1539535,6838,6118,2017,TRUE,TRUE,TRUE,approved_gate1_design; model_choice_pending_gate2
51,2019,Virginia,51400000,51400000,FALSE,TRUE,32418,31091,TRUE,FALSE,Virginia,1530009,1241013,2019,,TRUE,legacy_parsed_archive; HTML footnotes verified; 2023 original reconciled,24028.6,541028,501770.8,SMU51000002023700001,29.7,12,16.27,20.09,4.41,9.45,8251,nrstatehs1,7812,slstatehs,97,756,1528503,97,FALSE,TRUE,TRUE,255.65258333333333,12,3.935769230769231,52,1.8132586219141489,0.958805097151701,1466.980427887977,1189.889590031524,7911.100856598685,7490.185418949089,9.060708168083574,49500000,31977,2492.2471052033156,23424.5,30.725,9.430002289928893,97,1538585,7083.239815292344,7164.263644491527,2018,TRUE,TRUE,TRUE,approved_gate1_design; model_choice_pending_gate2
51,2020,Virginia,53100000,53100000,FALSE,TRUE,33813,29613,TRUE,FALSE,Virginia,1792628,1485616,2020,,TRUE,legacy_parsed_archive; HTML footnotes verified; 2023 original reconciled,24451.1,535224.4,530771.6,SMU51000002023700001,30.15833333333333,12,11.57,18.39,3.54,8.1,9550,nrstatehs1,7877,slstatehs,92,702,1434480,92,FALSE,TRUE,TRUE,258.85575,12,3.111698113207547,53,1.2529373358571627,0.9469405257561404,1697.5121008051783,1406.7899961117344,9043.28202097114,7459.050521381118,7.670218258624737,51400000,32418,1466.980427887977,24028.6,29.7,9.060708168083574,97,1528503,7911.100856598685,7490.185418949089,2019,TRUE,TRUE,TRUE,approved_gate1_design; model_choice_pending_gate2
51,2021,Virginia,54700000,54700000,FALSE,TRUE,39388,35958,TRUE,FALSE,Virginia,2249323,1939337,2021,,TRUE,legacy_parsed_archive; HTML footnotes verified; 2023 original reconciled,25055.9,565790.7,582077.9,SMU51000002023700001,31.075,12,15.96,19.03,4.86,9.59,9147,nrstatehs1,8968,slstatehs,93,698,1447986,93,FALSE,TRUE,TRUE,270.97341666666665,12,2.957692307692308,52,4.681242996018686,0.9045942698561144,2034.7246968555646,1754.3131375199473,8274.323786373878,8112.401412069634,8.675059047920136,53100000,33813,1697.5121008051783,24451.1,30.15833333333333,7.670218258624737,92,1434480,9043.28202097114,7459.050521381118,2020,TRUE,TRUE,TRUE,approved_gate1_design; model_choice_pending_gate2
51,2022,Virginia,50800000,50800000,FALSE,TRUE,39701,37173,TRUE,FALSE,Virginia,2069884,1744720,2022,,TRUE,legacy_parsed_archive; HTML footnotes verified; 2023 original reconciled,23703,579301.8,604039.5,SMU51000002023700001,31.8,12,27.5,23.42,7.13,12.78,12468,nrstate,9026,slstate,92,712,1465460,92,FALSE,TRUE,TRUE,292.62641666666667,12,5.344038461538461,52,7.990820747791694,0.8376584820748412,1733.8558895110004,1461.479506845617,10443.925954509119,7560.7054592075165,10.70527540091647,54700000,39388,2034.7246968555646,25055.9,31.075,8.675059047920136,93,1447986,8274.323786373878,8112.401412069634,2021,TRUE,TRUE,TRUE,approved_gate1_design; model_choice_pending_gate2
51,2023,Virginia,52000000,52000000,FALSE,TRUE,36096,34555,TRUE,TRUE,Virginia,2471744,2171713,2023,,TRUE,legacy_parsed_archive; HTML footnotes verified; 2023 original reconciled,23706.8,599261,645405.9,SMU51000002023700001,33.6,12,23.68,26.13,4.77,11.7,15522,nrstate,10751,slstate,95,719,1507755,95,FALSE,TRUE,TRUE,304.70300000000003,12,6.80673076923077,52,4.126962791295052,0.8044587680462614,1988.4161331657383,1747.0535645300506,12486.808997614069,8648.736215265357,9.412167586141258,50800000,39701,1733.8558895110004,23703,31.8,10.70527540091647,92,1465460,10443.925954509119,7560.7054592075165,2022,TRUE,TRUE,TRUE,approved_gate1_design; model_choice_pending_gate2
53,2015,Washington,14200000,14200000,FALSE,TRUE,40374,39679,TRUE,FALSE,Washington,2363603,2116077,2015,,TRUE,legacy_parsed_archive; HTML footnotes verified; 2023 original reconciled,19294.5,476715.4,376360.8,SMU53000002023700001,19.316666666666663,12,16.01,12.75,8.41,9.56,6824,nrstatehs1,7828,slstatehs,79,392,563667,79,FALSE,TRUE,TRUE,237.00175,12,3.850576923076923,52,0.12113723253701636,1.0342581858572777,2444.5757508668194,2188.5699591543107,7057.777860290063,8096.17307889077,9.887508256795575,,,,,,,,,,,,TRUE,TRUE,FALSE,approved_gate1_design; model_choice_pending_gate2
53,2016,Washington,15500000,15500000,FALSE,TRUE,44077,43528,TRUE,FALSE,Washington,1930114,1479023,2016,,TRUE,legacy_parsed_archive; HTML footnotes verified; 2023 original reconciled,21198.2,495724.9,397270.6,SMU53000002023700001,19.708333333333332,12,13.08,12.99,6.92,8.9,7069,nrstatehs1,9688,slstatehs,84,444,608745,84,FALSE,TRUE,TRUE,240.00541666666663,12,3.6540384615384616,52,1.2673605433996429,1.0213144495002715,1971.2533173827671,1510.54756104324,7219.671843517419,9894.49438675863,9.089698600552417,14200000,40374,2444.5757508668194,19294.5,19.316666666666663,9.887508256795575,79,563667,7057.777860290063,8096.17307889077,2015,TRUE,TRUE,TRUE,approved_gate1_design; model_choice_pending_gate2
53,2017,Washington,15800000,15800000,FALSE,TRUE,45794,44848,TRUE,FALSE,Washington,2095538,1655980,2017,,TRUE,legacy_parsed_archive; HTML footnotes verified; 2023 original reconciled,22953.2,527169.4,423017.2,SMU53000002023700001,20.283333333333335,12,19.5,13.49,6.84,9.75,7744,nrstatehs1,11013,slstatehs,85,427,646527,85,FALSE,TRUE,TRUE,245.121,12,3.989807692307693,52,2.1314449500271726,1,2095.538,1655.98,7744,11013,9.75,15500000,44077,1971.2533173827671,21198.2,19.708333333333332,9.089698600552417,84,608745,7219.671843517419,9894.49438675863,2016,TRUE,TRUE,TRUE,approved_gate1_design; model_choice_pending_gate2
53,2018,Washington,15700000,15700000,FALSE,TRUE,47746,45941,TRUE,FALSE,Washington,1749709,1282480,2018,,TRUE,legacy_parsed_archive; HTML footnotes verified; 2023 original reconciled,24997.8,561785.7,451609.2,SMU53000002023700001,20.916666666666668,12,19.98,13.82,6.6,10.31,8229,nrstatehs1,10728,slstatehs,85,379,590884,85,FALSE,TRUE,TRUE,251.0995,12,4.544615384615384,52,2.438999514525486,0.9761907132431566,1708.0496766779704,1251.9450659200836,8033.0733792779365,10472.573971672584,10.064526253536945,15800000,45794,2095.538,22953.2,20.283333333333335,9.75,85,646527,7744,11013,2017,TRUE,TRUE,TRUE,approved_gate1_design; model_choice_pending_gate2
53,2019,Washington,15400000,15400000,FALSE,TRUE,48424,47062,TRUE,FALSE,Washington,1807166,1331915,2019,,TRUE,legacy_parsed_archive; HTML footnotes verified; 2023 original reconciled,25133.2,588794.4,484540.9,SMU53000002023700001,21.708333333333332,12,17.72,14.08,6.32,10.18,7297,nrstatehs1,13050,slstatehs,83,388,629159,83,FALSE,TRUE,TRUE,255.65258333333333,12,3.935769230769231,52,1.8132586219141489,0.958805097151701,1732.7199721992508,1277.046890972808,6996.400793915963,12512.406517829699,9.760635889004316,15700000,47746,1708.0496766779704,24997.8,20.916666666666668,10.064526253536945,85,590884,8033.0733792779365,10472.573971672584,2018,TRUE,TRUE,TRUE,approved_gate1_design; model_choice_pending_gate2
53,2020,Washington,15200000,15200000,FALSE,TRUE,43881,41360,TRUE,FALSE,Washington,1801997,1317082,2020,,TRUE,legacy_parsed_archive; HTML footnotes verified; 2023 original reconciled,24715.4,587167.8,522862.2,SMU53000002023700001,21.266666666666666,12,12.36,14.89,7.12,10,6620,nrstatehs1,12730,slstatehs,83,373,595175,83,FALSE,TRUE,TRUE,258.85575,12,3.111698113207547,53,1.2529373358571627,0.9469405257561404,1706.383986590988,1247.198321543949,6268.746280505649,12054.552892875667,9.469405257561403,15400000,48424,1732.7199721992508,25133.2,21.708333333333332,9.760635889004316,83,629159,6996.400793915963,12512.406517829699,2019,TRUE,TRUE,TRUE,approved_gate1_design; model_choice_pending_gate2
53,2021,Washington,16700000,16700000,FALSE,TRUE,56941,53649,TRUE,FALSE,Washington,1798184,1400618,2021,,TRUE,legacy_parsed_archive; HTML footnotes verified; 2023 original reconciled,25835.8,626122.2,572644.9,SMU53000002023700001,21.716666666666665,12,18.66,17.03,7.56,11.87,8626,nrstatehs1,12648,slstatehs,85,393,629809,85,FALSE,TRUE,TRUE,270.97341666666665,12,2.957692307692308,52,4.681242996018686,0.9045942698561144,1626.626942546947,1266.9910170573312,7803.0301717788425,11441.308325140135,10.737533983192076,15200000,43881,1706.383986590988,24715.4,21.266666666666666,9.469405257561403,83,595175,6268.746280505649,12054.552892875667,2020,TRUE,TRUE,TRUE,approved_gate1_design; model_choice_pending_gate2
53,2022,Washington,16700000,16700000,FALSE,TRUE,49030,46573,TRUE,FALSE,Washington,1748297,1268780,2022,,TRUE,legacy_parsed_archive; HTML footnotes verified; 2023 original reconciled,24036.8,643017.6,592733,SMU53000002023700001,21.591666666666665,12,29.29,18.08,8.82,14.6,9896,nrstate,12451,slstate,82,386,632780,82,FALSE,TRUE,TRUE,292.62641666666667,12,5.344038461538461,52,7.990820747791694,0.8376584820748412,1464.4758112359987,1062.804328886917,8289.468338612629,10429.685760313847,12.229813838292682,16700000,56941,1626.626942546947,25835.8,21.716666666666665,10.737533983192076,85,629809,7803.0301717788425,11441.308325140135,2021,TRUE,TRUE,TRUE,approved_gate1_design; model_choice_pending_gate2
53,2023,Washington,16000000,16000000,FALSE,TRUE,37097,34348,TRUE,TRUE,Washington,2167506,1624065,2023,,TRUE,legacy_parsed_archive; HTML footnotes verified; 2023 original reconciled,23113.5,670977.8,637129.4,SMU53000002023700001,20.933333333333337,12,24.72,18.6,10.45,14.29,11494,nrstate,12491,slstate,82,411,660430,82,FALSE,TRUE,TRUE,304.70300000000003,12,6.80673076923077,52,4.126962791295052,0.8044587680462614,1743.6692064928798,1306.4933291270515,9246.449079923728,10048.49447166585,11.495715795381074,16700000,49030,1464.4758112359987,24036.8,21.591666666666665,12.229813838292682,82,632780,8289.468338612629,10429.685760313847,2022,TRUE,TRUE,TRUE,approved_gate1_design; model_choice_pending_gate2
54,2015,West Virginia,15000000,15000000,FALSE,TRUE,2814,2421,TRUE,FALSE,West Virginia,654041,501198,2015,,TRUE,legacy_parsed_archive; HTML footnotes verified; 2023 original reconciled,3650.9,74261.4,68437.8,,,,15.41,17.85,2.84,11.38,494,nrstatehs1,1448,slstatehs,24,198,390445,24,FALSE,TRUE,TRUE,237.00175,12,3.850576923076923,52,0.12113723253701636,1.0342581858572777,676.4472581362799,518.3681342352959,510.9235438134952,1497.605853121338,11.769858155055822,,,,,,,,,,,,TRUE,TRUE,FALSE,approved_gate1_design; model_choice_pending_gate2
54,2016,West Virginia,14300000,14300000,FALSE,TRUE,2544,2146,TRUE,FALSE,West Virginia,830046,650847,2016,,TRUE,legacy_parsed_archive; HTML footnotes verified; 2023 original reconciled,3243.8,73513.3,68067.9,,,,12.91,19.25,2.21,10.84,321,nrstatehs1,1340,slstatehs,24,206,388832,24,FALSE,TRUE,TRUE,240.00541666666663,12,3.6540384615384616,52,1.2673605433996429,1.0213144495002715,847.7379735499024,664.7194455139032,327.8419382895872,1368.5613623303639,11.071048632582944,15000000,2814,676.4472581362799,3650.9,,11.769858155055822,24,390445,510.9235438134952,1497.605853121338,2015,TRUE,TRUE,TRUE,approved_gate1_design; model_choice_pending_gate2
54,2017,West Virginia,13400000,13400000,FALSE,TRUE,2719,2294,TRUE,FALSE,West Virginia,817454,615915,2017,,TRUE,legacy_parsed_archive; HTML footnotes verified; 2023 original reconciled,3454.4,75172.4,70797.6,,,,14.66,19.47,2.96,11.98,286,nrstatehs1,1504,slstatehs,24,188,364545,24,FALSE,TRUE,TRUE,245.121,12,3.989807692307693,52,2.1314449500271726,1,817.454,615.915,286,1504,11.98,14300000,2544,847.7379735499024,3243.8,,11.071048632582944,24,388832,327.8419382895872,1368.5613623303639,2016,TRUE,TRUE,TRUE,approved_gate1_design; model_choice_pending_gate2
54,2018,West Virginia,15600000,15600000,FALSE,TRUE,2887,2505,TRUE,FALSE,West Virginia,1877397,1696385,2018,,TRUE,legacy_parsed_archive; HTML footnotes verified; 2023 original reconciled,4766.9,77406.5,74235,,,,17.71,18.75,3.24,12.83,498,nrstatehs1,1134,slstatehs,25,195,378749,25,FALSE,TRUE,TRUE,251.0995,12,4.544615384615384,52,2.438999514525486,0.9761907132431566,1832.6975164705625,1655.9952830849923,486.142975195092,1107.0002688177397,12.5245268509097,13400000,2719,817.454,3454.4,,11.98,24,364545,286,1504,2017,TRUE,TRUE,TRUE,approved_gate1_design; model_choice_pending_gate2
54,2019,West Virginia,16900000,16900000,FALSE,TRUE,3010,2742,TRUE,FALSE,West Virginia,910892,746030,2019,,TRUE,legacy_parsed_archive; HTML footnotes verified; 2023 original reconciled,3808.1,77162.2,76725,,,,16.38,17.66,2.8,11.85,602,nrstatehs1,1899,slstatehs,24,221,411716,24,FALSE,TRUE,TRUE,255.65258333333333,12,3.935769230769231,52,1.8132586219141489,0.958805097151701,873.3678925547073,715.2973666280835,577.2006684853241,1820.7708794910802,11.361840401247656,15600000,2887,1832.6975164705625,4766.9,,12.5245268509097,25,378749,486.142975195092,1107.0002688177397,2018,TRUE,TRUE,TRUE,approved_gate1_design; model_choice_pending_gate2
54,2020,West Virginia,13600000,13600000,FALSE,TRUE,3204,2916,TRUE,FALSE,West Virginia,1393312,1222107,2020,,TRUE,legacy_parsed_archive; HTML footnotes verified; 2023 original reconciled,3004.3,74729.6,80440.3,,,,11.64,17.86,2.16,10.79,477,nrstatehs1,2082,slstatehs,29,272,475768,29,FALSE,TRUE,TRUE,258.85575,12,3.111698113207547,53,1.2529373358571627,0.9469405257561404,1319.3835978223394,1157.2626451102594,451.690630785679,1971.5301746242844,10.217488272908755,16900000,3010,873.3678925547073,3808.1,,11.361840401247656,24,411716,577.2006684853241,1820.7708794910802,2019,TRUE,TRUE,TRUE,approved_gate1_design; model_choice_pending_gate2
54,2021,West Virginia,14200000,14200000,FALSE,TRUE,3692,3512,TRUE,FALSE,West Virginia,770440,626154,2021,,TRUE,legacy_parsed_archive; HTML footnotes verified; 2023 original reconciled,2991,76230.8,87322.5,,,,16.06,17.79,3.46,12.75,595,nrstatehs1,1721,slstatehs,28,256,454378,28,FALSE,TRUE,TRUE,270.97341666666665,12,2.957692307692308,52,4.681242996018686,0.9045942698561144,696.9356092679448,566.4153204474854,538.233590564388,1556.8067384223727,11.533576940665458,13600000,3204,1319.3835978223394,3004.3,,10.217488272908755,29,475768,451.690630785679,1971.5301746242844,2020,TRUE,TRUE,TRUE,approved_gate1_design; model_choice_pending_gate2
54,2022,West Virginia,14000000,14000000,FALSE,TRUE,3406,2837,TRUE,FALSE,West Virginia,1188666,992342,2022,,TRUE,legacy_parsed_archive; HTML footnotes verified; 2023 original reconciled,2627.5,77549.1,88990.1,,,,27.57,19.75,5.54,16.73,949,nrstate,1565,slstate,28,267,444775,28,FALSE,TRUE,TRUE,292.62641666666667,12,5.344038461538461,52,7.990820747791694,0.8376584820748412,995.6961572539731,831.243693419112,794.9378994890243,1310.9355244471265,14.014026405112093,14200000,3692,696.9356092679448,2991,,11.533576940665458,28,454378,538.233590564388,1556.8067384223727,2021,TRUE,TRUE,TRUE,approved_gate1_design; model_choice_pending_gate2
54,2023,West Virginia,14600000,14600000,FALSE,TRUE,4014,3721,TRUE,TRUE,West Virginia,1271908,1092940,2023,,TRUE,legacy_parsed_archive; HTML footnotes verified; 2023 original reconciled,2780.4,80364.9,93771,,,,23.97,21.21,3.92,15.85,1148,nrstate,2416,slstate,28,267,477358,28,FALSE,TRUE,TRUE,304.70300000000003,12,6.80673076923077,52,4.126962791295052,0.8044587680462614,1023.1975427481841,879.2251659484809,923.5186657171081,1943.5723835997676,12.750671473533243,14000000,3406,995.6961572539731,2627.5,,14.014026405112093,28,444775,794.9378994890243,1310.9355244471265,2022,TRUE,TRUE,TRUE,approved_gate1_design; model_choice_pending_gate2
55,2015,Wisconsin,22700000,22700000,FALSE,TRUE,16793,15482,TRUE,FALSE,Wisconsin,1376476,1144880,2015,,TRUE,legacy_parsed_archive; HTML footnotes verified; 2023 original reconciled,12398.5,315687.8,266132,SMU55000002023700001,14.416666666666668,12,14.89,22.21,5.4,11.26,3852,nrstatehs1,4809,slstatehs,192,850,1494949,192,FALSE,TRUE,TRUE,237.00175,12,3.850576923076923,52,0.12113723253701636,1.0342581858572777,1423.6315706360822,1184.1015118242801,3983.9625319222337,4973.747615787648,11.645747172752946,,,,,,,,,,,,TRUE,TRUE,FALSE,approved_gate1_design; model_choice_pending_gate2
55,2016,Wisconsin,24700000,24700000,FALSE,TRUE,19274,17700,TRUE,FALSE,Wisconsin,1553075,1366327,2016,,TRUE,legacy_parsed_archive; HTML footnotes verified; 2023 original reconciled,12804.8,319272.3,270846.6,SMU55000002023700001,13.541666666666666,12,11.99,21.97,4.83,10.38,3739,nrstatehs1,5620,slstatehs,192,825,1447451,192,FALSE,TRUE,TRUE,240.00541666666663,12,3.6540384615384616,52,1.2673605433996429,1.0213144495002715,1586.1779386576343,1395.4495078423574,3818.694726681515,5739.787206191526,10.601243985812818,22700000,16793,1423.6315706360822,12398.5,14.416666666666668,11.645747172752946,192,1494949,3983.9625319222337,4973.747615787648,2015,TRUE,TRUE,TRUE,approved_gate1_design; model_choice_pending_gate2
55,2017,Wisconsin,25300000,25300000,FALSE,TRUE,19545,17741,TRUE,FALSE,Wisconsin,1279547,1104140,2017,,TRUE,legacy_parsed_archive; HTML footnotes verified; 2023 original reconciled,13297.1,321886.8,281979.5,SMU55000002023700001,14.075,12,14.49,21.96,5.13,10.77,4174,nrstatehs1,5762,slstatehs,196,862,1505309,196,FALSE,TRUE,TRUE,245.121,12,3.989807692307693,52,2.1314449500271726,1,1279.547,1104.14,4174,5762,10.77,24700000,19274,1586.1779386576343,12804.8,13.541666666666666,10.601243985812818,192,1447451,3818.694726681515,5739.787206191526,2016,TRUE,TRUE,TRUE,approved_gate1_design; model_choice_pending_gate2
55,2018,Wisconsin,26300000,26300000,FALSE,TRUE,19113,17820,TRUE,FALSE,Wisconsin,973102,830613,2018,,TRUE,legacy_parsed_archive; HTML footnotes verified; 2023 original reconciled,13728.6,328832.4,295996.8,SMU55000002023700001,14.491666666666667,12,17.59,21.49,4.96,10.95,5476,nrstatehs1,5143,slstatehs,197,934,1595261,197,FALSE,TRUE,TRUE,251.0995,12,4.544615384615384,52,2.438999514525486,0.9761907132431566,949.9331354383422,810.8366968990381,5345.620345719526,5020.548838209555,10.689288310012564,25300000,19545,1279.547,13297.1,14.075,10.77,196,1505309,4174,5762,2017,TRUE,TRUE,TRUE,approved_gate1_design; model_choice_pending_gate2
55,2019,Wisconsin,27800000,27800000,FALSE,TRUE,17480,17315,TRUE,FALSE,Wisconsin,1384617,1266099,2019,,TRUE,legacy_parsed_archive; HTML footnotes verified; 2023 original reconciled,13909,333256.8,307947.5,SMU55000002023700001,14.8,12,16.57,21.43,4.82,10.79,6536,nrstatehs1,6062,slstatehs,196,940,1696465,196,FALSE,TRUE,TRUE,255.65258333333333,12,3.935769230769231,52,1.8132586219141489,0.958805097151701,1327.5778372028967,1213.9421746986714,6266.750114983518,5812.276498933612,10.345506998266853,26300000,19113,949.9331354383422,13728.6,14.491666666666667,10.689288310012564,197,1595261,5345.620345719526,5020.548838209555,2018,TRUE,TRUE,TRUE,approved_gate1_design; model_choice_pending_gate2
55,2020,Wisconsin,25100000,25100000,FALSE,TRUE,21226,20300,TRUE,FALSE,Wisconsin,1545692,1419488,2020,,TRUE,legacy_parsed_archive; HTML footnotes verified; 2023 original reconciled,13805.7,324014.4,327298.4,SMU55000002023700001,15.208333333333334,12,12.21,21.36,4.23,9.97,7562,nrstatehs1,6275,slstatehs,196,955,1720296,196,FALSE,TRUE,TRUE,258.85575,12,3.111698113207547,53,1.2529373358571627,0.9469405257561404,1463.67839513706,1344.1707130245322,7160.764255767934,5942.051799119781,9.440997041788721,27800000,17480,1327.5778372028967,13909,14.8,10.345506998266853,196,1696465,6266.750114983518,5812.276498933612,2019,TRUE,TRUE,TRUE,approved_gate1_design; model_choice_pending_gate2
55,2021,Wisconsin,25700000,25700000,FALSE,TRUE,25444,24451,TRUE,FALSE,Wisconsin,1179831,1033733,2021,,TRUE,legacy_parsed_archive; HTML footnotes verified; 2023 original reconciled,14088.5,334848.6,357005.4,SMU55000002023700001,16.075,12,17.26,22.36,6.66,12.56,5903,nrstatehs1,6259,slstatehs,202,1033,1832013,202,FALSE,TRUE,TRUE,270.97341666666665,12,2.957692307692308,52,4.681242996018686,0.9045942698561144,1067.2683619986092,935.1089483611706,5339.819974960643,5661.85553502942,11.361704029392797,25100000,21226,1463.67839513706,13805.7,15.208333333333334,9.440997041788721,196,1720296,7160.764255767934,5942.051799119781,2020,TRUE,TRUE,TRUE,approved_gate1_design; model_choice_pending_gate2
55,2022,Wisconsin,27100000,27100000,FALSE,TRUE,21072,21028,TRUE,FALSE,Wisconsin,1266752,1133093,2022,,TRUE,legacy_parsed_archive; HTML footnotes verified; 2023 original reconciled,13087,341875.2,365050.1,SMU55000002023700001,17.175,12,28.11,24.88,8.14,15.66,6000,nrstate,6737,slstate,198,1082,1960876,198,FALSE,TRUE,TRUE,292.62641666666667,12,5.344038461538461,52,7.990820747791694,0.8376584820748412,1061.1055574852692,949.1449624296281,5025.950892449047,5643.305193738205,13.117731829292012,25700000,25444,1067.2683619986092,14088.5,16.075,11.361704029392797,202,1832013,5339.819974960643,5661.85553502942,2021,TRUE,TRUE,TRUE,approved_gate1_design; model_choice_pending_gate2
55,2023,Wisconsin,27600000,27600000,FALSE,TRUE,21494,21208,TRUE,TRUE,Wisconsin,1518576,1388141,2023,,TRUE,legacy_parsed_archive; HTML footnotes verified; 2023 original reconciled,13173.9,347108.2,384719.8,SMU55000002023700001,17.533333333333335,12,23.4,25.43,6.54,14.47,6879,nrstate,8799,slstate,198,1073,1956222,198,FALSE,TRUE,TRUE,304.70300000000003,12,6.80673076923077,52,4.126962791295052,0.8044587680462614,1221.6317781446194,1116.7021987345054,5533.871865390232,7078.432700039054,11.640518373629403,27100000,21072,1061.1055574852692,13087,17.175,13.117731829292012,198,1960876,5025.950892449047,5643.305193738205,2022,TRUE,TRUE,TRUE,approved_gate1_design; model_choice_pending_gate2
56,2015,Wyoming,18300000,18300000,FALSE,TRUE,1903,1838,TRUE,FALSE,Wyoming,407365,358548,2015,,TRUE,legacy_parsed_archive; HTML footnotes verified; 2023 original reconciled,2414.1,40063.9,32755.6,SMU56000002023700001,6.266666666666667,12,14.62,19.8,4.78,10.64,946,nrstatehs1,1590,slstatehs,8,70,147883,8,FALSE,TRUE,TRUE,237.00175,12,3.850576923076923,52,0.12113723253701636,1.0342581858572777,421.32058588174993,370.83120402275523,978.4082438209847,1644.4705155130716,11.004507097521435,,,,,,,,,,,,TRUE,TRUE,FALSE,approved_gate1_design; model_choice_pending_gate2
56,2016,Wyoming,9950000,9950000,FALSE,TRUE,1727,1670,TRUE,FALSE,Wyoming,313317,263772,2016,,TRUE,legacy_parsed_archive; HTML footnotes verified; 2023 original reconciled,2147.4,37853.5,31090.1,SMU56000002023700001,5.233333333333333,12,11.76,20.29,3.69,9.07,585,nrstatehs1,1472,slstatehs,9,82,162838,9,FALSE,TRUE,TRUE,240.00541666666663,12,3.6540384615384616,52,1.2673605433996429,1.0213144495002715,319.9951793740766,269.3941549735856,597.4689529576589,1503.3748696643997,9.263322056967462,18300000,1903,421.32058588174993,2414.1,6.266666666666667,11.004507097521435,8,147883,978.4082438209847,1644.4705155130716,2015,TRUE,TRUE,TRUE,approved_gate1_design; model_choice_pending_gate2
56,2017,Wyoming,9850000,9850000,FALSE,TRUE,1926,1782,TRUE,FALSE,Wyoming,320608,268571,2017,,TRUE,legacy_parsed_archive; HTML footnotes verified; 2023 original reconciled,1936.4,37620.3,32487.4,SMU56000002023700001,4.583333333333333,12,14.51,20.27,4.04,9.77,474,nrstatehs1,971,slstatehs,10,85,169296,10,FALSE,TRUE,TRUE,245.121,12,3.989807692307693,52,2.1314449500271726,1,320.608,268.571,474,971,9.77,9950000,1727,319.9951793740766,2147.4,5.233333333333333,9.263322056967462,9,162838,597.4689529576589,1503.3748696643997,2016,TRUE,TRUE,TRUE,approved_gate1_design; model_choice_pending_gate2
56,2018,Wyoming,9330000,9330000,FALSE,TRUE,1812,1623,TRUE,FALSE,Wyoming,346583,290601,2018,,TRUE,legacy_parsed_archive; HTML footnotes verified; 2023 original reconciled,1978.7,37977.2,34025.2,SMU56000002023700001,5.666666666666667,12,18.16,19.66,3.69,10.03,351,nrstatehs1,876,slstatehs,10,108,223840,10,FALSE,TRUE,TRUE,251.0995,12,4.544615384615384,52,2.438999514525486,0.9761907132431566,338.33110596795296,283.68199745917457,342.64294034834796,855.1430648010053,9.79119285382886,9850000,1926,320.608,1936.4,4.583333333333333,9.77,10,169296,474,971,2017,TRUE,TRUE,TRUE,approved_gate1_design; model_choice_pending_gate2
56,2019,Wyoming,10900000,10900000,FALSE,TRUE,1708,1538,TRUE,FALSE,Wyoming,374234,322714,2019,,TRUE,legacy_parsed_archive; HTML footnotes verified; 2023 original reconciled,2250.1,38577.1,35585.6,SMU56000002023700001,7.408333333333333,12,16.28,19.71,3.64,9.58,479,nrstatehs1,774,slstatehs,11,114,248726,11,FALSE,TRUE,TRUE,255.65258333333333,12,3.935769230769231,52,1.8132586219141489,0.958805097151701,358.81746672746965,309.419828122214,459.2676415356648,742.1151451954166,9.185352830713295,9330000,1812,338.33110596795296,1978.7,5.666666666666667,9.79119285382886,10,223840,342.64294034834796,855.1430648010053,2018,TRUE,TRUE,TRUE,approved_gate1_design; model_choice_pending_gate2
56,2020,Wyoming,9560000,9560000,FALSE,TRUE,2128,1892,TRUE,FALSE,Wyoming,430059,367188,2020,,TRUE,legacy_parsed_archive; HTML footnotes verified; 2023 original reconciled,2113.3,36463.5,37602.9,SMU56000002023700001,6.116666666666666,12,11.45,20.16,3.87,8.9,676,nrstatehs1,691,slstatehs,12,129,276259,12,FALSE,TRUE,TRUE,258.85575,12,3.111698113207547,53,1.2529373358571627,0.9469405257561404,407.24029556616,347.7051977713457,640.131795411151,654.335903297493,8.42777067922965,10900000,1708,358.81746672746965,2250.1,7.408333333333333,9.185352830713295,11,248726,459.2676415356648,742.1151451954166,2019,TRUE,TRUE,TRUE,approved_gate1_design; model_choice_pending_gate2
56,2021,Wyoming,7440000,7440000,FALSE,TRUE,2706,2489,TRUE,FALSE,Wyoming,384914,324545,2021,,TRUE,legacy_parsed_archive; HTML footnotes verified; 2023 original reconciled,2088.7,37182.6,41420.5,SMU56000002023700001,5.308333333333334,12,18.38,20.01,5.45,11.4,792,nrstatehs1,871,slstatehs,12,129,276790,12,FALSE,TRUE,TRUE,270.97341666666665,12,2.957692307692308,52,4.681242996018686,0.9045942698561144,348.1909987873964,293.58154731045266,716.4386617260426,787.9016090446756,10.312374676359704,9560000,2128,407.24029556616,2113.3,6.116666666666666,8.42777067922965,12,276259,640.131795411151,654.335903297493,2020,TRUE,TRUE,TRUE,approved_gate1_design; model_choice_pending_gate2
56,2022,Wyoming,7160000,7160000,FALSE,TRUE,3005,2818,TRUE,FALSE,Wyoming,443316,379789,2022,,TRUE,legacy_parsed_archive; HTML footnotes verified; 2023 original reconciled,1892.6,37690.6,45259.3,SMU56000002023700001,4.933333333333334,12,28.83,20.19,8.13,14.39,769,nrstate,1325,slstate,9,122,267965,9,FALSE,TRUE,TRUE,292.62641666666667,12,5.344038461538461,52,7.990820747791694,0.8376584820748412,371.34740763949026,318.1334772487218,644.1593727155529,1109.8974887491645,12.053905557056964,7440000,2706,348.1909987873964,2088.7,5.308333333333334,10.312374676359704,12,276790,716.4386617260426,787.9016090446756,2021,TRUE,TRUE,TRUE,approved_gate1_design; model_choice_pending_gate2
56,2023,Wyoming,8510000,8510000,FALSE,TRUE,1681,1542,TRUE,TRUE,Wyoming,555303,499509,2023,,TRUE,legacy_parsed_archive; HTML footnotes verified; 2023 original reconciled,1965.9,39843.2,48583,SMU56000002023700001,5.675,12,23.46,20.68,6.18,12.48,783,nrstate,1383,slstate,10,122,265907,10,FALSE,TRUE,TRUE,304.70300000000003,12,6.80673076923077,52,4.126962791295052,0.8044587680462614,446.7183672723931,401.83439476802,629.8912153802227,1112.5664762079796,10.039645425217342,7160000,3005,371.34740763949026,1892.6,4.933333333333334,12.053905557056964,9,267965,644.1593727155529,1109.8974887491645,2022,TRUE,TRUE,TRUE,approved_gate1_design; model_choice_pending_gate2
